match_id,match_name,match_status,match_type,number_of_games,is_forfeit,begin_at,end_at,duration_minutes,tournament_id,serie_id,league_id,league_name,videogame_version,team_a_id,team_a_name,team_a_score,team_b_id,team_b_name,team_b_score,winner_id,winner_name,team_a_rolling_winrate,team_a_matches_played,team_a_days_rest,team_b_rolling_winrate,team_b_matches_played,team_b_days_rest,h2h_team_a_winrate,team_a_won
912371,NRG vs FUR,finished,best_of,3,False,2024-02-16 22:01:50+00:00,2024-02-17 00:32:31+00:00,150.68333333333334,12846,7187,4531,VCT,8.02,128471,NRG,2,128477,FURIA Esports,0,128471,NRG,,0,,,0,,,1
912372,C9 vs MIBR,finished,best_of,3,False,2024-02-17 01:02:20+00:00,2024-02-17 04:09:59+00:00,187.65,12846,7187,4531,VCT,8.02,128819,Cloud9,2,130190,MIBR,1,128819,Cloud9,,0,,,0,,,1
911955,T1 vs BLD,finished,best_of,3,False,2024-02-17 09:05:43+00:00,2024-02-17 13:15:37+00:00,249.9,12833,7184,4531,VCT,8.02,128647,T1,2,130643,Bleed eSports,0,128647,T1,,0,,,0,,,1
911965,Gen.G vs RRQ,finished,best_of,3,False,2024-02-17 14:06:49+00:00,2024-02-17 16:47:43+00:00,160.9,12835,7184,4531,VCT,8.02,128473,Gen.G Esports,2,130638,Rex Regum Qeon,1,128473,Gen.G Esports,,0,,,0,,,1
912377,LOUD vs SEN,finished,best_of,3,False,2024-02-17 22:08:46+00:00,2024-02-18 00:17:32+00:00,128.76666666666668,12847,7187,4531,VCT,8.02,128472,Sentinels,0,130338,LOUD,2,130338,LOUD,,0,,,0,,,0
912378,LEV vs 100T,finished,best_of,3,False,2024-02-18 00:52:26+00:00,2024-02-18 03:44:57+00:00,172.51666666666668,12847,7187,4531,VCT,8.02,128605,100 Thieves,1,128990,Leviatán Esports,2,128990,Leviatán Esports,,0,,,0,,,0
911957,ZETA vs GE,finished,best_of,3,False,2024-02-18 06:03:41+00:00,2024-02-18 07:45:59+00:00,102.3,12833,7184,4531,VCT,8.02,129326,ZETA DIVISION,2,129660,Global Esports,0,129326,ZETA DIVISION,,0,,,0,,,1
911961,TS vs TLN,finished,best_of,3,False,2024-02-18 08:32:12+00:00,2024-02-18 10:03:43+00:00,91.51666666666667,12834,7184,4531,VCT,8.02,129537,Team Secret,0,132132,Talon Esports,2,132132,Talon Esports,,0,,,0,,,0
911959,DRX vs DFM,finished,best_of,3,False,2024-02-18 11:19:27+00:00,2024-02-18 13:05:24+00:00,105.95,12834,7184,4531,VCT,8.02,130137,Kiwoom DRX,2,131974,DetonatioN FocusMe,0,130137,Kiwoom DRX,,0,,,0,,,1
912383,KRÜ vs G2,finished,best_of,3,False,2024-02-18 22:05:05+00:00,2024-02-19 01:09:39+00:00,184.56666666666666,12848,7187,4531,VCT,8.02,128538,G2 Esports,2,128944,KRÜ Esports,1,128538,G2 Esports,,0,,,0,,,1
911966,Winners match: PR vs Gen.G,finished,best_of,3,False,2024-02-19 06:12:42+00:00,2024-02-19 08:48:11+00:00,155.48333333333332,12835,7184,4531,VCT,8.02,128473,Gen.G Esports,1,128917,Paper Rex,2,128917,Paper Rex,1.0,1,1.0,,0,,,0
922374,Elimination match: BLD vs GE,finished,best_of,3,False,2024-02-19 09:40:06+00:00,2024-02-19 12:36:43+00:00,176.61666666666667,12833,7184,4531,VCT,8.02,129660,Global Esports,2,130643,Bleed eSports,1,129660,Global Esports,0.0,1,1.0,0.0,1,1.0,,1
922376,Winners match: T1 vs ZETA,finished,best_of,3,False,2024-02-19 13:32:54+00:00,2024-02-19 16:10:37+00:00,157.71666666666667,12833,7184,4531,VCT,8.02,128647,T1,2,129326,ZETA DIVISION,1,128647,T1,1.0,1,2.0,1.0,1,1.0,,1
912375,Elimination match: FUR vs MIBR,finished,best_of,3,False,2024-02-19 22:06:47+00:00,2024-02-20 00:17:22+00:00,130.58333333333334,12846,7187,4531,VCT,8.02,128477,FURIA Esports,0,130190,MIBR,2,130190,MIBR,0.0,1,2.0,0.0,1,2.0,,0
912380,Elimination match: SEN vs 100T,finished,best_of,3,False,2024-02-20 00:51:30+00:00,2024-02-20 03:23:00+00:00,151.5,12847,7187,4531,VCT,8.02,128472,Sentinels,2,128605,100 Thieves,1,128472,Sentinels,0.0,1,2.0,0.0,1,1.0,,1
922377,Elimination match: DFM vs TS,finished,best_of,3,False,2024-02-20 07:59:22+00:00,2024-02-20 09:47:49+00:00,108.45,12834,7184,4531,VCT,8.02,129537,Team Secret,2,131974,DetonatioN FocusMe,0,129537,Team Secret,0.0,1,1.0,0.0,1,1.0,,1
922378,Winners match: DRX vs TLN,finished,best_of,3,False,2024-02-20 10:31:20+00:00,2024-02-20 12:18:18+00:00,106.96666666666667,12834,7184,4531,VCT,8.02,130137,Kiwoom DRX,2,132132,Talon Esports,0,130137,Kiwoom DRX,1.0,1,1.0,1.0,1,2.0,,1
911561,FUT vs TH,finished,best_of,3,False,2024-02-20 16:08:46+00:00,2024-02-20 18:12:14+00:00,123.46666666666667,12817,7178,4531,VCT,8.02,128578,FUT Esports,0,128622,Team Heretics,2,128622,Team Heretics,,0,,,0,,,0
911562,GX vs KC,finished,best_of,3,False,2024-02-20 18:46:26+00:00,2024-02-20 21:33:45+00:00,167.31666666666666,12817,7178,4531,VCT,8.02,130922,Karmine Corp,2,134423,GIANTX,1,130922,Karmine Corp,,0,,,0,,,1
922380,Decider match: Gen.G vs RRQ,finished,best_of,3,False,2024-02-21 06:07:50+00:00,2024-02-21 08:59:58+00:00,172.13333333333333,12835,7184,4531,VCT,8.02,128473,Gen.G Esports,2,130638,Rex Regum Qeon,1,128473,Gen.G Esports,0.5,2,2.0,0.0,1,3.0,1.0,1
922379,Decider match: TS vs TLN,finished,best_of,3,False,2024-02-21 09:56:24+00:00,2024-02-21 11:36:54+00:00,100.5,12834,7184,4531,VCT,8.02,129537,Team Secret,2,132132,Talon Esports,0,129537,Team Secret,0.5,2,1.0,0.5,2,0.0,0.0,1
922375,Decider match: ZETA vs GE,finished,best_of,3,False,2024-02-21 12:21:58+00:00,2024-02-21 13:52:57+00:00,90.98333333333333,12833,7184,4531,VCT,8.02,129326,ZETA DIVISION,2,129660,Global Esports,0,129326,ZETA DIVISION,0.5,2,1.0,0.5,2,2.0,1.0,1
911565,NAVI vs BBL,finished,best_of,3,False,2024-02-21 13:07:52+00:00,2024-02-21 15:36:13+00:00,148.35,12818,7178,4531,VCT,8.02,128577,BBL Esports,1,129355,Natus Vincere,2,129355,Natus Vincere,,0,,,0,,,0
911566,TL vs KOI,finished,best_of,3,False,2024-02-21 16:08:32+00:00,2024-02-21 18:00:59+00:00,112.45,12818,7178,4531,VCT,8.02,128541,Team Liquid,2,130412,Movistar KOI,0,128541,Team Liquid,,0,,,0,,,1
911570,VIT vs GM,finished,best_of,3,False,2024-02-21 18:50:14+00:00,2024-02-21 20:50:26+00:00,120.2,12819,7178,4531,VCT,8.02,128796,Team Vitality,2,133115,Gentle Mates,0,128796,Team Vitality,,0,,,0,,,1
911944,Round 1: Gen.G vs TS,finished,best_of,3,False,2024-02-22 06:03:29+00:00,2024-02-22 08:56:50+00:00,173.35,12836,7184,4531,VCT,8.02,128473,Gen.G Esports,2,129537,Team Secret,1,128473,Gen.G Esports,0.6666666666666666,3,0.0,0.6666666666666666,3,0.0,,1
915237,TE vs TYLOO,finished,best_of,3,False,2024-02-22 09:16:24+00:00,2024-02-22 10:41:17+00:00,84.88333333333334,12878,7198,4531,VCT,8.02,133288,TYLOO,0,133380,Trace Esports,2,133380,Trace Esports,,0,,,0,,,0
911945,Round 2: ZETA vs TS,finished,best_of,3,False,2024-02-22 09:40:21+00:00,2024-02-22 11:03:10+00:00,82.81666666666666,12836,7184,4531,VCT,8.02,129326,ZETA DIVISION,0,129537,Team Secret,2,129537,Team Secret,0.6666666666666666,3,0.0,0.5,4,0.0,,0
915238,FPX vs NOVA,finished,best_of,3,False,2024-02-22 11:19:37+00:00,2024-02-22 12:58:14+00:00,98.61666666666666,12878,7198,4531,VCT,,128540,FunPlus Phoenix,2,133287,Nova Esports,0,128540,FunPlus Phoenix,,0,,,0,,,1
911946,Round 3: ZETA vs Gen.G,finished,best_of,3,False,2024-02-22 11:46:01+00:00,2024-02-22 13:17:49+00:00,91.8,12836,7184,4531,VCT,8.02,128473,Gen.G Esports,2,129326,ZETA DIVISION,0,128473,Gen.G Esports,0.75,4,0.0,0.5,4,0.0,,1
923853,Winners' match: TH vs KC,finished,best_of,3,False,2024-02-22 16:08:13+00:00,2024-02-22 17:46:27+00:00,98.23333333333333,12817,7178,4531,VCT,8.02,128622,Team Heretics,2,130922,Karmine Corp,0,128622,Team Heretics,1.0,1,1.0,1.0,1,1.0,,1
923854,Elimination match: FUT vs GX,finished,best_of,3,False,2024-02-22 18:21:39+00:00,2024-02-22 20:50:36+00:00,148.95,12817,7178,4531,VCT,8.02,128578,FUT Esports,2,134423,GIANTX,1,128578,FUT Esports,0.0,1,2.0,0.0,1,1.0,,1
915245,JD Gaming vs TEC,finished,best_of,3,False,2024-02-23 07:11:00+00:00,2024-02-23 09:24:15+00:00,133.25,12879,7198,4531,VCT,,133825,TEC Esports,2,134454,JD Gaming,0,133825,TEC Esports,,0,,,0,,,1
915246,DRG vs AG,finished,best_of,3,False,2024-02-23 10:01:20+00:00,2024-02-23 11:45:45+00:00,104.41666666666667,12879,7198,4531,VCT,,128974,All Gamers,0,133279,Dragon Ranger Gaming,2,133279,Dragon Ranger Gaming,,0,,,0,,,0
915253,BLG vs Wolves Esports,finished,best_of,3,False,2024-02-23 12:18:57+00:00,2024-02-23 14:02:34+00:00,103.61666666666666,12880,7198,4531,VCT,8.02,133379,Bilibili Gaming,0,134335,Wolves Esports,2,134335,Wolves Esports,,0,,,0,,,0
923857,Winners' match: NAVI vs TL,finished,best_of,3,False,2024-02-23 13:09:00+00:00,2024-02-23 14:43:34+00:00,94.56666666666666,12818,7178,4531,VCT,8.02,128541,Team Liquid,0,129355,Natus Vincere,2,129355,Natus Vincere,1.0,1,1.0,1.0,1,1.0,,0
923858,Elimination match: BBL vs KOI,finished,best_of,3,False,2024-02-23 15:09:26+00:00,2024-02-23 16:57:45+00:00,108.31666666666666,12818,7178,4531,VCT,8.02,128577,BBL Esports,0,130412,Movistar KOI,2,130412,Movistar KOI,0.0,1,2.0,0.0,1,1.0,,0
911571,Winners match: FNC vs VIT,finished,best_of,3,False,2024-02-23 17:27:02+00:00,2024-02-23 19:17:17+00:00,110.25,12819,7178,4531,VCT,8.02,128537,Fnatic,2,128796,Team Vitality,0,128537,Fnatic,,0,,1.0,1,1.0,,1
912373,Winners' match: NRG vs C9,finished,best_of,3,False,2024-02-23 22:07:14+00:00,2024-02-24 00:03:36+00:00,116.36666666666666,12846,7187,4531,VCT,8.02,128471,NRG,2,128819,Cloud9,0,128471,NRG,1.0,1,6.0,1.0,1,6.0,,1
912379,Winners' match: LOUD vs LEV,finished,best_of,3,False,2024-02-24 00:40:11+00:00,2024-02-24 03:50:38+00:00,190.45,12847,7187,4531,VCT,8.02,128990,Leviatán Esports,1,130338,LOUD,2,130338,LOUD,1.0,1,6.0,1.0,1,6.0,,0
915235,Semifinal 1: T1 vs PR,finished,best_of,3,False,2024-02-24 08:01:32+00:00,2024-02-24 10:00:27+00:00,118.91666666666667,12837,7184,4531,VCT,8.02,128647,T1,0,128917,Paper Rex,2,128917,Paper Rex,1.0,2,4.0,1.0,1,5.0,,0
915240,Elimination match: TYLOO vs NOVA,finished,best_of,3,False,2024-02-24 09:08:08+00:00,2024-02-24 11:03:06+00:00,114.96666666666667,12878,7198,4531,VCT,,133287,Nova Esports,2,133288,TYLOO,0,133287,Nova Esports,0.0,1,1.0,0.0,1,2.0,,1
915236,Semifinal 2: DRX vs Gen.G,finished,best_of,3,False,2024-02-24 10:56:50+00:00,2024-02-24 12:47:54+00:00,111.06666666666666,12837,7184,4531,VCT,8.02,128473,Gen.G Esports,2,130137,Kiwoom DRX,0,128473,Gen.G Esports,0.8,5,1.0,1.0,2,4.0,,1
915248,Elimination match: JD Gaming vs AG,finished,best_of,3,False,2024-02-24 11:33:32+00:00,2024-02-24 13:37:53+00:00,124.35,12879,7198,4531,VCT,8.02,128974,All Gamers,0,134454,JD Gaming,2,134454,JD Gaming,0.0,1,1.0,0.0,1,1.0,,0
912385,Winners' match: G2 vs EG,finished,best_of,3,False,2024-02-24 21:59:04+00:00,2024-02-25 00:24:38+00:00,145.56666666666666,12848,7187,4531,VCT,8.02,128538,G2 Esports,0,129181,Evil Geniuses,2,129181,Evil Geniuses,1.0,1,5.0,,0,,,0
915239,Winners match: TE vs FPX,finished,best_of,3,False,2024-02-25 07:08:13+00:00,2024-02-25 10:07:08+00:00,178.91666666666666,12878,7198,4531,VCT,,128540,FunPlus Phoenix,2,133380,Trace Esports,1,128540,FunPlus Phoenix,1.0,1,2.0,1.0,1,2.0,,1
911952,Grand final: PR vs Gen.G,finished,best_of,5,False,2024-02-25 08:07:28+00:00,2024-02-25 11:07:54+00:00,180.43333333333334,12837,7184,4531,VCT,8.02,128473,Gen.G Esports,3,128917,Paper Rex,1,128473,Gen.G Esports,0.8,6,0.0,1.0,2,1.0,0.0,1
915247,Winners match: TEC vs DRG,finished,best_of,3,False,2024-02-25 10:36:14+00:00,2024-02-25 13:25:26+00:00,169.2,12879,7198,4531,VCT,,133279,Dragon Ranger Gaming,2,133825,TEC Esports,1,133279,Dragon Ranger Gaming,1.0,1,2.0,1.0,1,2.0,,1
923862,Decider match: GM vs VIT,finished,best_of,3,False,2024-02-25 13:06:26+00:00,2024-02-25 15:50:31+00:00,164.08333333333334,12819,7178,4531,VCT,8.02,128796,Team Vitality,2,133115,Gentle Mates,1,128796,Team Vitality,0.5,2,1.0,0.0,1,3.0,1.0,1
915254,Winners match: Wolves Esports vs EDG,finished,best_of,3,False,2024-02-25 13:54:24+00:00,2024-02-25 17:09:34+00:00,195.16666666666666,12880,7198,4531,VCT,,128976,EDward Gaming,2,134335,Wolves Esports,1,128976,EDward Gaming,,0,,1.0,1,2.0,,1
923856,Decider match: KC vs FUT,finished,best_of,3,False,2024-02-25 16:15:14+00:00,2024-02-25 19:23:38+00:00,188.4,12817,7178,4531,VCT,8.02,128578,FUT Esports,1,130922,Karmine Corp,2,130922,Karmine Corp,0.5,2,2.0,0.5,2,3.0,,0
912376,Decider match: MIBR vs C9,finished,best_of,3,False,2024-02-25 20:05:30+00:00,2024-02-25 22:20:18+00:00,134.8,12846,7187,4531,VCT,8.02,128819,Cloud9,0,130190,MIBR,2,130190,MIBR,0.5,2,1.0,0.5,2,5.0,1.0,0
923860,Decider match: TL vs KOI,finished,best_of,3,False,2024-02-25 19:46:23+00:00,2024-02-25 22:53:37+00:00,187.23333333333332,12818,7178,4531,VCT,8.02,128541,Team Liquid,1,130412,Movistar KOI,2,130412,Movistar KOI,0.5,2,2.0,0.5,2,2.0,1.0,0
912382,Decider match: SEN vs LEV,finished,best_of,3,False,2024-02-25 22:47:07+00:00,2024-02-26 01:26:24+00:00,159.28333333333333,12847,7187,4531,VCT,8.02,128472,Sentinels,2,128990,Leviatán Esports,1,128472,Sentinels,0.5,2,5.0,0.5,2,1.0,,1
912386,Decider match: KRÜ vs G2,finished,best_of,3,False,2024-02-26 01:53:47+00:00,2024-02-26 03:42:00+00:00,108.21666666666667,12848,7187,4531,VCT,8.02,128538,G2 Esports,2,128944,KRÜ Esports,0,128538,G2 Esports,0.5,2,1.0,0.0,1,7.0,1.0,1
915241,Decider match: TE vs NOVA,finished,best_of,3,False,2024-02-26 07:08:40+00:00,2024-02-26 08:36:03+00:00,87.38333333333334,12878,7198,4531,VCT,,133287,Nova Esports,0,133380,Trace Esports,2,133380,Trace Esports,0.5,2,1.0,0.5,2,0.0,,0
915249,Decider match: JD Gaming vs TEC,finished,best_of,3,False,2024-02-26 09:09:16+00:00,2024-02-26 12:14:31+00:00,185.25,12879,7198,4531,VCT,,133825,TEC Esports,2,134454,JD Gaming,1,133825,TEC Esports,0.5,2,0.0,0.5,2,1.0,1.0,1
915255,Decider match: Wolves Esports vs BLG,finished,best_of,3,False,2024-02-26 12:44:17+00:00,2024-02-26 14:34:31+00:00,110.23333333333333,12880,7198,4531,VCT,,133379,Bilibili Gaming,2,134335,Wolves Esports,0,133379,Bilibili Gaming,0.0,1,3.0,0.5,2,0.0,0.0,1
911572,Round 1: KC vs VIT,finished,best_of,3,False,2024-02-26 13:06:12+00:00,2024-02-26 15:20:38+00:00,134.43333333333334,12820,7178,4531,VCT,8.02,128796,Team Vitality,0,130922,Karmine Corp,2,130922,Karmine Corp,0.6666666666666666,3,0.0,0.6666666666666666,3,0.0,,0
911573,Round 2: KOI vs VIT,finished,best_of,3,False,2024-02-26 15:42:09+00:00,2024-02-26 17:23:54+00:00,101.75,12820,7178,4531,VCT,8.02,128796,Team Vitality,2,130412,Movistar KOI,0,128796,Team Vitality,0.5,4,0.0,0.6666666666666666,3,0.0,,1
911574,Round 3: KC vs KOI,finished,best_of,3,False,2024-02-26 17:53:13+00:00,2024-02-26 19:26:34+00:00,93.35,12820,7178,4531,VCT,8.02,130412,Movistar KOI,0,130922,Karmine Corp,2,130922,Karmine Corp,0.5,4,0.0,0.75,4,0.0,,0
912388,Round 1: MIBR vs SEN,finished,best_of,3,False,2024-02-26 19:59:48+00:00,2024-02-26 21:48:54+00:00,109.1,12849,7187,4531,VCT,8.02,128472,Sentinels,2,130190,MIBR,0,128472,Sentinels,0.6666666666666666,3,0.0,0.6666666666666666,3,0.0,,1
912389,Round 2: G2 vs MIBR,finished,best_of,3,False,2024-02-26 22:10:52+00:00,2024-02-27 01:35:05+00:00,204.21666666666667,12849,7187,4531,VCT,8.02,128538,G2 Esports,1,130190,MIBR,2,130190,MIBR,0.6666666666666666,3,0.0,0.5,4,0.0,,0
912390,Round 3: SEN vs G2,finished,best_of,3,False,2024-02-27 02:06:33+00:00,2024-02-27 04:48:35+00:00,162.03333333333333,12849,7187,4531,VCT,8.02,128472,Sentinels,1,128538,G2 Esports,2,128538,G2 Esports,0.75,4,0.0,0.5,4,0.0,,0
915263,Play-in match 1: TE vs TEC,finished,best_of,3,False,2024-02-27 07:06:57+00:00,2024-02-27 10:09:14+00:00,182.28333333333333,12882,7198,4531,VCT,,133380,Trace Esports,2,133825,TEC Esports,1,133380,Trace Esports,0.6666666666666666,3,1.0,0.6666666666666666,3,0.0,,1
915264,Play-in match 2: BLG vs TEC,finished,best_of,3,False,2024-02-27 10:40:59+00:00,2024-02-27 12:11:42+00:00,90.71666666666667,12882,7198,4531,VCT,,133379,Bilibili Gaming,2,133825,TEC Esports,0,133379,Bilibili Gaming,0.5,2,0.0,0.5,4,0.0,,1
915265,Play-in match 3: BLG vs TE,finished,best_of,3,False,2024-02-27 12:39:40+00:00,2024-02-27 16:22:01+00:00,222.35,12882,7198,4531,VCT,,133379,Bilibili Gaming,1,133380,Trace Esports,2,133380,Trace Esports,0.6666666666666666,3,0.0,0.75,4,0.0,,0
911576,Semifinal 1: TH vs NAVI,finished,best_of,3,False,2024-02-29 16:03:47+00:00,2024-02-29 17:56:07+00:00,112.33333333333333,12821,7178,4531,VCT,8.02,128622,Team Heretics,2,129355,Natus Vincere,0,128622,Team Heretics,1.0,2,7.0,1.0,2,6.0,,1
911577,Semifinal 2: FNC vs KC,finished,best_of,3,False,2024-02-29 18:23:52+00:00,2024-02-29 20:27:43+00:00,123.85,12821,7178,4531,VCT,8.02,128537,Fnatic,0,130922,Karmine Corp,2,130922,Karmine Corp,1.0,1,6.0,0.8,5,3.0,,0
915258,Semifinal 1: FPX vs DRG,finished,best_of,3,False,2024-03-01 09:10:16+00:00,2024-03-01 10:51:42+00:00,101.43333333333334,12881,7198,4531,VCT,,128540,FunPlus Phoenix,2,133279,Dragon Ranger Gaming,0,128540,FunPlus Phoenix,1.0,2,5.0,1.0,2,4.0,,1
915260,Semifinal 2: EDG vs TE,finished,best_of,3,False,2024-03-01 11:31:02+00:00,2024-03-01 13:26:22+00:00,115.33333333333333,12881,7198,4531,VCT,,128976,EDward Gaming,2,133380,Trace Esports,0,128976,EDward Gaming,1.0,1,4.0,0.8,5,2.0,,1
911578,Grand final: TH vs KC,finished,best_of,5,False,2024-03-01 16:00:43+00:00,2024-03-01 19:23:44+00:00,203.01666666666668,12821,7178,4531,VCT,8.02,128622,Team Heretics,1,130922,Karmine Corp,3,130922,Karmine Corp,1.0,3,1.0,0.8,6,0.0,1.0,0
915262,Grand final: FPX vs EDG,finished,best_of,5,False,2024-03-02 09:11:07+00:00,2024-03-02 13:34:58+00:00,263.85,12881,7198,4531,VCT,,128540,FunPlus Phoenix,1,128976,EDward Gaming,3,128976,EDward Gaming,1.0,3,1.0,1.0,2,1.0,,0
912392,Semifinals match 1: EG vs LOUD,finished,best_of,3,False,2024-03-02 22:00:36+00:00,2024-03-03 00:38:05+00:00,157.48333333333332,12850,7187,4531,VCT,8.02,129181,Evil Geniuses,1,130338,LOUD,2,130338,LOUD,1.0,1,7.0,1.0,2,7.0,,0
912393,Semifinals match 2: NRG vs SEN,finished,best_of,3,False,2024-03-03 00:59:12+00:00,2024-03-03 04:07:34+00:00,188.36666666666667,12850,7187,4531,VCT,8.02,128471,NRG,1,128472,Sentinels,2,128472,Sentinels,1.0,2,8.0,0.6,5,4.0,,0
912394,Grand final: LOUD vs SEN,finished,best_of,5,False,2024-03-03 22:06:17+00:00,2024-03-04 02:50:22+00:00,284.0833333333333,12850,7187,4531,VCT,8.02,128472,Sentinels,3,130338,LOUD,2,128472,Sentinels,0.8,6,0.0,1.0,3,1.0,0.0,1
930520,Round 1: KC vs FPX,finished,best_of,3,False,2024-03-14 14:59:02+00:00,2024-03-14 17:00:33+00:00,121.51666666666667,13052,7277,4531,VCT,8.04,128540,FunPlus Phoenix,0,130922,Karmine Corp,2,130922,Karmine Corp,0.75,4,12.0,1.0,7,12.0,,0
930521,Round 1: Gen.G vs LOUD,finished,best_of,3,False,2024-03-14 17:32:44+00:00,2024-03-14 20:19:21+00:00,166.61666666666667,13052,7277,4531,VCT,8.04,128473,Gen.G Esports,2,130338,LOUD,1,128473,Gen.G Esports,1.0,7,18.0,0.75,4,10.0,,1
930522,Round 1: EDG vs PR,finished,best_of,3,False,2024-03-15 15:01:26+00:00,2024-03-15 17:45:39+00:00,164.21666666666667,13052,7277,4531,VCT,8.04,128917,Paper Rex,1,128976,EDward Gaming,2,128976,EDward Gaming,0.6666666666666666,3,19.0,1.0,3,13.0,,0
930523,Round 1: SEN vs TH,finished,best_of,3,False,2024-03-15 18:13:12+00:00,2024-03-15 21:08:21+00:00,175.15,13052,7277,4531,VCT,8.04,128472,Sentinels,2,128622,Team Heretics,1,128472,Sentinels,0.8,7,11.0,0.75,4,14.0,,1
930527,Round 2: SEN vs KC,finished,best_of,3,False,2024-03-16 15:02:11+00:00,2024-03-16 17:02:35+00:00,120.4,13052,7277,4531,VCT,8.04,128472,Sentinels,2,130922,Karmine Corp,0,128472,Sentinels,0.8,8,0.0,1.0,8,2.0,,1
930526,Round 2: EDG vs Gen.G,finished,best_of,3,False,2024-03-16 17:26:47+00:00,2024-03-16 19:56:17+00:00,149.5,13052,7277,4531,VCT,8.04,128473,Gen.G Esports,2,128976,EDward Gaming,1,128473,Gen.G Esports,1.0,8,1.0,1.0,4,1.0,,1
930529,Round 2: FPX vs LOUD,finished,best_of,3,False,2024-03-17 15:00:36+00:00,2024-03-17 16:53:43+00:00,113.11666666666666,13052,7277,4531,VCT,8.04,128540,FunPlus Phoenix,0,130338,LOUD,2,130338,LOUD,0.6,5,2.0,0.6,5,2.0,,0
930528,Round 2: TH vs PR,finished,best_of,3,False,2024-03-17 17:23:14+00:00,2024-03-17 19:56:08+00:00,152.9,13052,7277,4531,VCT,8.04,128622,Team Heretics,1,128917,Paper Rex,2,128917,Paper Rex,0.6,5,1.0,0.5,4,2.0,,0
930531,Round 3: EDG vs LOUD,finished,best_of,3,False,2024-03-18 14:58:05+00:00,2024-03-18 16:27:02+00:00,88.95,13052,7277,4531,VCT,8.04,128976,EDward Gaming,0,130338,LOUD,2,130338,LOUD,0.8,5,1.0,0.6,6,0.0,,0
930530,Round 3: KC vs PR,finished,best_of,3,False,2024-03-18 16:55:45+00:00,2024-03-18 19:39:43+00:00,163.96666666666667,13052,7277,4531,VCT,8.04,128917,Paper Rex,2,130922,Karmine Corp,1,128917,Paper Rex,0.6,5,0.0,0.8,9,2.0,,1
930534,Upper bracket semifinal 1: Gen.G vs PR,finished,best_of,3,False,2024-03-21 15:00:05+00:00,2024-03-21 16:41:50+00:00,101.75,13053,7277,4531,VCT,8.04,128473,Gen.G Esports,2,128917,Paper Rex,0,128473,Gen.G Esports,1.0,9,4.0,0.6,6,2.0,0.5,1
930535,Upper bracket semifinal 2: SEN vs LOUD,finished,best_of,3,False,2024-03-21 17:07:35+00:00,2024-03-21 20:08:05+00:00,180.5,13053,7277,4531,VCT,8.04,128472,Sentinels,2,130338,LOUD,1,128472,Sentinels,0.8,9,5.0,0.6,7,3.0,0.5,1
930537,Upper bracket final: Gen.G vs SEN,finished,best_of,3,False,2024-03-22 15:00:27+00:00,2024-03-22 17:28:10+00:00,147.71666666666667,13053,7277,4531,VCT,8.04,128472,Sentinels,1,128473,Gen.G Esports,2,128473,Gen.G Esports,1.0,10,0.0,1.0,10,1.0,,0
930536,Lower bracket semifinal: PR vs LOUD,finished,best_of,3,False,2024-03-22 17:55:02+00:00,2024-03-22 19:42:21+00:00,107.31666666666666,13053,7277,4531,VCT,8.04,128917,Paper Rex,2,130338,LOUD,0,128917,Paper Rex,0.4,7,1.0,0.4,8,0.0,,1
930538,Lower bracket final: SEN vs PR,finished,best_of,5,False,2024-03-23 15:00:21+00:00,2024-03-23 18:25:34+00:00,205.21666666666667,13053,7277,4531,VCT,8.04,128472,Sentinels,3,128917,Paper Rex,1,128472,Sentinels,0.8,11,1.0,0.6,8,0.0,,1
930539,Grand final: Gen.G vs SEN,finished,best_of,5,False,2024-03-24 16:16:59+00:00,2024-03-24 21:11:35+00:00,294.6,13053,7277,4531,VCT,8.04,128472,Sentinels,3,128473,Gen.G Esports,2,128472,Sentinels,0.8,12,1.0,1.0,11,2.0,0.0,1
942988,KC vs GX,finished,best_of,3,False,2024-04-03 15:03:39+00:00,2024-04-03 16:41:32+00:00,97.88333333333334,13258,7385,4531,VCT,8.04,130922,Karmine Corp,2,134423,GIANTX,0,130922,Karmine Corp,0.6,10,15.0,0.0,2,40.0,1.0,1
942989,KOI vs TL,finished,best_of,3,False,2024-04-03 17:10:13+00:00,2024-04-03 19:04:51+00:00,114.63333333333334,13258,7385,4531,VCT,8.04,128541,Team Liquid,2,130412,Movistar KOI,0,128541,Team Liquid,0.3333333333333333,3,37.0,0.4,5,36.0,0.5,1
942990,VIT vs NAVI,finished,best_of,3,False,2024-04-04 15:03:09+00:00,2024-04-04 16:46:38+00:00,103.48333333333333,13258,7385,4531,VCT,8.04,128796,Team Vitality,0,129355,Natus Vincere,2,129355,Natus Vincere,0.6,5,37.0,0.6666666666666666,3,34.0,,0
942991,FNC vs TH,finished,best_of,3,False,2024-04-04 17:10:54+00:00,2024-04-04 19:15:54+00:00,125.0,13258,7385,4531,VCT,8.04,128537,Fnatic,0,128622,Team Heretics,2,128622,Team Heretics,0.5,2,34.0,0.4,6,17.0,,0
943070,BLG vs TYLOO,finished,best_of,3,False,2024-04-05 09:12:55+00:00,2024-04-05 11:41:49+00:00,148.9,13260,7387,4531,VCT,8.04,133288,TYLOO,1,133379,Bilibili Gaming,2,133379,Bilibili Gaming,0.0,2,41.0,0.5,4,37.0,,0
943071,Wolves Esports vs TEC,finished,best_of,3,False,2024-04-05 12:30:31+00:00,2024-04-05 15:14:05+00:00,163.56666666666666,13260,7387,4531,VCT,8.04,133825,TEC Esports,2,134335,Wolves Esports,1,133825,TEC Esports,0.4,5,38.0,0.3333333333333333,3,39.0,,1
942993,TL vs FUT,finished,best_of,3,False,2024-04-05 14:58:39+00:00,2024-04-05 16:35:24+00:00,96.75,13258,7385,4531,VCT,8.04,128541,Team Liquid,0,128578,FUT Esports,2,128578,FUT Esports,0.5,4,1.0,0.3333333333333333,3,39.0,,0
942994,BBL vs GM,finished,best_of,3,False,2024-04-05 16:58:48+00:00,2024-04-05 18:50:58+00:00,112.16666666666667,13258,7385,4531,VCT,8.04,128577,BBL Esports,0,133115,Gentle Mates,2,133115,Gentle Mates,0.0,2,42.0,0.0,2,40.0,,0
943110,GE vs ZETA,finished,best_of,3,False,2024-04-06 08:09:29+00:00,2024-04-06 10:39:05+00:00,149.6,13261,7388,4531,VCT,8.04,129326,ZETA DIVISION,2,129660,Global Esports,1,129326,ZETA DIVISION,0.4,5,43.0,0.3333333333333333,3,44.0,1.0,1
943073,DRG vs AG,finished,best_of,3,False,2024-04-06 09:14:11+00:00,2024-04-06 12:12:53+00:00,178.7,13260,7387,4531,VCT,8.04,128974,All Gamers,2,133279,Dragon Ranger Gaming,1,128974,All Gamers,0.0,2,41.0,0.6666666666666666,3,36.0,0.0,1
943112,TS vs DRX,finished,best_of,3,False,2024-04-06 11:13:47+00:00,2024-04-06 12:52:29+00:00,98.7,13261,7388,4531,VCT,8.04,129537,Team Secret,0,130137,Kiwoom DRX,2,130137,Kiwoom DRX,0.6,5,44.0,0.6666666666666666,3,42.0,,0
943074,EDG vs JD Gaming,finished,best_of,3,False,2024-04-06 12:47:45+00:00,2024-04-06 15:34:32+00:00,166.78333333333333,13260,7387,4531,VCT,8.04,128976,EDward Gaming,2,134454,JD Gaming,1,128976,EDward Gaming,0.6,6,18.0,0.3333333333333333,3,40.0,,1
943030,C9 vs LEV,finished,best_of,3,False,2024-04-06 21:02:22+00:00,2024-04-07 00:35:46+00:00,213.4,13259,7386,4531,VCT,8.04,128819,Cloud9,2,128990,Leviatán Esports,1,128819,Cloud9,0.3333333333333333,3,41.0,0.3333333333333333,3,40.0,,1
943032,NRG vs LOUD,finished,best_of,3,False,2024-04-07 01:01:05+00:00,2024-04-07 02:43:07+00:00,102.03333333333333,13259,7386,4531,VCT,8.04,128471,NRG,2,130338,LOUD,0,128471,NRG,0.6666666666666666,3,34.0,0.4,9,15.0,,1
943113,BLD vs TLN,finished,best_of,3,False,2024-04-07 08:08:46+00:00,2024-04-07 10:48:38+00:00,159.86666666666667,13261,7388,4531,VCT,8.04,130643,Bleed eSports,1,132132,Talon Esports,2,132132,Talon Esports,0.0,2,47.0,0.3333333333333333,3,45.0,,0
943075,NOVA vs TE,finished,best_of,3,False,2024-04-07 09:06:53+00:00,2024-04-07 10:52:52+00:00,105.98333333333333,13260,7387,4531,VCT,,133287,Nova Esports,0,133380,Trace Esports,2,133380,Trace Esports,0.3333333333333333,3,41.0,0.6,6,36.0,0.0,0
943077,FPX vs Wolves Esports,finished,best_of,3,False,2024-04-07 11:29:41+00:00,2024-04-07 13:13:22+00:00,103.68333333333334,13260,7387,4531,VCT,,128540,FunPlus Phoenix,2,134335,Wolves Esports,0,128540,FunPlus Phoenix,0.4,6,20.0,0.25,4,1.0,,1
943114,T1 vs PR,finished,best_of,3,False,2024-04-07 11:29:36+00:00,2024-04-07 13:30:37+00:00,121.01666666666667,13261,7388,4531,VCT,8.04,128647,T1,0,128917,Paper Rex,2,128917,Paper Rex,0.6666666666666666,3,43.0,0.6,9,14.0,0.0,0
943033,G2 vs EG,finished,best_of,3,False,2024-04-07 20:59:53+00:00,2024-04-07 22:44:37+00:00,104.73333333333333,13259,7386,4531,VCT,8.04,128538,G2 Esports,2,129181,Evil Geniuses,0,128538,G2 Esports,0.6,5,40.0,0.5,2,35.0,0.0,1
943034,SEN vs 100T,finished,best_of,3,False,2024-04-07 23:17:51+00:00,2024-04-08 00:55:35+00:00,97.73333333333333,13259,7386,4531,VCT,8.04,128472,Sentinels,2,128605,100 Thieves,0,128472,Sentinels,0.8,13,14.0,0.0,2,47.0,1.0,1
943115,TS vs RRQ,finished,best_of,3,False,2024-04-08 08:07:09+00:00,2024-04-08 10:58:47+00:00,171.63333333333333,13261,7388,4531,VCT,8.04,129537,Team Secret,1,130638,Rex Regum Qeon,2,130638,Rex Regum Qeon,0.6,6,1.0,0.0,2,47.0,,0
943118,GE vs DRX,finished,best_of,3,False,2024-04-08 11:27:23+00:00,2024-04-08 13:10:06+00:00,102.71666666666667,13261,7388,4531,VCT,8.04,129660,Global Esports,0,130137,Kiwoom DRX,2,130137,Kiwoom DRX,0.25,4,2.0,0.75,4,2.0,,0
943035,KRÜ vs FUR,finished,best_of,3,False,2024-04-08 21:08:04+00:00,2024-04-09 00:01:12+00:00,173.13333333333333,13259,7386,4531,VCT,8.04,128477,FURIA Esports,1,128944,KRÜ Esports,2,128944,KRÜ Esports,0.0,2,48.0,0.0,2,42.0,,0
943119,Gen.G vs TLN,finished,best_of,3,False,2024-04-09 08:07:01+00:00,2024-04-09 09:48:40+00:00,101.65,13261,7388,4531,VCT,8.04,128473,Gen.G Esports,2,132132,Talon Esports,0,128473,Gen.G Esports,0.8,12,15.0,0.5,4,1.0,,1
943120,T1 vs DFM,finished,best_of,3,False,2024-04-09 10:26:33+00:00,2024-04-09 13:24:10+00:00,177.61666666666667,13261,7388,4531,VCT,8.04,128647,T1,1,131974,DetonatioN FocusMe,2,131974,DetonatioN FocusMe,0.5,4,1.0,0.0,2,49.0,,0
942995,KC vs FUT,finished,best_of,3,False,2024-04-10 15:05:17+00:00,2024-04-10 17:45:51+00:00,160.56666666666666,13258,7385,4531,VCT,8.04,128578,FUT Esports,2,130922,Karmine Corp,1,128578,FUT Esports,0.5,4,5.0,0.6,11,7.0,0.0,1
942996,VIT vs TH,finished,best_of,3,False,2024-04-10 18:12:07+00:00,2024-04-10 21:09:17+00:00,177.16666666666666,13258,7385,4531,VCT,8.04,128622,Team Heretics,1,128796,Team Vitality,2,128796,Team Vitality,0.4,7,6.0,0.4,6,6.0,,0
942997,TL vs NAVI,finished,best_of,3,False,2024-04-11 15:04:03+00:00,2024-04-11 17:55:31+00:00,171.46666666666667,13258,7385,4531,VCT,8.05,128541,Team Liquid,1,129355,Natus Vincere,2,129355,Natus Vincere,0.4,5,6.0,0.75,4,7.0,0.0,0
942998,BBL vs KOI,finished,best_of,3,False,2024-04-11 18:25:37+00:00,2024-04-11 19:50:17+00:00,84.66666666666667,13258,7385,4531,VCT,8.04,128577,BBL Esports,2,130412,Movistar KOI,0,128577,BBL Esports,0.0,3,6.0,0.4,6,8.0,0.0,1
943078,JD Gaming vs NOVA,finished,best_of,3,False,2024-04-12 09:07:21+00:00,2024-04-12 11:48:01+00:00,160.66666666666666,13260,7387,4531,VCT,,133287,Nova Esports,2,134454,JD Gaming,1,133287,Nova Esports,0.25,4,5.0,0.25,4,5.0,,1
943079,FPX vs DRG,finished,best_of,3,False,2024-04-12 12:28:44+00:00,2024-04-12 15:01:41+00:00,152.95,13260,7387,4531,VCT,,128540,FunPlus Phoenix,2,133279,Dragon Ranger Gaming,1,128540,FunPlus Phoenix,0.4,7,5.0,0.5,4,6.0,1.0,1
942999,FNC vs GX,finished,best_of,3,False,2024-04-12 15:03:36+00:00,2024-04-12 17:22:02+00:00,138.43333333333334,13258,7385,4531,VCT,8.05,128537,Fnatic,2,134423,GIANTX,1,128537,Fnatic,0.3333333333333333,3,7.0,0.0,3,9.0,,1
943000,KC vs GM,finished,best_of,3,False,2024-04-12 17:51:47+00:00,2024-04-12 19:32:56+00:00,101.15,13258,7385,4531,VCT,8.05,130922,Karmine Corp,2,133115,Gentle Mates,0,130922,Karmine Corp,0.4,12,2.0,0.3333333333333333,3,7.0,,1
943122,Gen.G vs PR,finished,best_of,3,False,2024-04-13 08:05:35+00:00,2024-04-13 10:41:30+00:00,155.91666666666666,13261,7388,4531,VCT,8.05,128473,Gen.G Esports,1,128917,Paper Rex,2,128917,Paper Rex,0.8,13,4.0,0.6,10,5.0,0.6666666666666666,0
943080,AG vs Wolves Esports,finished,best_of,3,False,2024-04-13 09:07:46+00:00,2024-04-13 11:18:53+00:00,131.11666666666667,13260,7387,4531,VCT,,128974,All Gamers,0,134335,Wolves Esports,2,134335,Wolves Esports,0.3333333333333333,3,6.0,0.2,5,5.0,,0
943123,T1 vs DRX,finished,best_of,3,False,2024-04-13 11:20:04+00:00,2024-04-13 13:36:22+00:00,136.3,13261,7388,4531,VCT,8.05,128647,T1,1,130137,Kiwoom DRX,2,130137,Kiwoom DRX,0.4,5,4.0,0.8,5,5.0,,0
943081,TE vs BLG,finished,best_of,3,False,2024-04-13 12:10:38+00:00,2024-04-13 14:59:19+00:00,168.68333333333334,13260,7387,4531,VCT,,133379,Bilibili Gaming,1,133380,Trace Esports,2,133380,Trace Esports,0.6,5,8.0,0.8,7,6.0,0.0,0
943037,G2 vs 100T,finished,best_of,3,False,2024-04-13 21:06:07+00:00,2024-04-13 23:09:28+00:00,123.35,13259,7386,4531,VCT,8.05,128538,G2 Esports,0,128605,100 Thieves,2,128605,100 Thieves,0.6,6,6.0,0.0,3,5.0,,0
943038,SEN vs LEV,finished,best_of,3,False,2024-04-13 23:33:37+00:00,2024-04-14 02:10:29+00:00,156.86666666666667,13259,7386,4531,VCT,8.05,128472,Sentinels,0,128990,Leviatán Esports,2,128990,Leviatán Esports,0.8,14,6.0,0.25,4,7.0,1.0,0
943124,TS vs ZETA,finished,best_of,3,False,2024-04-14 08:04:32+00:00,2024-04-14 10:37:35+00:00,153.05,13261,7388,4531,VCT,8.05,129326,ZETA DIVISION,1,129537,Team Secret,2,129537,Team Secret,0.4,6,7.0,0.4,7,5.0,0.0,0
943082,DRG vs TEC,finished,best_of,3,False,2024-04-14 09:06:51+00:00,2024-04-14 11:23:56+00:00,137.08333333333334,13260,7387,4531,VCT,,133279,Dragon Ranger Gaming,2,133825,TEC Esports,1,133279,Dragon Ranger Gaming,0.4,5,1.0,0.4,6,8.0,1.0,1
943125,BLD vs RRQ,finished,best_of,3,False,2024-04-14 11:11:17+00:00,2024-04-14 12:39:35+00:00,88.3,13261,7388,4531,VCT,8.05,130638,Rex Regum Qeon,2,130643,Bleed eSports,0,130638,Rex Regum Qeon,0.3333333333333333,3,6.0,0.0,3,7.0,,1
943083,TYLOO vs EDG,finished,best_of,3,False,2024-04-14 12:00:49+00:00,2024-04-14 13:46:15+00:00,105.43333333333334,13260,7387,4531,VCT,,128976,EDward Gaming,2,133288,TYLOO,0,128976,EDward Gaming,0.6,7,7.0,0.0,3,9.0,,1
943039,KRÜ vs MIBR,finished,best_of,3,False,2024-04-14 21:06:44+00:00,2024-04-14 23:01:55+00:00,115.18333333333334,13259,7386,4531,VCT,8.05,128944,KRÜ Esports,2,130190,MIBR,0,128944,KRÜ Esports,0.3333333333333333,3,5.0,0.6,5,47.0,,1
943040,NRG vs FUR,finished,best_of,3,False,2024-04-14 23:22:55+00:00,2024-04-15 00:54:23+00:00,91.46666666666667,13259,7386,4531,VCT,8.05,128471,NRG,2,128477,FURIA Esports,0,128471,NRG,0.75,4,7.0,0.0,3,6.0,1.0,1
943126,Gen.G vs DFM,finished,best_of,3,False,2024-04-15 08:05:18+00:00,2024-04-15 09:48:19+00:00,103.01666666666667,13261,7388,4531,VCT,8.05,128473,Gen.G Esports,2,131974,DetonatioN FocusMe,0,128473,Gen.G Esports,0.6,14,1.0,0.3333333333333333,3,5.0,,1
943127,GE vs TLN,finished,best_of,3,False,2024-04-15 10:22:27+00:00,2024-04-15 12:58:43+00:00,156.26666666666668,13261,7388,4531,VCT,8.05,129660,Global Esports,1,132132,Talon Esports,2,132132,Talon Esports,0.2,5,6.0,0.4,5,6.0,,0
943041,C9 vs EG,finished,best_of,3,False,2024-04-15 21:06:55+00:00,2024-04-15 23:50:05+00:00,163.16666666666666,13259,7386,4531,VCT,8.05,128819,Cloud9,2,129181,Evil Geniuses,1,128819,Cloud9,0.5,4,8.0,0.3333333333333333,3,8.0,,1
943128,T1 vs RRQ,finished,best_of,3,False,2024-04-16 08:04:57+00:00,2024-04-16 09:36:35+00:00,91.63333333333334,13261,7388,4531,VCT,8.05,128647,T1,2,130638,Rex Regum Qeon,0,128647,T1,0.2,6,2.0,0.5,4,1.0,,1
943129,BLD vs ZETA,finished,best_of,3,False,2024-04-16 10:14:23+00:00,2024-04-16 12:53:39+00:00,159.26666666666668,13261,7388,4531,VCT,8.05,129326,ZETA DIVISION,2,130643,Bleed eSports,1,129326,ZETA DIVISION,0.4,7,2.0,0.0,4,2.0,,1
943001,GM vs FNC,finished,best_of,3,False,2024-04-17 15:07:03+00:00,2024-04-17 16:33:49+00:00,86.76666666666667,13258,7385,4531,VCT,8.05,128537,Fnatic,2,133115,Gentle Mates,0,128537,Fnatic,0.5,4,4.0,0.25,4,4.0,,1
943002,KC vs NAVI,finished,best_of,3,False,2024-04-17 16:59:43+00:00,2024-04-17 19:32:52+00:00,153.15,13258,7385,4531,VCT,8.05,129355,Natus Vincere,2,130922,Karmine Corp,1,129355,Natus Vincere,0.8,5,6.0,0.4,13,4.0,,1
943004,BBL vs TH,finished,best_of,3,False,2024-04-18 15:03:44+00:00,2024-04-18 16:44:42+00:00,100.96666666666667,13258,7385,4531,VCT,8.05,128577,BBL Esports,2,128622,Team Heretics,0,128577,BBL Esports,0.25,4,6.0,0.2,8,7.0,,1
943005,VIT vs FUT,finished,best_of,3,False,2024-04-18 17:11:10+00:00,2024-04-18 19:47:38+00:00,156.46666666666667,13258,7385,4531,VCT,8.05,128578,FUT Esports,1,128796,Team Vitality,2,128796,Team Vitality,0.6,5,8.0,0.6,7,7.0,,0
943084,Wolves Esports vs TE,finished,best_of,3,False,2024-04-19 09:11:37+00:00,2024-04-19 10:57:36+00:00,105.98333333333333,13260,7387,4531,VCT,,133380,Trace Esports,2,134335,Wolves Esports,0,133380,Trace Esports,0.8,8,5.0,0.2,6,5.0,,1
943086,NOVA vs FPX,finished,best_of,3,False,2024-04-19 11:33:05+00:00,2024-04-19 13:08:38+00:00,95.55,13260,7387,4531,VCT,,128540,FunPlus Phoenix,2,133287,Nova Esports,0,128540,FunPlus Phoenix,0.4,8,6.0,0.4,5,7.0,1.0,1
943006,TL vs GX,finished,best_of,3,False,2024-04-19 15:11:17+00:00,2024-04-19 18:33:29+00:00,202.2,13258,7385,4531,VCT,8.05,128541,Team Liquid,2,134423,GIANTX,1,128541,Team Liquid,0.2,6,8.0,0.0,4,7.0,,1
943007,FNC vs KOI,finished,best_of,3,False,2024-04-19 18:58:24+00:00,2024-04-19 20:48:44+00:00,110.33333333333333,13258,7385,4531,VCT,8.05,128537,Fnatic,2,130412,Movistar KOI,0,128537,Fnatic,0.6,5,2.0,0.2,7,8.0,,1
943131,Gen.G vs DRX,finished,best_of,3,False,2024-04-20 08:04:55+00:00,2024-04-20 10:49:25+00:00,164.5,13261,7388,4531,VCT,8.05,128473,Gen.G Esports,1,130137,Kiwoom DRX,2,130137,Kiwoom DRX,0.6,15,5.0,0.8,6,6.0,1.0,0
943087,BLG vs AG,finished,best_of,3,False,2024-04-20 09:10:51+00:00,2024-04-20 11:16:25+00:00,125.56666666666666,13260,7387,4531,VCT,,128974,All Gamers,2,133379,Bilibili Gaming,0,128974,All Gamers,0.25,4,6.0,0.6,6,6.0,,1
943132,BLD vs DFM,finished,best_of,3,False,2024-04-20 11:23:17+00:00,2024-04-20 14:02:21+00:00,159.06666666666666,13261,7388,4531,VCT,8.05,130643,Bleed eSports,2,131974,DetonatioN FocusMe,1,130643,Bleed eSports,0.0,5,4.0,0.25,4,5.0,,1
943088,DRG vs JD Gaming,finished,best_of,3,False,2024-04-20 11:52:46+00:00,2024-04-20 14:49:48+00:00,177.03333333333333,13260,7387,4531,VCT,,133279,Dragon Ranger Gaming,2,134454,JD Gaming,1,133279,Dragon Ranger Gaming,0.4,6,6.0,0.2,5,8.0,,1
943043,SEN vs MIBR,finished,best_of,3,False,2024-04-20 21:02:11+00:00,2024-04-20 23:02:22+00:00,120.18333333333334,13259,7386,4531,VCT,8.07,128472,Sentinels,2,130190,MIBR,0,128472,Sentinels,0.6,15,6.0,0.6,6,6.0,1.0,1
943045,C9 vs LOUD,finished,best_of,3,False,2024-04-20 23:30:37+00:00,2024-04-21 02:24:28+00:00,173.85,13259,7386,4531,VCT,8.05,128819,Cloud9,2,130338,LOUD,1,128819,Cloud9,0.6,5,5.0,0.4,10,13.0,,1
943134,GE vs RRQ,finished,best_of,3,False,2024-04-21 08:05:33+00:00,2024-04-21 09:42:53+00:00,97.33333333333333,13261,7388,4531,VCT,8.05,129660,Global Esports,2,130638,Rex Regum Qeon,0,129660,Global Esports,0.2,6,5.0,0.4,5,5.0,,1
943135,TS vs PR,finished,best_of,3,False,2024-04-21 10:18:44+00:00,2024-04-21 11:57:36+00:00,98.86666666666666,13261,7388,4531,VCT,8.05,128917,Paper Rex,0,129537,Team Secret,2,129537,Team Secret,0.6,11,8.0,0.4,8,7.0,,0
943090,TYLOO vs NOVA,finished,best_of,3,False,2024-04-21 09:09:20+00:00,2024-04-21 12:12:02+00:00,182.7,13260,7387,4531,VCT,,133287,Nova Esports,1,133288,TYLOO,2,133288,TYLOO,0.4,6,1.0,0.0,4,6.0,1.0,0
943091,EDG vs TEC,finished,best_of,3,False,2024-04-21 12:51:07+00:00,2024-04-21 14:14:06+00:00,82.98333333333333,13260,7387,4531,VCT,,128976,EDward Gaming,2,133825,TEC Esports,0,128976,EDward Gaming,0.6,8,7.0,0.4,7,7.0,,1
943046,KRÜ vs EG,finished,best_of,3,False,2024-04-21 21:09:06+00:00,2024-04-21 22:48:58+00:00,99.86666666666666,13259,7386,4531,VCT,8.05,128944,KRÜ Esports,2,129181,Evil Geniuses,0,128944,KRÜ Esports,0.5,4,6.0,0.25,4,5.0,,1
943047,NRG vs LEV,finished,best_of,3,False,2024-04-21 23:15:37+00:00,2024-04-22 00:42:17+00:00,86.66666666666667,13259,7386,4531,VCT,8.05,128471,NRG,0,128990,Leviatán Esports,2,128990,Leviatán Esports,0.8,5,6.0,0.4,5,7.0,,0
943136,T1 vs TLN,finished,best_of,3,False,2024-04-22 08:05:07+00:00,2024-04-22 09:49:28+00:00,104.35,13261,7388,4531,VCT,8.05,128647,T1,0,132132,Talon Esports,2,132132,Talon Esports,0.2,7,6.0,0.4,6,6.0,,0
943137,Gen.G vs ZETA,finished,best_of,3,False,2024-04-22 10:22:30+00:00,2024-04-22 12:25:30+00:00,123.0,13261,7388,4531,VCT,8.07,128473,Gen.G Esports,2,129326,ZETA DIVISION,0,128473,Gen.G Esports,0.4,16,2.0,0.4,8,5.0,1.0,1
943048,G2 vs FUR,finished,best_of,3,False,2024-04-22 21:01:19+00:00,2024-04-22 22:35:21+00:00,94.03333333333333,13259,7386,4531,VCT,8.05,128477,FURIA Esports,0,128538,G2 Esports,2,128538,G2 Esports,0.0,4,7.0,0.6,7,8.0,,0
943049,C9 vs 100T,finished,best_of,3,False,2024-04-22 23:02:43+00:00,2024-04-23 00:50:25+00:00,107.7,13259,7386,4531,VCT,8.05,128605,100 Thieves,2,128819,Cloud9,0,128605,100 Thieves,0.25,4,9.0,0.6,6,1.0,,1
943138,TS vs DFM,finished,best_of,3,False,2024-04-23 08:04:36+00:00,2024-04-23 10:27:01+00:00,142.41666666666666,13261,7388,4531,VCT,8.07,129537,Team Secret,2,131974,DetonatioN FocusMe,1,129537,Team Secret,0.6,9,1.0,0.2,5,2.0,1.0,1
943139,GE vs PR,finished,best_of,3,False,2024-04-23 10:59:46+00:00,2024-04-23 12:25:24+00:00,85.63333333333334,13261,7388,4531,VCT,8.07,128917,Paper Rex,2,129660,Global Esports,0,128917,Paper Rex,0.6,12,2.0,0.2,7,2.0,,1
943050,SEN vs EG,finished,best_of,3,False,2024-04-23 21:00:14+00:00,2024-04-24 00:12:20+00:00,192.1,13259,7386,4531,VCT,8.05,128472,Sentinels,1,129181,Evil Geniuses,2,129181,Evil Geniuses,0.8,16,3.0,0.2,5,2.0,,0
943051,NRG vs MIBR,finished,best_of,3,False,2024-04-24 00:42:20+00:00,2024-04-24 02:32:28+00:00,110.13333333333334,13259,7386,4531,VCT,8.07,128471,NRG,2,130190,MIBR,0,128471,NRG,0.6,6,2.0,0.4,7,3.0,,1
943008,TL vs TH,finished,best_of,3,False,2024-04-24 15:01:00+00:00,2024-04-24 16:31:21+00:00,90.35,13258,7385,4531,VCT,8.05,128541,Team Liquid,0,128622,Team Heretics,2,128622,Team Heretics,0.4,7,4.0,0.2,9,5.0,,0
943009,VIT vs GM,finished,best_of,3,False,2024-04-24 17:00:12+00:00,2024-04-24 18:26:16+00:00,86.06666666666666,13258,7385,4531,VCT,8.05,128796,Team Vitality,0,133115,Gentle Mates,2,133115,Gentle Mates,0.6,8,5.0,0.2,5,7.0,1.0,0
943052,G2 vs LEV,finished,best_of,3,False,2024-04-24 21:00:15+00:00,2024-04-24 23:48:35+00:00,168.33333333333334,13259,7386,4531,VCT,8.05,128538,G2 Esports,1,128990,Leviatán Esports,2,128990,Leviatán Esports,0.6,8,2.0,0.4,6,2.0,,0
943053,KRÜ vs LOUD,finished,best_of,3,False,2024-04-25 00:16:53+00:00,2024-04-25 02:07:16+00:00,110.38333333333334,13259,7386,4531,VCT,8.05,128944,KRÜ Esports,2,130338,LOUD,0,128944,KRÜ Esports,0.6,5,3.0,0.2,11,3.0,,1
943010,FNC vs FUT,finished,best_of,3,False,2024-04-25 15:03:36+00:00,2024-04-25 17:06:44+00:00,123.13333333333334,13258,7385,4531,VCT,8.05,128537,Fnatic,0,128578,FUT Esports,2,128578,FUT Esports,0.6,6,5.0,0.6,6,6.0,,0
943011,BBL vs NAVI,finished,best_of,3,False,2024-04-25 17:28:55+00:00,2024-04-25 20:19:28+00:00,170.55,13258,7385,4531,VCT,8.05,128577,BBL Esports,2,129355,Natus Vincere,1,128577,BBL Esports,0.4,5,7.0,0.8,6,8.0,0.0,1
943092,TEC vs BLG,finished,best_of,3,False,2024-04-26 09:07:11+00:00,2024-04-26 11:51:43+00:00,164.53333333333333,13260,7387,4531,VCT,,133379,Bilibili Gaming,1,133825,TEC Esports,2,133825,TEC Esports,0.4,7,6.0,0.2,8,4.0,1.0,0
943093,TE vs DRG,finished,best_of,3,False,2024-04-26 12:23:24+00:00,2024-04-26 14:13:14+00:00,109.83333333333333,13260,7387,4531,VCT,8.05,133279,Dragon Ranger Gaming,2,133380,Trace Esports,0,133279,Dragon Ranger Gaming,0.4,7,5.0,0.8,9,7.0,,1
943012,VIT vs GX,finished,best_of,3,False,2024-04-26 15:00:30+00:00,2024-04-26 17:51:05+00:00,170.58333333333334,13258,7385,4531,VCT,8.05,128796,Team Vitality,2,134423,GIANTX,1,128796,Team Vitality,0.6,9,1.0,0.0,5,6.0,,1
943013,KC vs KOI,finished,best_of,3,False,2024-04-26 18:12:57+00:00,2024-04-26 21:04:50+00:00,171.88333333333333,13258,7385,4531,VCT,8.05,130412,Movistar KOI,1,130922,Karmine Corp,2,130922,Karmine Corp,0.0,8,7.0,0.4,14,9.0,0.0,0
943141,BLD vs PR,finished,best_of,3,False,2024-04-27 08:04:33+00:00,2024-04-27 09:30:47+00:00,86.23333333333333,13261,7388,4531,VCT,8.05,128917,Paper Rex,2,130643,Bleed eSports,0,128917,Paper Rex,0.6,13,3.0,0.2,6,6.0,,1
943094,TYLOO vs Wolves Esports,finished,best_of,3,False,2024-04-27 09:07:01+00:00,2024-04-27 12:02:55+00:00,175.9,13260,7387,4531,VCT,,133288,TYLOO,1,134335,Wolves Esports,2,134335,Wolves Esports,0.2,5,5.0,0.2,7,8.0,,0
943142,GE vs DFM,finished,best_of,3,False,2024-04-27 10:04:52+00:00,2024-04-27 12:54:40+00:00,169.8,13261,7388,4531,VCT,8.05,129660,Global Esports,2,131974,DetonatioN FocusMe,1,129660,Global Esports,0.2,8,4.0,0.2,6,4.0,,1
943095,FPX vs EDG,finished,best_of,3,False,2024-04-27 12:40:11+00:00,2024-04-27 15:26:48+00:00,166.61666666666667,13260,7387,4531,VCT,,128540,FunPlus Phoenix,2,128976,EDward Gaming,1,128540,FunPlus Phoenix,0.6,9,8.0,0.6,9,6.0,0.0,1
943054,G2 vs MIBR,finished,best_of,3,False,2024-04-27 21:05:33+00:00,2024-04-27 22:45:16+00:00,99.71666666666667,13259,7386,4531,VCT,8.05,128538,G2 Esports,2,130190,MIBR,0,128538,G2 Esports,0.6,9,2.0,0.2,8,3.0,0.0,1
943055,SEN vs LOUD,finished,best_of,3,False,2024-04-27 23:10:50+00:00,2024-04-28 01:02:31+00:00,111.68333333333334,13259,7386,4531,VCT,8.05,128472,Sentinels,0,130338,LOUD,2,130338,LOUD,0.6,17,4.0,0.0,12,2.0,0.6666666666666666,0
943143,T1 vs ZETA,finished,best_of,3,False,2024-04-28 08:04:43+00:00,2024-04-28 10:44:10+00:00,159.45,13261,7388,4531,VCT,8.05,128647,T1,2,129326,ZETA DIVISION,1,128647,T1,0.2,8,6.0,0.4,9,5.0,1.0,1
943096,AG vs NOVA,finished,best_of,3,False,2024-04-28 09:14:18+00:00,2024-04-28 12:17:15+00:00,182.95,13260,7387,4531,VCT,,128974,All Gamers,2,133287,Nova Esports,1,128974,All Gamers,0.4,5,8.0,0.2,7,7.0,,1
943144,TS vs TLN,finished,best_of,3,False,2024-04-28 11:20:14+00:00,2024-04-28 14:17:58+00:00,177.73333333333332,13261,7388,4531,VCT,8.05,129537,Team Secret,1,132132,Talon Esports,2,132132,Talon Esports,0.6,10,5.0,0.6,7,6.0,0.5,0
943097,BLG vs JD Gaming,finished,best_of,3,False,2024-04-28 12:53:34+00:00,2024-04-28 14:47:15+00:00,113.68333333333334,13260,7387,4531,VCT,,133379,Bilibili Gaming,2,134454,JD Gaming,0,133379,Bilibili Gaming,0.2,8,2.0,0.2,6,7.0,,1
943056,C9 vs FUR,finished,best_of,3,False,2024-04-28 21:09:01+00:00,2024-04-28 23:34:07+00:00,145.1,13259,7386,4531,VCT,8.05,128477,FURIA Esports,1,128819,Cloud9,2,128819,Cloud9,0.0,5,6.0,0.6,7,5.0,,0
943057,NRG vs EG,finished,best_of,3,False,2024-04-28 23:56:58+00:00,2024-04-29 03:01:47+00:00,184.81666666666666,13259,7386,4531,VCT,8.05,128471,NRG,1,129181,Evil Geniuses,2,129181,Evil Geniuses,0.6,7,5.0,0.2,6,5.0,,0
943145,BLD vs DRX,finished,best_of,3,False,2024-04-29 08:04:13+00:00,2024-04-29 09:42:24+00:00,98.18333333333334,13261,7388,4531,VCT,8.07,130137,Kiwoom DRX,2,130643,Bleed eSports,0,130137,Kiwoom DRX,0.8,7,8.0,0.2,7,2.0,,1
943146,Gen.G vs RRQ,finished,best_of,3,False,2024-04-29 10:17:24+00:00,2024-04-29 13:09:20+00:00,171.93333333333334,13261,7388,4531,VCT,8.07,128473,Gen.G Esports,1,130638,Rex Regum Qeon,2,130638,Rex Regum Qeon,0.6,17,7.0,0.4,6,8.0,1.0,0
943058,KRÜ vs 100T,finished,best_of,3,False,2024-04-29 21:03:41+00:00,2024-04-29 23:50:51+00:00,167.16666666666666,13259,7386,4531,VCT,8.05,128605,100 Thieves,1,128944,KRÜ Esports,2,128944,KRÜ Esports,0.4,5,6.0,0.8,6,4.0,,0
943014,BBL vs GX,finished,best_of,3,False,2024-05-01 15:03:09+00:00,2024-05-01 16:41:47+00:00,98.63333333333334,13258,7385,4531,VCT,8.05,128577,BBL Esports,0,134423,GIANTX,2,134423,GIANTX,0.6,6,5.0,0.0,6,4.0,,0
943015,KC vs TH,finished,best_of,3,False,2024-05-01 17:05:32+00:00,2024-05-01 19:57:58+00:00,172.43333333333334,13258,7385,4531,VCT,8.05,128622,Team Heretics,2,130922,Karmine Corp,1,128622,Team Heretics,0.4,10,7.0,0.6,15,4.0,0.5,1
943098,EDG vs AG,finished,best_of,3,False,2024-05-02 11:47:15+00:00,2024-05-02 12:49:31+00:00,62.266666666666666,13260,7387,4531,VCT,,128974,All Gamers,0,128976,EDward Gaming,2,128976,EDward Gaming,0.6,6,4.0,0.6,10,4.0,,0
943018,VIT vs KOI,finished,best_of,3,False,2024-05-02 15:06:35+00:00,2024-05-02 17:32:18+00:00,145.71666666666667,13258,7385,4531,VCT,8.05,128796,Team Vitality,1,130412,Movistar KOI,2,130412,Movistar KOI,0.6,10,5.0,0.0,9,5.0,1.0,0
943021,NAVI vs FNC,finished,best_of,3,False,2024-05-02 17:56:27+00:00,2024-05-02 20:29:51+00:00,153.4,13258,7385,4531,VCT,8.05,128537,Fnatic,1,129355,Natus Vincere,2,129355,Natus Vincere,0.6,7,7.0,0.6,7,7.0,,0
960958,Knockout round match 1: TS vs T1,finished,best_of,3,False,2024-05-03 08:07:36+00:00,2024-05-03 09:43:43+00:00,96.11666666666666,13483,7388,4531,VCT,8.05,128647,T1,2,129537,Team Secret,0,128647,T1,0.4,9,4.0,0.6,11,4.0,,1
960959,Knockout round match 2: PR vs TLN,finished,best_of,3,False,2024-05-03 10:23:21+00:00,2024-05-03 12:34:38+00:00,131.28333333333333,13483,7388,4531,VCT,8.05,128917,Paper Rex,2,132132,Talon Esports,1,128917,Paper Rex,0.8,14,6.0,0.8,8,4.0,,1
943099,Wolves Esports vs JD Gaming,finished,best_of,3,False,2024-05-03 11:09:06+00:00,2024-05-03 12:41:58+00:00,92.86666666666666,13260,7387,4531,VCT,,134335,Wolves Esports,0,134454,JD Gaming,2,134454,JD Gaming,0.4,8,6.0,0.0,7,4.0,,0
943024,TL vs GM,finished,best_of,3,False,2024-05-03 15:04:20+00:00,2024-05-03 16:26:11+00:00,81.85,13258,7385,4531,VCT,8.05,128541,Team Liquid,2,133115,Gentle Mates,0,128541,Team Liquid,0.4,8,8.0,0.4,6,8.0,,1
943025,BBL vs FUT,finished,best_of,3,False,2024-05-03 16:56:25+00:00,2024-05-03 18:32:43+00:00,96.3,13258,7385,4531,VCT,8.05,128577,BBL Esports,0,128578,FUT Esports,2,128578,FUT Esports,0.6,7,2.0,0.6,7,8.0,,0
943059,SEN vs FUR,finished,best_of,3,False,2024-05-04 00:06:39+00:00,2024-05-04 01:51:24+00:00,104.75,13259,7386,4531,VCT,8.05,128472,Sentinels,2,128477,FURIA Esports,0,128472,Sentinels,0.4,18,6.0,0.0,6,5.0,,1
960961,Upper bracket semifinal 1: Gen.G vs T1,finished,best_of,3,False,2024-05-04 08:06:59+00:00,2024-05-04 10:41:02+00:00,154.05,13483,7388,4531,VCT,8.05,128473,Gen.G Esports,1,128647,T1,2,128647,T1,0.4,18,4.0,0.6,10,1.0,,0
943100,DRG vs TYLOO,finished,best_of,3,False,2024-05-04 09:08:52+00:00,2024-05-04 11:03:05+00:00,114.21666666666667,13260,7387,4531,VCT,,133279,Dragon Ranger Gaming,0,133288,TYLOO,2,133288,TYLOO,0.6,8,7.0,0.2,6,6.0,,0
943101,BLG vs FPX,finished,best_of,3,False,2024-05-04 11:38:40+00:00,2024-05-04 13:08:55+00:00,90.25,13260,7387,4531,VCT,,128540,FunPlus Phoenix,2,133379,Bilibili Gaming,0,128540,FunPlus Phoenix,0.8,10,6.0,0.4,9,5.0,,1
960962,Upper bracket semifinal 2: DRX vs PR,finished,best_of,3,False,2024-05-04 11:14:09+00:00,2024-05-04 13:34:05+00:00,139.93333333333334,13483,7388,4531,VCT,8.05,128917,Paper Rex,2,130137,Kiwoom DRX,1,128917,Paper Rex,0.8,15,1.0,1.0,8,5.0,,1
943060,NRG vs 100T,finished,best_of,3,False,2024-05-04 21:05:58+00:00,2024-05-04 22:57:47+00:00,111.81666666666666,13259,7386,4531,VCT,8.05,128471,NRG,0,128605,100 Thieves,2,128605,100 Thieves,0.6,8,5.0,0.4,6,4.0,,0
943061,KRÜ vs LEV,finished,best_of,3,False,2024-05-04 23:32:20+00:00,2024-05-05 02:19:55+00:00,167.58333333333334,13259,7386,4531,VCT,8.05,128944,KRÜ Esports,1,128990,Leviatán Esports,2,128990,Leviatán Esports,1.0,7,5.0,0.6,7,10.0,,0
960964,Upper bracket final: T1 vs PR,finished,best_of,3,False,2024-05-05 08:06:35+00:00,2024-05-05 09:33:16+00:00,86.68333333333334,13483,7388,4531,VCT,8.05,128647,T1,0,128917,Paper Rex,2,128917,Paper Rex,0.8,11,0.0,0.8,16,0.0,0.0,0
943102,NOVA vs TEC,finished,best_of,3,False,2024-05-05 09:08:27+00:00,2024-05-05 10:34:47+00:00,86.33333333333333,13260,7387,4531,VCT,,133287,Nova Esports,2,133825,TEC Esports,0,133287,Nova Esports,0.2,8,6.0,0.4,9,8.0,,1
960963,Lower bracket semifinal: Gen.G vs DRX,finished,best_of,3,False,2024-05-05 10:08:41+00:00,2024-05-05 12:57:44+00:00,169.05,13483,7388,4531,VCT,8.05,128473,Gen.G Esports,2,130137,Kiwoom DRX,1,128473,Gen.G Esports,0.4,19,1.0,0.8,9,0.0,0.5,1
943103,TE vs EDG,finished,best_of,3,False,2024-05-05 11:12:07+00:00,2024-05-05 13:23:18+00:00,131.18333333333334,13260,7387,4531,VCT,8.05,128976,EDward Gaming,2,133380,Trace Esports,0,128976,EDward Gaming,0.8,11,3.0,0.6,10,8.0,1.0,1
943062,C9 vs MIBR,finished,best_of,3,False,2024-05-05 21:06:21+00:00,2024-05-05 23:07:52+00:00,121.51666666666667,13259,7386,4531,VCT,8.05,128819,Cloud9,2,130190,MIBR,0,128819,Cloud9,0.8,8,6.0,0.2,9,8.0,0.5,1
943064,G2 vs LOUD,finished,best_of,3,False,2024-05-05 23:34:12+00:00,2024-05-06 01:15:31+00:00,101.31666666666666,13259,7386,4531,VCT,8.05,128538,G2 Esports,0,130338,LOUD,2,130338,LOUD,0.6,10,8.0,0.2,13,8.0,,0
961552,Knockout round match 1: TE vs AG,finished,best_of,3,False,2024-05-08 09:08:18+00:00,2024-05-08 10:45:07+00:00,96.81666666666666,13486,7387,4531,VCT,8.08,128974,All Gamers,0,133380,Trace Esports,2,133380,Trace Esports,0.6,7,5.0,0.6,11,2.0,,0
961553,Knockout round match 2: DRG vs NOVA,finished,best_of,3,False,2024-05-08 11:20:48+00:00,2024-05-08 12:59:07+00:00,98.31666666666666,13486,7387,4531,VCT,,133279,Dragon Ranger Gaming,2,133287,Nova Esports,0,133279,Dragon Ranger Gaming,0.6,9,4.0,0.4,9,3.0,,1
948254,Round 1 match 1: FNC vs TL,finished,best_of,3,False,2024-05-08 15:03:37+00:00,2024-05-08 17:55:18+00:00,171.68333333333334,13304,7385,4531,VCT,8.08,128537,Fnatic,2,128541,Team Liquid,1,128537,Fnatic,0.6,8,5.0,0.4,9,5.0,,1
948255,Round 1 match 2: NAVI vs TH,finished,best_of,3,False,2024-05-08 18:19:24+00:00,2024-05-08 20:14:49+00:00,115.41666666666667,13304,7385,4531,VCT,8.08,128622,Team Heretics,2,129355,Natus Vincere,0,128622,Team Heretics,0.6,11,7.0,0.8,8,5.0,1.0,1
960967,Knockout round match 1: C9 vs G2,finished,best_of,3,False,2024-05-08 21:05:42+00:00,2024-05-08 23:03:24+00:00,117.7,13484,7386,4531,VCT,8.08,128538,G2 Esports,2,128819,Cloud9,0,128538,G2 Esports,0.4,11,2.0,0.8,9,2.0,,1
960968,Knockout round match 2: 100T vs LOUD,finished,best_of,3,False,2024-05-08 23:26:54+00:00,2024-05-09 00:57:42+00:00,90.8,13484,7386,4531,VCT,8.08,128605,100 Thieves,2,130338,LOUD,0,128605,100 Thieves,0.6,7,4.0,0.4,14,2.0,,1
961555,Upper bracket semifinal 1: FPX vs TE,finished,best_of,3,False,2024-05-09 09:09:46+00:00,2024-05-09 11:02:03+00:00,112.28333333333333,13486,7387,4531,VCT,,128540,FunPlus Phoenix,2,133380,Trace Esports,0,128540,FunPlus Phoenix,1.0,11,4.0,0.6,12,1.0,1.0,1
961556,Upper bracket semifinal 2: EDG vs DRG,finished,best_of,3,False,2024-05-09 11:45:00+00:00,2024-05-09 13:14:23+00:00,89.38333333333334,13486,7387,4531,VCT,,128976,EDward Gaming,2,133279,Dragon Ranger Gaming,0,128976,EDward Gaming,0.8,12,3.0,0.8,10,1.0,,1
948256,Upper bracket semifinal 1: KC vs FNC,finished,best_of,3,False,2024-05-09 15:03:50+00:00,2024-05-09 17:09:01+00:00,125.18333333333334,13304,7385,4531,VCT,8.08,128537,Fnatic,2,130922,Karmine Corp,0,128537,Fnatic,0.6,9,0.0,0.4,16,7.0,0.0,1
948257,Upper bracket semifinal 2: FUT vs TH,finished,best_of,3,False,2024-05-09 17:36:51+00:00,2024-05-09 19:50:22+00:00,133.51666666666668,13304,7385,4531,VCT,8.08,128578,FUT Esports,0,128622,Team Heretics,2,128622,Team Heretics,0.8,8,6.0,0.6,12,0.0,0.0,0
960969,Upper bracket semifinal 1: KRÜ vs G2,finished,best_of,3,False,2024-05-09 21:05:44+00:00,2024-05-09 22:41:00+00:00,95.26666666666667,13484,7386,4531,VCT,8.08,128538,G2 Esports,2,128944,KRÜ Esports,0,128538,G2 Esports,0.6,12,0.0,0.8,8,4.0,1.0,1
960970,Upper bracket semifinal 2: LEV vs 100T,finished,best_of,3,False,2024-05-09 23:06:00+00:00,2024-05-10 01:51:12+00:00,165.2,13484,7386,4531,VCT,8.08,128605,100 Thieves,2,128990,Leviatán Esports,1,128605,100 Thieves,0.8,8,1.0,0.8,8,4.0,0.0,1
961558,Upper bracket final: FPX vs EDG,finished,best_of,3,False,2024-05-10 09:08:39+00:00,2024-05-10 11:17:43+00:00,129.06666666666666,13486,7387,4531,VCT,,128540,FunPlus Phoenix,2,128976,EDward Gaming,0,128540,FunPlus Phoenix,1.0,12,1.0,0.8,13,0.0,0.5,1
961557,Lower bracket semifinal: TE vs DRG,finished,best_of,3,False,2024-05-10 11:56:38+00:00,2024-05-10 14:33:32+00:00,156.9,13486,7387,4531,VCT,,133279,Dragon Ranger Gaming,2,133380,Trace Esports,1,133279,Dragon Ranger Gaming,0.6,11,1.0,0.4,13,1.0,1.0,1
948259,Upper bracket final: FNC vs TH,finished,best_of,3,False,2024-05-10 15:04:12+00:00,2024-05-10 17:09:11+00:00,124.98333333333333,13304,7385,4531,VCT,8.08,128537,Fnatic,0,128622,Team Heretics,2,128622,Team Heretics,0.6,10,1.0,0.8,13,0.0,0.0,0
948258,Lower bracket semifinal: KC vs FUT,finished,best_of,3,False,2024-05-10 17:33:30+00:00,2024-05-10 19:17:22+00:00,103.86666666666666,13304,7385,4531,VCT,8.08,128578,FUT Esports,2,130922,Karmine Corp,0,128578,FUT Esports,0.6,9,0.0,0.4,17,1.0,0.5,1
960972,Upper bracket final: G2 vs 100T,finished,best_of,3,False,2024-05-10 21:05:47+00:00,2024-05-10 23:38:51+00:00,153.06666666666666,13484,7386,4531,VCT,8.08,128538,G2 Esports,1,128605,100 Thieves,2,128605,100 Thieves,0.6,13,1.0,0.8,9,0.0,0.0,0
960971,Lower bracket semifinal: KRÜ vs LEV,finished,best_of,3,False,2024-05-11 00:13:01+00:00,2024-05-11 02:58:19+00:00,165.3,13484,7386,4531,VCT,8.08,128944,KRÜ Esports,1,128990,Leviatán Esports,2,128990,Leviatán Esports,0.6,9,1.0,0.8,9,1.0,0.0,0
960965,Lower bracket final: T1 vs Gen.G,finished,best_of,5,False,2024-05-11 08:07:02+00:00,2024-05-11 10:26:14+00:00,139.2,13483,7388,4531,VCT,8.08,128473,Gen.G Esports,3,128647,T1,0,128473,Gen.G Esports,0.4,20,5.0,0.6,12,6.0,0.0,1
961559,Lower bracket final: EDG vs DRG,finished,best_of,5,False,2024-05-11 09:06:26+00:00,2024-05-11 12:23:57+00:00,197.51666666666668,13486,7387,4531,VCT,,128976,EDward Gaming,3,133279,Dragon Ranger Gaming,1,128976,EDward Gaming,0.6,14,1.0,0.6,12,0.0,1.0,1
948260,Lower bracket final: FNC vs FUT,finished,best_of,5,False,2024-05-11 15:03:28+00:00,2024-05-11 19:12:11+00:00,248.71666666666667,13304,7385,4531,VCT,8.08,128537,Fnatic,3,128578,FUT Esports,1,128537,Fnatic,0.4,11,1.0,0.6,10,0.0,0.0,1
960973,Lower bracket final: G2 vs LEV,finished,best_of,5,False,2024-05-11 21:07:13+00:00,2024-05-12 02:55:32+00:00,348.31666666666666,13484,7386,4531,VCT,8.08,128538,G2 Esports,3,128990,Leviatán Esports,2,128538,G2 Esports,0.6,14,1.0,0.8,10,0.0,0.0,1
960966,Grand final: PR vs Gen.G,finished,best_of,5,False,2024-05-12 08:10:29+00:00,2024-05-12 12:45:34+00:00,275.0833333333333,13483,7388,4531,VCT,8.08,128473,Gen.G Esports,2,128917,Paper Rex,3,128917,Paper Rex,0.6,21,1.0,1.0,17,7.0,0.5,0
961560,Grand final: FPX vs EDG,finished,best_of,5,False,2024-05-12 09:13:11+00:00,2024-05-12 13:10:47+00:00,237.6,13486,7387,4531,VCT,,128540,FunPlus Phoenix,1,128976,EDward Gaming,3,128976,EDward Gaming,1.0,13,2.0,0.8,15,1.0,0.6666666666666666,0
948261,Grand final: TH vs FNC,finished,best_of,5,False,2024-05-12 15:06:47+00:00,2024-05-12 20:42:09+00:00,335.3666666666667,13304,7385,4531,VCT,8.08,128537,Fnatic,3,128622,Team Heretics,2,128537,Fnatic,0.6,12,1.0,1.0,14,2.0,0.0,1
960974,Grand final: 100T vs G2,finished,best_of,5,False,2024-05-12 21:08:16+00:00,2024-05-12 23:46:12+00:00,157.93333333333334,13484,7386,4531,VCT,8.08,128538,G2 Esports,0,128605,100 Thieves,3,128605,100 Thieves,0.6,15,0.0,0.8,10,2.0,0.0,0
970827,Round 1: G2 vs T1,finished,best_of,3,False,2024-05-23 07:58:39+00:00,2024-05-23 10:45:48+00:00,167.15,13586,7521,4531,VCT,8.09,128538,G2 Esports,2,128647,T1,1,128538,G2 Esports,0.6,16,10.0,0.6,13,12.0,,1
970830,Round 1: FPX vs FUT,finished,best_of,3,False,2024-05-23 11:18:59+00:00,2024-05-23 14:13:05+00:00,174.1,13586,7521,4531,VCT,,128540,FunPlus Phoenix,2,128578,FUT Esports,1,128540,FunPlus Phoenix,0.8,14,11.0,0.6,11,11.0,,1
970829,Round 1: Gen.G vs LEV,finished,best_of,3,False,2024-05-24 08:03:24+00:00,2024-05-24 10:32:36+00:00,149.2,13586,7521,4531,VCT,8.09,128473,Gen.G Esports,2,128990,Leviatán Esports,1,128473,Gen.G Esports,0.4,22,11.0,0.6,11,12.0,,1
970828,Round 1: TH vs DRG,finished,best_of,3,False,2024-05-24 10:59:49+00:00,2024-05-24 12:24:57+00:00,85.13333333333334,13586,7521,4531,VCT,8.09,128622,Team Heretics,2,133279,Dragon Ranger Gaming,0,128622,Team Heretics,0.8,15,11.0,0.4,13,13.0,,1
970833,Round 2: FPX vs Gen.G,finished,best_of,3,False,2024-05-25 08:07:48+00:00,2024-05-25 11:15:33+00:00,187.75,13586,7521,4531,VCT,8.09,128473,Gen.G Esports,2,128540,FunPlus Phoenix,1,128473,Gen.G Esports,0.6,23,1.0,0.8,15,1.0,,1
970832,Round 2: G2 vs TH,finished,best_of,3,False,2024-05-25 11:42:45+00:00,2024-05-25 14:30:36+00:00,167.85,13586,7521,4531,VCT,8.09,128538,G2 Esports,2,128622,Team Heretics,1,128538,G2 Esports,0.6,17,2.0,0.8,16,1.0,,1
970834,Round 2: LEV vs T1,finished,best_of,3,False,2024-05-26 08:09:47+00:00,2024-05-26 09:49:17+00:00,99.5,13586,7521,4531,VCT,8.09,128647,T1,0,128990,Leviatán Esports,2,128990,Leviatán Esports,0.4,14,2.0,0.4,12,1.0,,0
970835,Round 2: DRG vs FUT,finished,best_of,3,False,2024-05-26 10:17:57+00:00,2024-05-26 12:14:36+00:00,116.65,13586,7521,4531,VCT,,128578,FUT Esports,2,133279,Dragon Ranger Gaming,0,128578,FUT Esports,0.4,12,2.0,0.4,14,1.0,,1
970837,Round 3: FPX vs TH,finished,best_of,3,False,2024-05-27 08:05:56+00:00,2024-05-27 11:10:43+00:00,184.78333333333333,13586,7521,4531,VCT,8.09,128540,FunPlus Phoenix,1,128622,Team Heretics,2,128622,Team Heretics,0.6,16,1.0,0.6,17,1.0,,0
970838,Round 3: FUT vs LEV,finished,best_of,3,False,2024-05-27 11:37:34+00:00,2024-05-27 14:20:07+00:00,162.55,13586,7521,4531,VCT,,128578,FUT Esports,2,128990,Leviatán Esports,1,128578,FUT Esports,0.4,13,1.0,0.4,13,1.0,,1
970844,Upper bracket round 1 match 3: 100T vs FUT,finished,best_of,3,False,2024-05-30 08:09:52+00:00,2024-05-30 09:26:25+00:00,76.55,13587,7521,4531,VCT,8.09,128578,FUT Esports,0,128605,100 Thieves,2,128605,100 Thieves,0.6,14,2.0,1.0,11,17.0,,0
970845,Upper bracket round 1 match 4: FNC vs Gen.G,finished,best_of,3,False,2024-05-30 10:00:24+00:00,2024-05-30 13:05:34+00:00,185.16666666666666,13587,7521,4531,VCT,8.09,128473,Gen.G Esports,2,128537,Fnatic,1,128473,Gen.G Esports,0.8,24,5.0,0.8,13,17.0,,1
970842,Upper bracket round 1 match 1: PR vs G2,finished,best_of,3,False,2024-05-31 08:06:53+00:00,2024-05-31 10:38:51+00:00,151.96666666666667,13587,7521,4531,VCT,8.09,128538,G2 Esports,2,128917,Paper Rex,1,128538,G2 Esports,0.6,18,5.0,1.0,18,18.0,,1
970843,Upper bracket round 1 match 2: EDG vs TH,finished,best_of,3,False,2024-05-31 11:13:28+00:00,2024-05-31 12:43:07+00:00,89.65,13587,7521,4531,VCT,8.09,128622,Team Heretics,2,128976,EDward Gaming,0,128622,Team Heretics,0.6,18,4.0,0.8,16,18.0,,1
970854,Lower bracket round 1 match 2: FUT vs FNC,finished,best_of,3,False,2024-06-01 08:05:13+00:00,2024-06-01 10:34:01+00:00,148.8,13587,7521,4531,VCT,8.09,128537,Fnatic,1,128578,FUT Esports,2,128578,FUT Esports,0.6,14,1.0,0.4,15,2.0,0.5,0
970849,Lower bracket round 1 match 1: PR vs EDG,finished,best_of,3,False,2024-06-01 11:00:24+00:00,2024-06-01 12:35:58+00:00,95.56666666666666,13587,7521,4531,VCT,8.09,128917,Paper Rex,2,128976,EDward Gaming,0,128917,Paper Rex,0.8,19,1.0,0.6,17,0.0,0.0,1
970847,Upper bracket semifinal 2: 100T vs Gen.G,finished,best_of,3,False,2024-06-02 08:05:01+00:00,2024-06-02 09:52:03+00:00,107.03333333333333,13587,7521,4531,VCT,8.09,128473,Gen.G Esports,2,128605,100 Thieves,0,128473,Gen.G Esports,0.8,25,2.0,1.0,12,3.0,,1
970846,Upper bracket semifinal 1: G2 vs TH,finished,best_of,3,False,2024-06-02 10:18:14+00:00,2024-06-02 12:59:59+00:00,161.75,13587,7521,4531,VCT,8.09,128538,G2 Esports,2,128622,Team Heretics,1,128538,G2 Esports,0.8,19,2.0,0.6,19,2.0,1.0,1
970857,Lower bracket round 2 match 1: 100T vs PR,finished,best_of,3,False,2024-06-03 08:08:07+00:00,2024-06-03 10:43:58+00:00,155.85,13587,7521,4531,VCT,8.09,128605,100 Thieves,2,128917,Paper Rex,1,128605,100 Thieves,0.8,13,1.0,0.8,20,1.0,,1
970858,Lower bracket round 2 match 2: TH vs FUT,finished,best_of,3,False,2024-06-03 11:09:39+00:00,2024-06-03 12:40:10+00:00,90.51666666666667,13587,7521,4531,VCT,8.09,128578,FUT Esports,0,128622,Team Heretics,2,128622,Team Heretics,0.6,16,2.0,0.6,20,0.0,0.0,0
970848,Upper bracket final: G2 vs Gen.G,finished,best_of,3,False,2024-06-07 07:00:32+00:00,2024-06-07 08:58:53+00:00,118.35,13587,7521,4531,VCT,8.09,128473,Gen.G Esports,2,128538,G2 Esports,0,128473,Gen.G Esports,0.8,26,4.0,0.8,20,4.0,,1
970859,Lower bracket semifinal: 100T vs TH,finished,best_of,3,False,2024-06-07 09:27:02+00:00,2024-06-07 11:10:17+00:00,103.25,13587,7521,4531,VCT,8.09,128605,100 Thieves,0,128622,Team Heretics,2,128622,Team Heretics,0.8,14,4.0,0.6,21,3.0,,0
970860,Lower bracket final: G2 vs TH,finished,best_of,5,False,2024-06-08 07:00:07+00:00,2024-06-08 09:41:05+00:00,160.96666666666667,13587,7521,4531,VCT,8.09,128538,G2 Esports,0,128622,Team Heretics,3,128622,Team Heretics,0.8,21,1.0,0.8,22,0.0,1.0,0
970861,Grand final: Gen.G vs TH,finished,best_of,5,False,2024-06-09 08:00:25+00:00,2024-06-09 12:41:51+00:00,281.43333333333334,13587,7521,4531,VCT,8.09,128473,Gen.G Esports,3,128622,Team Heretics,2,128473,Gen.G Esports,1.0,27,2.0,0.8,23,1.0,,1
986803,ZETA vs DRX,finished,best_of,3,False,2024-06-15 08:07:39+00:00,2024-06-15 10:18:13+00:00,130.56666666666666,13855,7660,4531,VCT,8.11,129326,ZETA DIVISION,1,130137,Kiwoom DRX,2,130137,Kiwoom DRX,0.4,10,47.0,0.6,10,40.0,,0
987242,TEC vs JD Gaming,finished,best_of,3,False,2024-06-15 11:11:01+00:00,2024-06-15 13:28:45+00:00,137.73333333333332,13862,7663,4531,VCT,,133825,TEC Esports,0,134454,JD Gaming,2,134454,JD Gaming,0.4,10,41.0,0.2,8,43.0,1.0,0
986804,TS vs BLD,finished,best_of,3,False,2024-06-15 10:51:01+00:00,2024-06-15 13:28:58+00:00,157.95,13855,7660,4531,VCT,8.11,129537,Team Secret,2,130643,Bleed eSports,1,129537,Team Secret,0.6,12,43.0,0.2,8,47.0,,1
987243,AG vs TYLOO,finished,best_of,3,False,2024-06-16 09:08:53+00:00,2024-06-16 10:44:46+00:00,95.88333333333334,13862,7663,4531,VCT,,128974,All Gamers,2,133288,TYLOO,0,128974,All Gamers,0.4,8,38.0,0.4,7,42.0,,1
986806,T1 vs Gen.G,finished,best_of,3,False,2024-06-16 08:06:05+00:00,2024-06-16 11:02:01+00:00,175.93333333333334,13855,7660,4531,VCT,8.11,128473,Gen.G Esports,2,128647,T1,1,128473,Gen.G Esports,1.0,28,6.0,0.2,15,21.0,0.5,1
986808,PR vs TLN,finished,best_of,3,False,2024-06-16 11:30:52+00:00,2024-06-16 12:55:17+00:00,84.41666666666667,13855,7660,4531,VCT,8.11,128917,Paper Rex,2,132132,Talon Esports,0,128917,Paper Rex,0.6,21,13.0,0.6,9,44.0,1.0,1
987244,BLG vs Wolves Esports,finished,best_of,3,False,2024-06-16 11:25:31+00:00,2024-06-16 13:04:37+00:00,99.1,13862,7663,4531,VCT,,133379,Bilibili Gaming,2,134335,Wolves Esports,0,133379,Bilibili Gaming,0.2,10,42.0,0.4,9,44.0,0.5,1
986809,RRQ vs DFM,finished,best_of,3,False,2024-06-17 08:11:28+00:00,2024-06-17 10:14:47+00:00,123.31666666666666,13855,7660,4531,VCT,8.11,130638,Rex Regum Qeon,2,131974,DetonatioN FocusMe,0,130638,Rex Regum Qeon,0.6,7,48.0,0.2,7,50.0,,1
986810,TS vs GE,finished,best_of,3,False,2024-06-17 10:47:01+00:00,2024-06-17 12:28:06+00:00,101.08333333333333,13855,7660,4531,VCT,8.11,129537,Team Secret,2,129660,Global Esports,0,129537,Team Secret,0.6,13,1.0,0.4,9,50.0,,1
986727,FUT vs KOI,finished,best_of,3,False,2024-06-18 18:00:45+00:00,2024-06-18 20:27:57+00:00,147.2,13851,7658,4531,VCT,8.11,128578,FUT Esports,2,130412,Movistar KOI,1,128578,FUT Esports,0.6,17,15.0,0.2,10,47.0,,1
986728,BBL vs FNC,finished,best_of,3,False,2024-06-19 16:03:34+00:00,2024-06-19 19:05:18+00:00,181.73333333333332,13851,7658,4531,VCT,8.11,128537,Fnatic,2,128577,BBL Esports,1,128537,Fnatic,0.4,15,18.0,0.6,8,47.0,,1
986729,TH vs NAVI,finished,best_of,3,False,2024-06-19 19:29:59+00:00,2024-06-19 20:52:26+00:00,82.45,13851,7658,4531,VCT,8.11,128622,Team Heretics,2,129355,Natus Vincere,0,128622,Team Heretics,0.6,24,10.0,0.6,9,42.0,1.0,1
986733,GX vs GM,finished,best_of,3,False,2024-06-20 16:03:45+00:00,2024-06-20 18:43:08+00:00,159.38333333333333,13851,7658,4531,VCT,8.11,133115,Gentle Mates,1,134423,GIANTX,2,134423,GIANTX,0.4,7,48.0,0.2,7,50.0,,0
986731,VIT vs TL,finished,best_of,3,False,2024-06-20 19:08:44+00:00,2024-06-20 21:26:22+00:00,137.63333333333333,13851,7658,4531,VCT,8.11,128541,Team Liquid,0,128796,Team Vitality,2,128796,Team Vitality,0.4,10,43.0,0.6,11,49.0,,0
987245,DRG vs NOVA,finished,best_of,3,False,2024-06-21 09:06:29+00:00,2024-06-21 11:48:50+00:00,162.35,13862,7663,4531,VCT,,133279,Dragon Ranger Gaming,1,133287,Nova Esports,2,133287,Nova Esports,0.2,15,25.0,0.2,10,43.0,1.0,0
987246,FPX vs TE,finished,best_of,3,False,2024-06-21 12:23:12+00:00,2024-06-21 15:07:53+00:00,164.68333333333334,13862,7663,4531,VCT,,128540,FunPlus Phoenix,1,133380,Trace Esports,2,133380,Trace Esports,0.4,17,25.0,0.2,14,42.0,1.0,0
986735,BBL vs KC,finished,best_of,3,False,2024-06-21 16:07:20+00:00,2024-06-21 17:25:23+00:00,78.05,13851,7658,4531,VCT,8.11,128577,BBL Esports,0,130922,Karmine Corp,2,130922,Karmine Corp,0.4,9,1.0,0.2,18,41.0,,0
986734,NAVI vs FUT,finished,best_of,3,False,2024-06-21 17:46:49+00:00,2024-06-21 19:35:24+00:00,108.58333333333333,13851,7658,4531,VCT,8.11,128578,FUT Esports,2,129355,Natus Vincere,0,128578,FUT Esports,0.6,18,2.0,0.4,10,1.0,,1
987247,TEC vs AG,finished,best_of,3,False,2024-06-22 09:06:32+00:00,2024-06-22 10:44:03+00:00,97.51666666666667,13862,7663,4531,VCT,,128974,All Gamers,2,133825,TEC Esports,0,128974,All Gamers,0.6,9,5.0,0.2,11,6.0,,1
986811,TLN vs RRQ,finished,best_of,3,False,2024-06-22 08:04:41+00:00,2024-06-22 11:24:35+00:00,199.9,13855,7660,4531,VCT,8.11,130638,Rex Regum Qeon,1,132132,Talon Esports,2,132132,Talon Esports,0.6,8,5.0,0.6,10,5.0,,0
987248,EDG vs Wolves Esports,finished,best_of,3,False,2024-06-22 11:17:29+00:00,2024-06-22 14:09:32+00:00,172.05,13862,7663,4531,VCT,,128976,EDward Gaming,1,134335,Wolves Esports,2,134335,Wolves Esports,0.4,18,21.0,0.4,10,6.0,1.0,0
986812,PR vs DRX,finished,best_of,3,False,2024-06-22 11:59:27+00:00,2024-06-22 14:09:44+00:00,130.28333333333333,13855,7660,4531,VCT,8.11,128917,Paper Rex,2,130137,Kiwoom DRX,1,128917,Paper Rex,0.6,22,6.0,0.6,11,7.0,1.0,1
986768,MIBR vs LEV,finished,best_of,3,False,2024-06-22 21:01:03+00:00,2024-06-22 22:52:45+00:00,111.7,13853,7659,4531,VCT,8.11,128990,Leviatán Esports,2,130190,MIBR,0,128990,Leviatán Esports,0.4,14,26.0,0.0,10,47.0,,1
986769,SEN vs NRG,finished,best_of,3,False,2024-06-22 23:16:06+00:00,2024-06-23 01:22:52+00:00,126.76666666666667,13853,7659,4531,VCT,8.11,128471,NRG,0,128472,Sentinels,2,128472,Sentinels,0.4,9,49.0,0.4,19,49.0,0.0,0
986813,GE vs BLD,finished,best_of,3,False,2024-06-23 08:04:28+00:00,2024-06-23 09:44:16+00:00,99.8,13855,7660,4531,VCT,8.11,129660,Global Esports,2,130643,Bleed eSports,0,129660,Global Esports,0.4,10,5.0,0.2,9,7.0,1.0,1
987249,TYLOO vs TE,finished,best_of,3,False,2024-06-23 09:07:16+00:00,2024-06-23 11:46:06+00:00,158.83333333333334,13862,7663,4531,VCT,,133288,TYLOO,1,133380,Trace Esports,2,133380,Trace Esports,0.4,8,7.0,0.4,15,1.0,0.0,0
986814,DFM vs ZETA,finished,best_of,3,False,2024-06-23 10:18:36+00:00,2024-06-23 13:06:31+00:00,167.91666666666666,13855,7660,4531,VCT,8.11,129326,ZETA DIVISION,1,131974,DetonatioN FocusMe,2,131974,DetonatioN FocusMe,0.2,11,8.0,0.0,8,6.0,,0
987250,NOVA vs BLG,finished,best_of,3,False,2024-06-23 12:18:52+00:00,2024-06-23 15:14:29+00:00,175.61666666666667,13862,7663,4531,VCT,,133287,Nova Esports,1,133379,Bilibili Gaming,2,133379,Bilibili Gaming,0.4,11,2.0,0.4,11,7.0,,0
986770,FUR vs 100T,finished,best_of,3,False,2024-06-23 21:05:29+00:00,2024-06-23 23:19:14+00:00,133.75,13853,7659,4531,VCT,8.11,128477,FURIA Esports,2,128605,100 Thieves,0,128477,FURIA Esports,0.0,7,50.0,0.6,15,16.0,,1
986771,LOUD vs EG,finished,best_of,3,False,2024-06-23 23:47:18+00:00,2024-06-24 02:26:37+00:00,159.31666666666666,13853,7659,4531,VCT,8.11,129181,Evil Geniuses,2,130338,LOUD,1,129181,Evil Geniuses,0.4,7,55.0,0.4,15,46.0,0.0,1
986815,DRX vs RRQ,finished,best_of,3,False,2024-06-24 08:04:15+00:00,2024-06-24 09:58:43+00:00,114.46666666666667,13855,7660,4531,VCT,8.11,130137,Kiwoom DRX,0,130638,Rex Regum Qeon,2,130638,Rex Regum Qeon,0.4,12,1.0,0.4,9,1.0,,0
986816,TS vs T1,finished,best_of,3,False,2024-06-24 10:30:22+00:00,2024-06-24 13:11:47+00:00,161.41666666666666,13855,7660,4531,VCT,8.11,128647,T1,1,129537,Team Secret,2,129537,Team Secret,0.0,16,8.0,0.6,14,7.0,1.0,0
986772,G2 vs C9,finished,best_of,3,False,2024-06-24 21:06:01+00:00,2024-06-24 23:50:46+00:00,164.75,13853,7659,4531,VCT,8.11,128538,G2 Esports,2,128819,Cloud9,1,128538,G2 Esports,0.6,22,16.0,0.6,10,47.0,1.0,1
986736,KOI vs GX,finished,best_of,3,False,2024-06-25 17:57:58+00:00,2024-06-25 19:58:52+00:00,120.9,13851,7658,4531,VCT,8.11,130412,Movistar KOI,2,134423,GIANTX,0,130412,Movistar KOI,0.2,11,6.0,0.4,8,5.0,,1
987251,JD Gaming vs FPX,finished,best_of,3,False,2024-06-26 11:08:56+00:00,2024-06-26 13:11:00+00:00,122.06666666666666,13862,7663,4531,VCT,,128540,FunPlus Phoenix,2,134454,JD Gaming,0,128540,FunPlus Phoenix,0.2,18,4.0,0.4,9,10.0,,1
986739,TH vs FUT,finished,best_of,3,False,2024-06-26 16:03:30+00:00,2024-06-26 17:47:55+00:00,104.41666666666667,13851,7658,4531,VCT,8.11,128578,FUT Esports,0,128622,Team Heretics,2,128622,Team Heretics,0.6,19,4.0,0.8,25,6.0,0.0,0
986737,FNC vs VIT,finished,best_of,3,False,2024-06-26 18:13:02+00:00,2024-06-26 20:51:02+00:00,158.0,13851,7658,4531,VCT,8.11,128537,Fnatic,2,128796,Team Vitality,1,128537,Fnatic,0.6,16,7.0,0.6,12,5.0,1.0,1
987252,EDG vs DRG,finished,best_of,3,False,2024-06-27 11:06:41+00:00,2024-06-27 12:45:34+00:00,98.88333333333334,13862,7663,4531,VCT,,128976,EDward Gaming,0,133279,Dragon Ranger Gaming,2,133279,Dragon Ranger Gaming,0.4,19,4.0,0.2,16,6.0,1.0,0
986740,BBL vs TL,finished,best_of,3,False,2024-06-27 16:03:40+00:00,2024-06-27 17:32:42+00:00,89.03333333333333,13851,7658,4531,VCT,8.11,128541,Team Liquid,0,128577,BBL Esports,2,128577,BBL Esports,0.4,11,6.0,0.2,10,6.0,,0
986741,NAVI vs GX,finished,best_of,3,False,2024-06-27 17:56:38+00:00,2024-06-27 19:34:42+00:00,98.06666666666666,13851,7658,4531,VCT,8.11,129355,Natus Vincere,0,134423,GIANTX,2,134423,GIANTX,0.2,11,5.0,0.4,9,1.0,,0
987253,NOVA vs Wolves Esports,finished,best_of,3,False,2024-06-28 09:08:20+00:00,2024-06-28 11:18:30+00:00,130.16666666666666,13862,7663,4531,VCT,,133287,Nova Esports,2,134335,Wolves Esports,0,133287,Nova Esports,0.4,12,4.0,0.4,11,5.0,,1
987254,JD Gaming vs TE,finished,best_of,3,False,2024-06-28 11:53:39+00:00,2024-06-28 14:16:02+00:00,142.38333333333333,13862,7663,4531,VCT,,133380,Trace Esports,1,134454,JD Gaming,2,134454,JD Gaming,0.6,16,5.0,0.4,10,2.0,,0
986742,KOI vs GM,finished,best_of,3,False,2024-06-28 16:03:47+00:00,2024-06-28 18:09:15+00:00,125.46666666666667,13851,7658,4531,VCT,8.11,130412,Movistar KOI,0,133115,Gentle Mates,2,133115,Gentle Mates,0.4,12,2.0,0.2,8,7.0,,0
986743,FNC vs KC,finished,best_of,3,False,2024-06-28 18:32:29+00:00,2024-06-28 20:02:48+00:00,90.31666666666666,13851,7658,4531,VCT,8.11,128537,Fnatic,2,130922,Karmine Corp,0,128537,Fnatic,0.6,17,1.0,0.4,19,7.0,0.5,1
986817,TLN vs DFM,finished,best_of,3,False,2024-06-29 08:04:11+00:00,2024-06-29 09:46:12+00:00,102.01666666666667,13855,7660,4531,VCT,8.11,131974,DetonatioN FocusMe,0,132132,Talon Esports,2,132132,Talon Esports,0.2,9,5.0,0.6,11,6.0,,0
987255,TEC vs TYLOO,finished,best_of,3,False,2024-06-29 09:06:32+00:00,2024-06-29 11:56:20+00:00,169.8,13862,7663,4531,VCT,,133288,TYLOO,2,133825,TEC Esports,1,133288,TYLOO,0.4,9,6.0,0.2,12,7.0,,1
986818,ZETA vs RRQ,finished,best_of,3,False,2024-06-29 10:18:48+00:00,2024-06-29 12:05:07+00:00,106.31666666666666,13855,7660,4531,VCT,8.11,129326,ZETA DIVISION,0,130638,Rex Regum Qeon,2,130638,Rex Regum Qeon,0.2,12,5.0,0.6,10,5.0,,0
987256,AG vs FPX,finished,best_of,3,False,2024-06-29 12:29:26+00:00,2024-06-29 15:10:33+00:00,161.11666666666667,13862,7663,4531,VCT,,128540,FunPlus Phoenix,2,128974,All Gamers,1,128540,FunPlus Phoenix,0.4,19,3.0,0.6,10,7.0,,1
986773,EG vs FUR,finished,best_of,3,False,2024-06-29 21:06:06+00:00,2024-06-29 22:39:38+00:00,93.53333333333333,13853,7659,4531,VCT,8.11,128477,FURIA Esports,0,129181,Evil Geniuses,2,129181,Evil Geniuses,0.2,8,5.0,0.6,8,5.0,,0
986774,SEN vs KRÜ,finished,best_of,3,False,2024-06-29 23:10:14+00:00,2024-06-30 01:10:10+00:00,119.93333333333334,13853,7659,4531,VCT,8.11,128472,Sentinels,2,128944,KRÜ Esports,0,128472,Sentinels,0.6,20,6.0,0.4,10,49.0,,1
986819,GE vs T1,finished,best_of,3,False,2024-06-30 08:04:01+00:00,2024-06-30 10:47:13+00:00,163.2,13855,7660,4531,VCT,8.11,128647,T1,2,129660,Global Esports,1,128647,T1,0.0,17,5.0,0.6,11,7.0,,1
987257,BLG vs DRG,finished,best_of,3,False,2024-06-30 09:08:19+00:00,2024-06-30 10:58:40+00:00,110.35,13862,7663,4531,VCT,,133279,Dragon Ranger Gaming,0,133379,Bilibili Gaming,2,133379,Bilibili Gaming,0.2,17,2.0,0.6,12,6.0,,0
987258,EDG vs NOVA,finished,best_of,3,False,2024-06-30 11:28:07+00:00,2024-06-30 13:02:24+00:00,94.28333333333333,13862,7663,4531,VCT,,128976,EDward Gaming,2,133287,Nova Esports,0,128976,EDward Gaming,0.2,20,3.0,0.6,13,2.0,,1
986820,BLD vs Gen.G,finished,best_of,3,False,2024-06-30 11:20:13+00:00,2024-06-30 13:56:55+00:00,156.7,13855,7660,4531,VCT,8.11,128473,Gen.G Esports,2,130643,Bleed eSports,1,128473,Gen.G Esports,1.0,29,14.0,0.2,10,7.0,,1
986775,LOUD vs MIBR,finished,best_of,3,False,2024-06-30 21:05:56+00:00,2024-06-30 23:58:44+00:00,172.8,13853,7659,4531,VCT,8.11,130190,MIBR,1,130338,LOUD,2,130338,LOUD,0.0,11,8.0,0.4,16,6.0,,0
986776,LEV vs 100T,finished,best_of,3,False,2024-07-01 00:26:32+00:00,2024-07-01 02:04:42+00:00,98.16666666666667,13853,7659,4531,VCT,8.11,128605,100 Thieves,0,128990,Leviatán Esports,2,128990,Leviatán Esports,0.4,16,7.0,0.4,15,8.0,0.5,0
986821,PR vs DFM,finished,best_of,3,False,2024-07-01 08:05:43+00:00,2024-07-01 09:35:54+00:00,90.18333333333334,13855,7660,4531,VCT,8.11,128917,Paper Rex,2,131974,DetonatioN FocusMe,0,128917,Paper Rex,0.6,23,8.0,0.2,10,1.0,,1
986822,DRX vs TLN,finished,best_of,3,False,2024-07-01 10:06:46+00:00,2024-07-01 12:43:58+00:00,157.2,13855,7660,4531,VCT,8.11,130137,Kiwoom DRX,2,132132,Talon Esports,1,130137,Kiwoom DRX,0.2,13,7.0,0.6,12,2.0,1.0,1
986777,NRG vs G2,finished,best_of,3,False,2024-07-01 21:06:11+00:00,2024-07-01 22:59:29+00:00,113.3,13853,7659,4531,VCT,9.0,128471,NRG,0,128538,G2 Esports,2,128538,G2 Esports,0.2,10,8.0,0.6,23,6.0,,0
986778,SEN vs C9,finished,best_of,3,False,2024-07-01 23:22:01+00:00,2024-07-02 01:03:24+00:00,101.38333333333334,13853,7659,4531,VCT,9.0,128472,Sentinels,2,128819,Cloud9,0,128472,Sentinels,0.6,21,1.0,0.4,11,7.0,,1
986779,EG vs LEV,finished,best_of,3,False,2024-07-02 21:05:23+00:00,2024-07-02 22:50:40+00:00,105.28333333333333,13853,7659,4531,VCT,9.0,128990,Leviatán Esports,2,129181,Evil Geniuses,0,128990,Leviatán Esports,0.6,16,1.0,0.8,9,3.0,,1
986780,LOUD vs FUR,finished,best_of,3,False,2024-07-02 23:19:20+00:00,2024-07-03 02:13:25+00:00,174.08333333333334,13853,7659,4531,VCT,9.0,128477,FURIA Esports,2,130338,LOUD,1,128477,FURIA Esports,0.2,9,3.0,0.6,17,2.0,,1
987259,AG vs TE,finished,best_of,3,False,2024-07-03 11:07:37+00:00,2024-07-03 12:41:35+00:00,93.96666666666667,13862,7663,4531,VCT,,128974,All Gamers,0,133380,Trace Esports,2,133380,Trace Esports,0.4,11,3.0,0.4,17,4.0,0.0,0
986744,TH vs GX,finished,best_of,3,False,2024-07-03 16:05:29+00:00,2024-07-03 19:09:00+00:00,183.51666666666668,13851,7658,4531,VCT,9.0,128622,Team Heretics,2,134423,GIANTX,1,128622,Team Heretics,0.8,26,7.0,0.6,10,5.0,,1
986745,FUT vs GM,finished,best_of,3,False,2024-07-03 19:30:39+00:00,2024-07-03 21:05:36+00:00,94.95,13851,7658,4531,VCT,9.0,128578,FUT Esports,2,133115,Gentle Mates,0,128578,FUT Esports,0.6,20,7.0,0.4,9,5.0,,1
986781,MIBR vs 100T,finished,best_of,3,False,2024-07-03 21:05:50+00:00,2024-07-03 22:37:56+00:00,92.1,13853,7659,4531,VCT,9.0,128605,100 Thieves,2,130190,MIBR,0,128605,100 Thieves,0.2,17,2.0,0.0,12,2.0,,1
986782,NRG vs KRÜ,finished,best_of,3,False,2024-07-03 23:08:56+00:00,2024-07-04 01:54:03+00:00,165.11666666666667,13853,7659,4531,VCT,9.0,128471,NRG,2,128944,KRÜ Esports,1,128471,NRG,0.2,11,2.0,0.2,11,4.0,,1
987260,TEC vs FPX,finished,best_of,3,False,2024-07-04 11:09:30+00:00,2024-07-04 12:50:19+00:00,100.81666666666666,13862,7663,4531,VCT,,128540,FunPlus Phoenix,0,133825,TEC Esports,2,133825,TEC Esports,0.4,20,4.0,0.2,13,5.0,,0
986746,KOI vs NAVI,finished,best_of,3,False,2024-07-04 16:02:57+00:00,2024-07-04 17:41:16+00:00,98.31666666666666,13851,7658,4531,VCT,9.0,129355,Natus Vincere,0,130412,Movistar KOI,2,130412,Movistar KOI,0.2,12,6.0,0.4,13,5.0,,0
986747,TL vs KC,finished,best_of,3,False,2024-07-04 18:07:59+00:00,2024-07-04 19:44:26+00:00,96.45,13851,7658,4531,VCT,9.0,128541,Team Liquid,2,130922,Karmine Corp,0,128541,Team Liquid,0.2,12,7.0,0.2,20,5.0,,1
986823,PR vs RRQ,finished,best_of,3,False,2024-07-05 08:07:08+00:00,2024-07-05 10:32:29+00:00,145.35,13855,7660,4531,VCT,9.0,128917,Paper Rex,2,130638,Rex Regum Qeon,1,128917,Paper Rex,0.8,24,4.0,0.8,11,5.0,,1
987261,TYLOO vs JD Gaming,finished,best_of,3,False,2024-07-05 09:10:27+00:00,2024-07-05 10:41:16+00:00,90.81666666666666,13862,7663,4531,VCT,,133288,TYLOO,0,134454,JD Gaming,2,134454,JD Gaming,0.4,10,5.0,0.6,11,6.0,,0
986824,Gen.G vs GE,finished,best_of,3,False,2024-07-05 11:06:33+00:00,2024-07-05 12:28:11+00:00,81.63333333333334,13855,7660,4531,VCT,9.0,128473,Gen.G Esports,2,129660,Global Esports,0,128473,Gen.G Esports,1.0,30,4.0,0.4,12,5.0,,1
987262,DRG vs Wolves Esports,finished,best_of,3,False,2024-07-05 11:19:06+00:00,2024-07-05 12:51:08+00:00,92.03333333333333,13862,7663,4531,VCT,,133279,Dragon Ranger Gaming,0,134335,Wolves Esports,2,134335,Wolves Esports,0.2,18,5.0,0.4,12,7.0,,0
986748,BBL vs VIT,finished,best_of,3,False,2024-07-05 16:03:02+00:00,2024-07-05 18:35:09+00:00,152.11666666666667,13851,7658,4531,VCT,9.0,128577,BBL Esports,1,128796,Team Vitality,2,128796,Team Vitality,0.2,11,8.0,0.4,13,8.0,,0
986749,TH vs GM,finished,best_of,3,False,2024-07-05 19:01:48+00:00,2024-07-05 21:38:37+00:00,156.81666666666666,13851,7658,4531,VCT,9.0,128622,Team Heretics,2,133115,Gentle Mates,1,128622,Team Heretics,0.8,27,2.0,0.4,10,2.0,,1
986825,DRX vs DFM,finished,best_of,3,False,2024-07-06 08:03:59+00:00,2024-07-06 10:19:32+00:00,135.55,13855,7660,4531,VCT,9.0,130137,Kiwoom DRX,2,131974,DetonatioN FocusMe,1,130137,Kiwoom DRX,0.4,14,4.0,0.2,11,5.0,1.0,1
987263,TE vs TEC,finished,best_of,3,False,2024-07-06 09:06:43+00:00,2024-07-06 11:58:20+00:00,171.61666666666667,13862,7663,4531,VCT,,133380,Trace Esports,2,133825,TEC Esports,1,133380,Trace Esports,0.6,18,2.0,0.2,14,1.0,1.0,1
986826,ZETA vs TLN,finished,best_of,3,False,2024-07-06 10:53:40+00:00,2024-07-06 13:23:40+00:00,150.0,13855,7660,4531,VCT,9.0,129326,ZETA DIVISION,2,132132,Talon Esports,1,129326,ZETA DIVISION,0.0,13,7.0,0.4,13,5.0,,1
987264,EDG vs BLG,finished,best_of,3,False,2024-07-06 12:34:17+00:00,2024-07-06 14:19:42+00:00,105.41666666666667,13862,7663,4531,VCT,,128976,EDward Gaming,2,133379,Bilibili Gaming,0,128976,EDward Gaming,0.2,21,6.0,0.8,13,6.0,,1
986783,G2 vs KRÜ,finished,best_of,3,False,2024-07-06 21:06:03+00:00,2024-07-07 00:10:41+00:00,184.63333333333333,13853,7659,4531,VCT,9.0,128538,G2 Esports,2,128944,KRÜ Esports,1,128538,G2 Esports,0.6,24,5.0,0.0,12,2.0,1.0,1
986784,LOUD vs LEV,finished,best_of,3,False,2024-07-07 00:32:45+00:00,2024-07-07 02:25:27+00:00,112.7,13853,7659,4531,VCT,9.0,128990,Leviatán Esports,2,130338,LOUD,0,128990,Leviatán Esports,0.8,17,4.0,0.4,18,4.0,0.0,1
986827,Gen.G vs TS,finished,best_of,3,False,2024-07-07 08:04:17+00:00,2024-07-07 10:38:51+00:00,154.56666666666666,13855,7660,4531,VCT,9.0,128473,Gen.G Esports,1,129537,Team Secret,2,129537,Team Secret,1.0,31,1.0,0.6,15,12.0,1.0,0
987265,JD Gaming vs AG,finished,best_of,3,False,2024-07-07 09:06:49+00:00,2024-07-07 10:43:14+00:00,96.41666666666667,13862,7663,4531,VCT,,128974,All Gamers,0,134454,JD Gaming,2,134454,JD Gaming,0.4,12,3.0,0.8,12,2.0,0.0,0
986828,PR vs ZETA,finished,best_of,3,False,2024-07-07 11:10:30+00:00,2024-07-07 13:32:09+00:00,141.65,13855,7660,4531,VCT,9.0,128917,Paper Rex,2,129326,ZETA DIVISION,1,128917,Paper Rex,0.8,25,2.0,0.2,14,1.0,,1
987266,TYLOO vs FPX,finished,best_of,3,False,2024-07-07 11:15:52+00:00,2024-07-07 13:59:09+00:00,163.28333333333333,13862,7663,4531,VCT,,128540,FunPlus Phoenix,1,133288,TYLOO,2,133288,TYLOO,0.4,21,3.0,0.4,11,2.0,,0
986785,MIBR vs FUR,finished,best_of,3,False,2024-07-07 21:04:50+00:00,2024-07-07 22:49:54+00:00,105.06666666666666,13853,7659,4531,VCT,9.0,128477,FURIA Esports,2,130190,MIBR,0,128477,FURIA Esports,0.4,10,4.0,0.0,13,4.0,0.0,1
986786,NRG vs C9,finished,best_of,3,False,2024-07-07 23:12:38+00:00,2024-07-08 02:05:51+00:00,173.21666666666667,13853,7659,4531,VCT,9.0,128471,NRG,1,128819,Cloud9,2,128819,Cloud9,0.2,12,4.0,0.4,12,6.0,1.0,0
986829,T1 vs BLD,finished,best_of,3,False,2024-07-08 08:05:35+00:00,2024-07-08 10:46:02+00:00,160.45,13855,7660,4531,VCT,9.0,128647,T1,2,130643,Bleed eSports,1,128647,T1,0.2,18,7.0,0.0,11,7.0,1.0,1
986787,EG vs 100T,finished,best_of,3,False,2024-07-08 21:01:54+00:00,2024-07-09 00:04:12+00:00,182.3,13853,7659,4531,VCT,9.0,128605,100 Thieves,2,129181,Evil Geniuses,1,128605,100 Thieves,0.4,18,5.0,0.8,10,6.0,,1
986750,FUT vs GX,finished,best_of,3,False,2024-07-09 18:02:55+00:00,2024-07-09 19:28:46+00:00,85.85,13851,7658,4531,VCT,9.0,128578,FUT Esports,2,134423,GIANTX,0,128578,FUT Esports,0.6,21,5.0,0.6,11,6.0,1.0,1
986751,TH vs KOI,finished,best_of,3,False,2024-07-10 16:10:51+00:00,2024-07-10 18:56:00+00:00,165.15,13851,7658,4531,VCT,9.0,128622,Team Heretics,2,130412,Movistar KOI,1,128622,Team Heretics,0.8,28,4.0,0.6,14,6.0,,1
986752,FNC vs TL,finished,best_of,3,False,2024-07-10 19:20:44+00:00,2024-07-10 20:50:39+00:00,89.91666666666667,13851,7658,4531,VCT,9.0,128537,Fnatic,2,128541,Team Liquid,0,128537,Fnatic,0.6,18,12.0,0.4,13,6.0,1.0,1
986753,NAVI vs GM,finished,best_of,3,False,2024-07-11 16:03:17+00:00,2024-07-11 18:47:07+00:00,163.83333333333334,13851,7658,4531,VCT,9.0,129355,Natus Vincere,2,133115,Gentle Mates,1,129355,Natus Vincere,0.0,13,7.0,0.2,11,5.0,,1
986754,VIT vs KC,finished,best_of,3,False,2024-07-11 19:12:30+00:00,2024-07-11 21:46:06+00:00,153.6,13851,7658,4531,VCT,9.0,128796,Team Vitality,2,130922,Karmine Corp,1,128796,Team Vitality,0.6,14,6.0,0.2,21,7.0,0.0,1
986830,Upper bracket quarterfinal 1: Gen.G vs RRQ,finished,best_of,3,False,2024-07-12 08:14:27+00:00,2024-07-12 09:55:59+00:00,101.53333333333333,13856,7660,4531,VCT,9.0,128473,Gen.G Esports,2,130638,Rex Regum Qeon,0,128473,Gen.G Esports,0.8,32,4.0,0.6,12,6.0,0.6666666666666666,1
986831,Upper bracket quarterfinal 2: TS vs TLN,finished,best_of,3,False,2024-07-12 10:34:00+00:00,2024-07-12 12:31:16+00:00,117.26666666666667,13856,7660,4531,VCT,9.0,129537,Team Secret,0,132132,Talon Esports,2,132132,Talon Esports,0.8,16,5.0,0.4,14,5.0,0.3333333333333333,0
986789,C9 vs KRÜ,finished,best_of,3,False,2024-07-13 00:05:32+00:00,2024-07-13 01:59:07+00:00,113.58333333333333,13853,7659,4531,VCT,9.0,128819,Cloud9,0,128944,KRÜ Esports,2,128944,KRÜ Esports,0.4,13,4.0,0.0,13,6.0,,0
986832,Upper bracket semifinal 1: PR vs Gen.G,finished,best_of,3,False,2024-07-13 08:07:35+00:00,2024-07-13 09:42:36+00:00,95.01666666666667,13856,7660,4531,VCT,9.0,128473,Gen.G Esports,2,128917,Paper Rex,0,128473,Gen.G Esports,0.8,33,0.0,1.0,26,5.0,0.4,1
986833,Upper bracket semifinal 2: DRX vs TLN,finished,best_of,3,False,2024-07-13 10:15:02+00:00,2024-07-13 11:49:30+00:00,94.46666666666667,13856,7660,4531,VCT,9.0,130137,Kiwoom DRX,2,132132,Talon Esports,0,130137,Kiwoom DRX,0.6,15,7.0,0.6,15,0.0,1.0,1
986790,EG vs MIBR,finished,best_of,3,False,2024-07-13 20:59:22+00:00,2024-07-13 22:46:22+00:00,107.0,13853,7659,4531,VCT,9.0,129181,Evil Geniuses,0,130190,MIBR,2,130190,MIBR,0.6,11,4.0,0.0,14,5.0,,0
986791,LEV vs FUR,finished,best_of,3,False,2024-07-13 23:11:48+00:00,2024-07-14 00:50:50+00:00,99.03333333333333,13853,7659,4531,VCT,9.0,128477,FURIA Esports,0,128990,Leviatán Esports,2,128990,Leviatán Esports,0.6,11,6.0,0.8,18,6.0,,0
986834,Upper bracket final: Gen.G vs DRX,finished,best_of,3,False,2024-07-14 08:06:34+00:00,2024-07-14 10:48:06+00:00,161.53333333333333,13856,7660,4531,VCT,9.0,128473,Gen.G Esports,2,130137,Kiwoom DRX,1,128473,Gen.G Esports,0.8,34,1.0,0.6,16,0.0,0.6666666666666666,1
986837,Lower bracket semifinal: PR vs TLN,finished,best_of,3,False,2024-07-14 11:17:51+00:00,2024-07-14 12:31:26+00:00,73.58333333333333,13856,7660,4531,VCT,9.0,128917,Paper Rex,2,132132,Talon Esports,0,128917,Paper Rex,0.8,27,1.0,0.4,16,1.0,1.0,1
986793,LOUD vs 100T,finished,best_of,3,False,2024-07-14 21:06:44+00:00,2024-07-14 23:31:59+00:00,145.25,13853,7659,4531,VCT,9.0,128605,100 Thieves,1,130338,LOUD,2,130338,LOUD,0.4,19,5.0,0.2,19,7.0,1.0,0
986794,SEN vs G2,finished,best_of,3,False,2024-07-14 23:56:39+00:00,2024-07-15 02:27:21+00:00,150.7,13853,7659,4531,VCT,9.0,128472,Sentinels,0,128538,G2 Esports,2,128538,G2 Esports,0.8,22,13.0,0.6,25,8.0,0.0,0
986755,Upper bracket quarterfinal 1: VIT vs NAVI,finished,best_of,3,False,2024-07-15 16:03:16+00:00,2024-07-15 18:27:43+00:00,144.45,13852,7658,4531,VCT,9.0,128796,Team Vitality,2,129355,Natus Vincere,1,128796,Team Vitality,0.6,15,3.0,0.2,14,3.0,0.0,1
986756,Upper bracket quarterfinal 2: FNC vs KC,finished,best_of,3,False,2024-07-15 18:53:50+00:00,2024-07-15 21:43:44+00:00,169.9,13852,7658,4531,VCT,9.0,128537,Fnatic,2,130922,Karmine Corp,1,128537,Fnatic,0.8,19,5.0,0.2,22,3.0,0.6666666666666666,1
987267,Upper bracket quarterfinal 1: TE vs AG,finished,best_of,3,False,2024-07-16 08:09:28+00:00,2024-07-16 10:01:12+00:00,111.73333333333333,13863,7663,4531,VCT,,128974,All Gamers,0,133380,Trace Esports,2,133380,Trace Esports,0.4,13,8.0,0.8,19,9.0,0.0,0
987268,Upper bracket quarterfinal 2: JD Gaming vs BLG,finished,best_of,3,False,2024-07-16 10:38:42+00:00,2024-07-16 12:28:59+00:00,110.28333333333333,13863,7663,4531,VCT,,133379,Bilibili Gaming,2,134454,JD Gaming,0,133379,Bilibili Gaming,0.6,14,9.0,0.8,13,9.0,1.0,1
986757,Upper bracket semifinal 1: TH vs VIT,finished,best_of,3,False,2024-07-16 16:03:35+00:00,2024-07-16 19:15:38+00:00,192.05,13852,7658,4531,VCT,9.0,128622,Team Heretics,1,128796,Team Vitality,2,128796,Team Vitality,1.0,29,6.0,0.8,16,1.0,0.0,0
986758,Upper bracket semifinal 2: FUT vs FNC,finished,best_of,3,False,2024-07-16 19:49:05+00:00,2024-07-16 21:39:37+00:00,110.53333333333333,13852,7658,4531,VCT,9.0,128537,Fnatic,2,128578,FUT Esports,0,128537,Fnatic,1.0,20,0.0,0.8,22,7.0,0.3333333333333333,1
987269,Upper bracket semifinal 1: FPX vs TE,finished,best_of,3,False,2024-07-17 08:07:46+00:00,2024-07-17 09:46:36+00:00,98.83333333333333,13863,7663,4531,VCT,,128540,FunPlus Phoenix,0,133380,Trace Esports,2,133380,Trace Esports,0.4,22,9.0,0.8,20,0.0,0.6666666666666666,0
987270,Upper bracket semifinal 2: EDG vs BLG,finished,best_of,3,False,2024-07-17 10:24:33+00:00,2024-07-17 12:59:52+00:00,155.31666666666666,13863,7663,4531,VCT,,128976,EDward Gaming,2,133379,Bilibili Gaming,1,128976,EDward Gaming,0.4,22,10.0,0.8,15,1.0,1.0,1
986759,Upper bracket final: VIT vs FNC,finished,best_of,3,False,2024-07-17 16:03:33+00:00,2024-07-17 17:52:40+00:00,109.11666666666666,13852,7658,4531,VCT,9.0,128537,Fnatic,2,128796,Team Vitality,0,128537,Fnatic,1.0,21,0.0,0.8,17,0.0,1.0,1
986761,Lower bracket semifinal: TH vs FUT,finished,best_of,3,False,2024-07-17 18:22:23+00:00,2024-07-17 20:18:42+00:00,116.31666666666666,13852,7658,4531,VCT,9.0,128578,FUT Esports,0,128622,Team Heretics,2,128622,Team Heretics,0.6,23,0.0,0.8,30,1.0,0.0,0
986795,Upper bracket quarterfinal 1: KRÜ vs C9,finished,best_of,3,False,2024-07-17 21:08:36+00:00,2024-07-18 00:02:39+00:00,174.05,13854,7659,4531,VCT,9.0,128819,Cloud9,1,128944,KRÜ Esports,2,128944,KRÜ Esports,0.2,14,4.0,0.2,14,4.0,0.0,0
986796,Upper bracket quarterfinal 2: SEN vs 100T,finished,best_of,3,False,2024-07-18 00:29:03+00:00,2024-07-18 02:21:58+00:00,112.91666666666667,13854,7659,4531,VCT,9.0,128472,Sentinels,0,128605,100 Thieves,2,128605,100 Thieves,0.8,23,2.0,0.4,20,3.0,1.0,0
987272,Upper bracket final: TE vs EDG,finished,best_of,3,False,2024-07-18 07:50:10+00:00,2024-07-18 09:25:39+00:00,95.48333333333333,13863,7663,4531,VCT,,128976,EDward Gaming,2,133380,Trace Esports,0,128976,EDward Gaming,0.6,23,0.0,0.8,21,0.0,1.0,1
987271,Lower bracket semifinal: FPX vs BLG,finished,best_of,3,False,2024-07-18 10:02:26+00:00,2024-07-18 12:50:06+00:00,167.66666666666666,13863,7663,4531,VCT,,128540,FunPlus Phoenix,2,133379,Bilibili Gaming,1,128540,FunPlus Phoenix,0.4,23,1.0,0.6,16,0.0,1.0,1
986797,Upper bracket semifinal 1: LEV vs KRÜ,finished,best_of,3,False,2024-07-18 21:05:00+00:00,2024-07-18 22:27:43+00:00,82.71666666666667,13854,7659,4531,VCT,9.01,128944,KRÜ Esports,0,128990,Leviatán Esports,2,128990,Leviatán Esports,0.4,15,0.0,1.0,19,4.0,0.0,0
986798,Upper bracket semifinal 2: G2 vs 100T,finished,best_of,3,False,2024-07-18 22:53:28+00:00,2024-07-19 00:45:39+00:00,112.18333333333334,13854,7659,4531,VCT,9.01,128538,G2 Esports,2,128605,100 Thieves,0,128538,G2 Esports,0.8,26,3.0,0.6,21,0.0,0.0,1
987273,Lower bracket final: TE vs FPX,finished,best_of,5,False,2024-07-19 08:05:08+00:00,2024-07-19 13:00:47+00:00,295.65,13863,7663,4531,VCT,9.0,128540,FunPlus Phoenix,3,133380,Trace Esports,2,128540,FunPlus Phoenix,0.4,24,1.0,0.8,22,1.0,0.5,1
986762,Lower bracket final: VIT vs TH,finished,best_of,5,False,2024-07-19 16:02:58+00:00,2024-07-19 19:12:19+00:00,189.35,13852,7658,4531,VCT,9.01,128622,Team Heretics,1,128796,Team Vitality,3,128796,Team Vitality,0.8,31,1.0,0.8,18,2.0,0.0,0
986799,Upper bracket final: LEV vs G2,finished,best_of,3,False,2024-07-19 21:00:18+00:00,2024-07-19 22:47:29+00:00,107.18333333333334,13854,7659,4531,VCT,9.01,128538,G2 Esports,2,128990,Leviatán Esports,0,128538,G2 Esports,1.0,27,0.0,1.0,20,1.0,0.5,1
986801,Lower bracket semifinal: KRÜ vs 100T,finished,best_of,3,False,2024-07-19 23:15:05+00:00,2024-07-20 02:30:58+00:00,195.88333333333333,13854,7659,4531,VCT,9.01,128605,100 Thieves,1,128944,KRÜ Esports,2,128944,KRÜ Esports,0.6,22,1.0,0.4,16,1.0,0.0,0
986838,Lower bracket final: DRX vs PR,finished,best_of,5,False,2024-07-20 08:13:21+00:00,2024-07-20 12:46:58+00:00,273.6166666666667,13856,7660,4531,VCT,9.01,128917,Paper Rex,2,130137,Kiwoom DRX,3,130137,Kiwoom DRX,0.8,28,6.0,0.6,17,6.0,1.0,0
987274,Grand final: EDG vs FPX,finished,best_of,5,False,2024-07-20 08:58:16+00:00,2024-07-20 13:41:58+00:00,283.7,13863,7663,4531,VCT,,128540,FunPlus Phoenix,2,128976,EDward Gaming,3,128976,EDward Gaming,0.4,25,1.0,0.8,24,2.0,0.5,0
986760,Grand final: FNC vs VIT,finished,best_of,5,False,2024-07-20 16:05:35+00:00,2024-07-20 19:30:19+00:00,204.73333333333332,13852,7658,4531,VCT,9.01,128537,Fnatic,3,128796,Team Vitality,1,128537,Fnatic,1.0,22,3.0,0.8,19,1.0,1.0,1
986802,Lower bracket final: LEV vs KRÜ,finished,best_of,5,False,2024-07-20 21:06:06+00:00,2024-07-21 01:52:44+00:00,286.6333333333333,13854,7659,4531,VCT,9.01,128944,KRÜ Esports,2,128990,Leviatán Esports,3,128990,Leviatán Esports,0.6,17,0.0,0.8,21,1.0,0.0,0
986835,Grand final: Gen.G vs DRX,finished,best_of,5,False,2024-07-21 08:19:16+00:00,2024-07-21 12:34:34+00:00,255.3,13856,7660,4531,VCT,9.01,128473,Gen.G Esports,3,130137,Kiwoom DRX,1,128473,Gen.G Esports,0.8,35,7.0,0.8,18,0.0,0.75,1
986800,Grand final: G2 vs LEV,finished,best_of,5,False,2024-07-21 21:08:32+00:00,2024-07-22 01:19:21+00:00,250.81666666666666,13854,7659,4531,VCT,9.01,128538,G2 Esports,1,128990,Leviatán Esports,3,128990,Leviatán Esports,1.0,28,2.0,0.8,22,0.0,0.6666666666666666,0
1011546,Gen.G vs SEN,finished,best_of,3,False,2024-08-01 08:11:08+00:00,2024-08-01 09:56:53+00:00,105.75,14146,7772,4531,VCT,9.01,128472,Sentinels,0,128473,Gen.G Esports,2,128473,Gen.G Esports,0.6,24,14.0,0.8,36,10.0,0.5,0
1011547,FPX vs TH,finished,best_of,3,False,2024-08-01 10:27:16+00:00,2024-08-01 13:49:33+00:00,202.28333333333333,14146,7772,4531,VCT,9.01,128540,FunPlus Phoenix,1,128622,Team Heretics,2,128622,Team Heretics,0.4,26,12.0,0.6,32,12.0,0.0,0
1011543,DRX vs KRÜ,finished,best_of,3,False,2024-08-02 08:00:50+00:00,2024-08-02 10:29:00+00:00,148.16666666666666,14145,7772,4531,VCT,9.01,128944,KRÜ Esports,1,130137,Kiwoom DRX,2,130137,Kiwoom DRX,0.6,18,12.0,0.6,19,11.0,,0
1011544,FNC vs BLG,finished,best_of,3,False,2024-08-02 10:59:31+00:00,2024-08-02 12:40:15+00:00,100.73333333333333,14145,7772,4531,VCT,9.01,128537,Fnatic,2,133379,Bilibili Gaming,0,128537,Fnatic,1.0,23,12.0,0.4,17,14.0,,1
1011548,LEV vs TLN,finished,best_of,3,False,2024-08-03 08:07:48+00:00,2024-08-03 10:03:02+00:00,115.23333333333333,14147,7772,4531,VCT,9.01,128990,Leviatán Esports,2,132132,Talon Esports,0,128990,Leviatán Esports,0.8,23,12.0,0.2,17,19.0,,1
1011550,VIT vs TE,finished,best_of,3,False,2024-08-03 10:31:46+00:00,2024-08-03 13:26:53+00:00,175.11666666666667,14147,7772,4531,VCT,9.01,128796,Team Vitality,1,133380,Trace Esports,2,133380,Trace Esports,0.6,20,13.0,0.6,23,15.0,,0
1011551,G2 vs PR,finished,best_of,3,False,2024-08-04 08:04:31+00:00,2024-08-04 09:51:49+00:00,107.3,14148,7772,4531,VCT,9.01,128538,G2 Esports,2,128917,Paper Rex,0,128538,G2 Esports,0.8,29,13.0,0.6,29,14.0,1.0,1
1011552,EDG vs FUT,finished,best_of,3,False,2024-08-04 10:17:11+00:00,2024-08-04 12:09:36+00:00,112.41666666666667,14148,7772,4531,VCT,9.01,128578,FUT Esports,0,128976,EDward Gaming,2,128976,EDward Gaming,0.4,24,17.0,1.0,25,14.0,,0
1011917,Winners match: Gen.G vs TH,finished,best_of,3,False,2024-08-06 08:05:34+00:00,2024-08-06 11:09:18+00:00,183.73333333333332,14146,7772,4531,VCT,9.01,128473,Gen.G Esports,1,128622,Team Heretics,2,128622,Team Heretics,1.0,37,5.0,0.6,33,4.0,1.0,0
1011914,Winners match: DRX vs FNC,finished,best_of,3,False,2024-08-06 11:35:58+00:00,2024-08-06 13:32:39+00:00,116.68333333333334,14145,7772,4531,VCT,9.01,128537,Fnatic,0,130137,Kiwoom DRX,2,130137,Kiwoom DRX,1.0,24,4.0,0.6,20,4.0,,0
1011920,Winners match: LEV vs TE,finished,best_of,3,False,2024-08-07 08:04:53+00:00,2024-08-07 10:52:41+00:00,167.8,14147,7772,4531,VCT,9.01,128990,Leviatán Esports,1,133380,Trace Esports,2,133380,Trace Esports,0.8,24,4.0,0.6,24,3.0,,0
1011923,Winners match: G2 vs EDG,finished,best_of,3,False,2024-08-07 11:15:17+00:00,2024-08-07 14:17:47+00:00,182.5,14148,7772,4531,VCT,9.01,128538,G2 Esports,2,128976,EDward Gaming,1,128538,G2 Esports,0.8,30,3.0,1.0,26,3.0,,1
1011918,Elimination match: SEN vs FPX,finished,best_of,3,False,2024-08-08 08:08:02+00:00,2024-08-08 09:45:30+00:00,97.46666666666667,14146,7772,4531,VCT,9.02,128472,Sentinels,2,128540,FunPlus Phoenix,0,128472,Sentinels,0.4,25,6.0,0.4,27,6.0,,1
1011915,Elimination match: KRÜ vs BLG,finished,best_of,3,False,2024-08-08 10:11:33+00:00,2024-08-08 11:52:01+00:00,100.46666666666667,14145,7772,4531,VCT,9.02,128944,KRÜ Esports,2,133379,Bilibili Gaming,0,128944,KRÜ Esports,0.4,19,6.0,0.2,18,5.0,,1
1011921,Elimination match: TLN vs VIT,finished,best_of,3,False,2024-08-09 08:14:59+00:00,2024-08-09 10:00:12+00:00,105.21666666666667,14147,7772,4531,VCT,9.01,128796,Team Vitality,2,132132,Talon Esports,0,128796,Team Vitality,0.4,21,5.0,0.2,18,5.0,,1
1011924,Elimination match: PR vs FUT,finished,best_of,3,False,2024-08-09 10:25:46+00:00,2024-08-09 12:09:05+00:00,103.31666666666666,14148,7772,4531,VCT,9.01,128578,FUT Esports,0,128917,Paper Rex,2,128917,Paper Rex,0.4,25,4.0,0.4,30,5.0,,0
1011919,Decider match: Gen.G vs SEN,finished,best_of,3,False,2024-08-10 08:02:23+00:00,2024-08-10 09:45:36+00:00,103.21666666666667,14146,7772,4531,VCT,9.01,128472,Sentinels,2,128473,Gen.G Esports,0,128472,Sentinels,0.4,26,2.0,0.8,38,3.0,0.3333333333333333,1
1011916,Decider match: FNC vs KRÜ,finished,best_of,3,False,2024-08-10 10:14:31+00:00,2024-08-10 13:14:38+00:00,180.11666666666667,14145,7772,4531,VCT,9.01,128537,Fnatic,2,128944,KRÜ Esports,1,128537,Fnatic,0.8,25,3.0,0.4,20,2.0,,1
1011922,Decider match: LEV vs VIT,finished,best_of,3,False,2024-08-11 08:04:44+00:00,2024-08-11 09:50:18+00:00,105.56666666666666,14147,7772,4531,VCT,9.01,128796,Team Vitality,0,128990,Leviatán Esports,2,128990,Leviatán Esports,0.4,22,1.0,0.6,25,3.0,,0
1011925,Decider match: EDG vs PR,finished,best_of,3,False,2024-08-11 10:17:10+00:00,2024-08-11 12:30:51+00:00,133.68333333333334,14148,7772,4531,VCT,9.01,128917,Paper Rex,1,128976,EDward Gaming,2,128976,EDward Gaming,0.4,31,2.0,0.8,27,3.0,0.5,0
1011898,Upper bracket quarterfinal 1: DRX vs SEN,finished,best_of,3,False,2024-08-14 08:07:06+00:00,2024-08-14 10:00:28+00:00,113.36666666666666,14186,7772,4531,VCT,9.02,128472,Sentinels,2,130137,Kiwoom DRX,0,128472,Sentinels,0.4,27,4.0,0.6,21,7.0,,1
1011899,Upper bracket quarterfinal 2: TE vs EDG,finished,best_of,3,False,2024-08-14 10:25:33+00:00,2024-08-14 12:09:42+00:00,104.15,14186,7772,4531,VCT,9.02,128976,EDward Gaming,2,133380,Trace Esports,0,128976,EDward Gaming,0.8,28,2.0,0.6,25,7.0,1.0,1
1011900,Upper bracket quarterfinal 3: G2 vs LEV,finished,best_of,3,False,2024-08-15 08:07:42+00:00,2024-08-15 10:11:15+00:00,123.55,14186,7772,4531,VCT,9.02,128538,G2 Esports,0,128990,Leviatán Esports,2,128990,Leviatán Esports,0.8,31,7.0,0.8,26,4.0,0.5,0
1011901,Upper bracket quarterfinal 4: TH vs FNC,finished,best_of,3,False,2024-08-15 10:41:26+00:00,2024-08-15 12:32:17+00:00,110.85,14186,7772,4531,VCT,9.02,128537,Fnatic,0,128622,Team Heretics,2,128622,Team Heretics,0.8,26,4.0,0.6,34,9.0,0.3333333333333333,0
1011902,Lower bracket round 1 match 1: DRX vs TE,finished,best_of,3,False,2024-08-16 08:05:56+00:00,2024-08-16 09:27:57+00:00,82.01666666666667,14186,7772,4531,VCT,9.02,130137,Kiwoom DRX,2,133380,Trace Esports,0,130137,Kiwoom DRX,0.6,22,1.0,0.4,26,1.0,,1
1011903,Lower bracket round 1 match 2: G2 vs FNC,finished,best_of,3,False,2024-08-16 09:56:02+00:00,2024-08-16 11:38:12+00:00,102.16666666666667,14186,7772,4531,VCT,9.02,128537,Fnatic,2,128538,G2 Esports,0,128537,Fnatic,0.6,27,0.0,0.6,32,1.0,,1
1011904,Upper bracket semifinal 1: SEN vs EDG,finished,best_of,3,False,2024-08-17 08:04:06+00:00,2024-08-17 10:50:43+00:00,166.61666666666667,14186,7772,4531,VCT,9.02,128472,Sentinels,1,128976,EDward Gaming,2,128976,EDward Gaming,0.6,28,3.0,0.8,29,2.0,,0
1011905,Upper bracket semifinal 2: LEV vs TH,finished,best_of,3,False,2024-08-17 11:19:47+00:00,2024-08-17 13:35:02+00:00,135.25,14186,7772,4531,VCT,9.02,128622,Team Heretics,0,128990,Leviatán Esports,2,128990,Leviatán Esports,0.8,35,2.0,0.8,27,2.0,,0
1011909,Lower bracket quarterfinal 2: SEN vs FNC,finished,best_of,3,False,2024-08-18 08:06:55+00:00,2024-08-18 11:05:29+00:00,178.56666666666666,14186,7772,4531,VCT,9.02,128472,Sentinels,2,128537,Fnatic,1,128472,Sentinels,0.6,29,1.0,0.6,28,1.0,,1
1011908,Lower bracket quarterfinal 1: TH vs DRX,finished,best_of,3,False,2024-08-18 11:32:51+00:00,2024-08-18 14:12:29+00:00,159.63333333333333,14186,7772,4531,VCT,9.02,128622,Team Heretics,2,130137,Kiwoom DRX,1,128622,Team Heretics,0.6,36,1.0,0.6,23,2.0,,1
1011910,Upper bracket final: EDG vs LEV,finished,best_of,3,False,2024-08-23 07:14:33+00:00,2024-08-23 10:24:44+00:00,190.18333333333334,14186,7772,4531,VCT,9.02,128976,EDward Gaming,2,128990,Leviatán Esports,1,128976,EDward Gaming,0.8,30,5.0,0.8,28,5.0,,1
1011911,Lower bracket semifinal: TH vs SEN,finished,best_of,3,False,2024-08-23 10:55:20+00:00,2024-08-23 13:47:37+00:00,172.28333333333333,14186,7772,4531,VCT,9.02,128472,Sentinels,1,128622,Team Heretics,2,128622,Team Heretics,0.8,30,5.0,0.8,37,4.0,1.0,0
1011912,Lower bracket final: LEV vs TH,finished,best_of,5,False,2024-08-24 07:06:53+00:00,2024-08-24 11:12:40+00:00,245.78333333333333,14186,7772,4531,VCT,9.02,128622,Team Heretics,3,128990,Leviatán Esports,1,128622,Team Heretics,0.8,38,0.0,0.6,29,1.0,0.0,1
1011913,Grand final: EDG vs TH,finished,best_of,5,False,2024-08-25 07:22:35+00:00,2024-08-25 12:21:34+00:00,298.98333333333335,14186,7772,4531,VCT,9.02,128622,Team Heretics,2,128976,EDward Gaming,3,128976,EDward Gaming,0.8,39,1.0,0.8,31,2.0,1.0,0
1096431,Upper bracket round 1 match 2: TYLOO vs TEC,finished,best_of,3,False,2025-01-11 09:08:36+00:00,2025-01-11 11:09:56+00:00,121.33333333333333,15634,8825,4531,VCT,9.11,133288,TYLOO,0,133825,TEC Esports,2,133825,TEC Esports,0.4,12,187.0,0.2,15,188.0,1.0,0
1096430,Upper bracket round 1 match 1: XLG vs Wolves Esports,finished,best_of,3,False,2025-01-11 11:46:56+00:00,2025-01-11 13:47:45+00:00,120.81666666666666,15634,8825,4531,VCT,9.11,134335,Wolves Esports,0,135470,XLG Gaming,2,135470,XLG Gaming,0.4,13,190.0,,0,,,0
1096432,Upper bracket round 1 match 3: JDG vs DRG,finished,best_of,3,False,2025-01-12 09:07:06+00:00,2025-01-12 11:57:15+00:00,170.15,15634,8825,4531,VCT,,133279,Dragon Ranger Gaming,2,134454,JD Gaming,1,133279,Dragon Ranger Gaming,0.2,19,190.0,0.6,14,179.0,1.0,1
1096433,Upper bracket round 1 match 4: AG vs NOVA,finished,best_of,3,False,2025-01-12 12:31:40+00:00,2025-01-12 14:07:57+00:00,96.28333333333333,15634,8825,4531,VCT,,128974,All Gamers,0,133287,Nova Esports,2,133287,Nova Esports,0.2,14,180.0,0.4,14,196.0,1.0,0
1089161,Upper bracket Upper bracket Round 1 match 3: BBL vs GX,finished,best_of,3,False,2025-01-15 17:08:05+00:00,2025-01-15 20:01:23+00:00,173.3,15578,8798,4531,VCT,10.00,128577,BBL Esports,2,134423,GIANTX,1,128577,BBL Esports,0.2,12,194.0,0.4,12,190.0,0.0,1
1089160,Upper bracket Upper bracket Round 1 match 2: KC vs NAVI,finished,best_of,3,False,2025-01-15 20:35:52+00:00,2025-01-15 23:21:10+00:00,165.3,15578,8798,4531,VCT,10.00,129355,Natus Vincere,1,130922,Karmine Corp,2,130922,Karmine Corp,0.2,15,184.0,0.2,23,184.0,1.0,0
1096479,Upper bracket quarterfinal 2: FPX vs TEC,finished,best_of,3,False,2025-01-16 09:11:28+00:00,2025-01-16 11:57:52+00:00,166.4,15634,8825,4531,VCT,,128540,FunPlus Phoenix,2,133825,TEC Esports,1,128540,FunPlus Phoenix,0.4,28,161.0,0.4,16,5.0,0.0,1
1096478,Upper bracket quarterfinal 1: BLG vs XLG,finished,best_of,3,False,2025-01-16 12:33:17+00:00,2025-01-16 15:35:52+00:00,182.58333333333334,15634,8825,4531,VCT,,133379,Bilibili Gaming,2,135470,XLG Gaming,1,133379,Bilibili Gaming,0.2,19,161.0,1.0,1,5.0,,1
1089159,Upper bracket Upper bracket Round 1 match 1: TL vs KOI,finished,best_of,3,False,2025-01-16 17:03:26+00:00,2025-01-16 19:38:48+00:00,155.36666666666667,15578,8798,4531,VCT,10.00,128541,Team Liquid,2,135651,KOI,1,128541,Team Liquid,0.2,14,189.0,,0,,,1
1089162,Upper bracket Round 1 match 4: APEKS vs GM,finished,best_of,3,False,2025-01-16 20:16:58+00:00,2025-01-16 22:11:16+00:00,114.3,15578,8798,4531,VCT,10.00,132560,Apeks,0,133115,Gentle Mates,2,133115,Gentle Mates,,0,,0.2,12,189.0,,0
1088536,Upper bracket round 1 match 1: EG vs LOUD,finished,best_of,3,False,2025-01-16 22:08:58+00:00,2025-01-17 00:19:07+00:00,130.15,15579,8799,4531,VCT,10.00,129181,Evil Geniuses,0,130338,LOUD,2,130338,LOUD,0.4,12,187.0,0.4,20,186.0,0.5,0
1088537,Upper bracket round 1 match 2: MIBR vs 100T,finished,best_of,3,False,2025-01-17 00:46:50+00:00,2025-01-17 02:43:57+00:00,117.11666666666666,15579,8799,4531,VCT,10.00,128605,100 Thieves,2,130190,MIBR,0,128605,100 Thieves,0.4,23,181.0,0.2,15,187.0,1.0,1
1096480,Upper bracket quarterfinal 3: TE vs DRG,finished,best_of,3,False,2025-01-17 09:07:13+00:00,2025-01-17 10:43:05+00:00,95.86666666666666,15634,8825,4531,VCT,,133279,Dragon Ranger Gaming,0,133380,Trace Esports,2,133380,Trace Esports,0.4,20,4.0,0.4,27,154.0,1.0,0
1096481,Upper bracket quarterfinal 4: EDG vs NOVA,finished,best_of,3,False,2025-01-17 11:17:26+00:00,2025-01-17 12:57:31+00:00,100.08333333333333,15634,8825,4531,VCT,,128976,EDward Gaming,2,133287,Nova Esports,0,128976,EDward Gaming,1.0,32,145.0,0.6,15,4.0,1.0,1
1089165,Upper bracket quarterfinal 3: FNC vs BBL,finished,best_of,3,False,2025-01-17 17:12:19+00:00,2025-01-17 20:32:21+00:00,200.03333333333333,15578,8798,4531,VCT,10.00,128537,Fnatic,1,128577,BBL Esports,2,128577,BBL Esports,0.4,29,152.0,0.4,13,2.0,1.0,0
1088539,Upper bracket round 1 match 4: 2GAME vs FUR,finished,best_of,3,False,2025-01-17 22:07:16+00:00,2025-01-17 23:39:17+00:00,92.01666666666667,15579,8799,4531,VCT,10.00,128477,FURIA Esports,2,134470,2GAME Esports,0,128477,FURIA Esports,0.6,12,187.0,,0,,,1
1089164,Upper bracket quarterfinal 2: VIT vs KC,finished,best_of,3,False,2025-01-17 20:58:09+00:00,2025-01-18 00:05:33+00:00,187.4,15578,8798,4531,VCT,10.00,128796,Team Vitality,2,130922,Karmine Corp,1,128796,Team Vitality,0.4,23,159.0,0.2,24,2.0,0.5,1
1088538,Upper bracket round 1 match 3: NRG vs C9,finished,best_of,3,False,2025-01-18 00:10:34+00:00,2025-01-18 02:21:15+00:00,130.68333333333334,15579,8799,4531,VCT,10.00,128471,NRG,0,128819,Cloud9,2,128819,Cloud9,0.2,13,194.0,0.2,15,184.0,0.5,0
1096494,Lower bracket round 1 match 3: TEC vs JDG,finished,best_of,3,False,2025-01-18 09:06:54+00:00,2025-01-18 10:48:52+00:00,101.96666666666667,15634,8825,4531,VCT,,133825,TEC Esports,0,134454,JD Gaming,2,134454,JD Gaming,0.4,17,1.0,0.6,15,5.0,0.6666666666666666,0
1089871,Upper bracket round 1 match 1: BOOM vs T1,finished,best_of,3,False,2025-01-18 08:09:03+00:00,2025-01-18 10:49:36+00:00,160.55,15614,8814,4531,VCT,10.00,128647,T1,2,128744,BOOM Esports,1,128647,T1,0.4,19,194.0,,0,,,1
1089874,Upper bracket round 1 match 4: ZETA vs NS,finished,best_of,3,False,2025-01-18 11:24:42+00:00,2025-01-18 13:03:15+00:00,98.55,15614,8814,4531,VCT,10.00,129326,ZETA DIVISION,0,132692,Nongshim RedForce,2,132692,Nongshim RedForce,0.2,15,194.0,,0,,,0
1096495,Lower bracket round 1 match 4: XLG vs AG,finished,best_of,3,False,2025-01-18 11:24:39+00:00,2025-01-18 13:47:36+00:00,142.95,15634,8825,4531,VCT,,128974,All Gamers,1,135470,XLG Gaming,2,135470,XLG Gaming,0.0,15,5.0,0.5,2,1.0,,0
1088540,Upper bracket quarterfinals match 1: KRÜ vs LOUD,finished,best_of,3,False,2025-01-18 22:04:55+00:00,2025-01-18 23:53:38+00:00,108.71666666666667,15579,8799,4531,VCT,10.00,128944,KRÜ Esports,0,130338,LOUD,2,130338,LOUD,0.4,21,161.0,0.6,21,1.0,1.0,0
1088542,Upper bracket quarterfinals match 2: SEN vs 100T,finished,best_of,3,False,2025-01-19 00:21:49+00:00,2025-01-19 03:07:35+00:00,165.76666666666668,15579,8799,4531,VCT,10.00,128472,Sentinels,2,128605,100 Thieves,1,128472,Sentinels,0.6,31,148.0,0.4,24,2.0,0.6666666666666666,1
1089872,Upper bracket round 1 match 2: GE vs TS,finished,best_of,3,False,2025-01-19 08:03:46+00:00,2025-01-19 10:30:12+00:00,146.43333333333334,15614,8814,4531,VCT,10.00,129537,Team Secret,1,129660,Global Esports,2,129660,Global Esports,0.8,17,190.0,0.4,13,197.0,1.0,0
1096493,Lower bracket round 1 match 2: DRG vs TYLOO,finished,best_of,3,False,2025-01-19 09:06:24+00:00,2025-01-19 10:47:33+00:00,101.15,15634,8825,4531,VCT,,133279,Dragon Ranger Gaming,2,133288,TYLOO,0,133279,Dragon Ranger Gaming,0.4,21,2.0,0.4,13,7.0,0.0,1
1089873,Upper bracket round 1 match 3: DFM vs RRQ,finished,best_of,3,False,2025-01-19 11:09:27+00:00,2025-01-19 13:46:02+00:00,156.58333333333334,15614,8814,4531,VCT,10.00,130638,Rex Regum Qeon,2,131974,DetonatioN FocusMe,1,130638,Rex Regum Qeon,0.4,13,191.0,0.2,12,197.0,1.0,1
1096492,Lower bracket round 1 match 1: NOVA vs Wolves Esports,finished,best_of,3,False,2025-01-19 11:28:32+00:00,2025-01-19 14:13:36+00:00,165.06666666666666,15634,8825,4531,VCT,,133287,Nova Esports,2,134335,Wolves Esports,1,133287,Nova Esports,0.4,16,2.0,0.4,14,8.0,1.0,1
1088544,Upper bracket quarterfinals match 4: LEV vs FUR,finished,best_of,3,False,2025-01-19 22:05:29+00:00,2025-01-19 23:53:37+00:00,108.13333333333334,15579,8799,4531,VCT,10.00,128477,FURIA Esports,0,128990,Leviatán Esports,2,128990,Leviatán Esports,0.6,13,2.0,0.6,30,148.0,0.0,0
1088543,Upper bracket quarterfinals match 3: G2 vs C9,finished,best_of,3,False,2025-01-20 00:33:27+00:00,2025-01-20 02:11:51+00:00,98.4,15579,8799,4531,VCT,10.00,128538,G2 Esports,2,128819,Cloud9,0,128538,G2 Esports,0.4,33,156.0,0.4,16,1.0,1.0,1
1089878,Upper bracket quarterfinal 4: DRX vs NS,finished,best_of,3,False,2025-01-20 08:04:09+00:00,2025-01-20 10:46:09+00:00,162.0,15614,8814,4531,VCT,10.00,130137,Kiwoom DRX,2,132692,Nongshim RedForce,1,130137,Kiwoom DRX,0.6,24,154.0,1.0,1,1.0,,1
1096482,Upper bracket semifinal 1: BLG vs FPX,finished,best_of,3,False,2025-01-20 09:07:01+00:00,2025-01-20 11:03:06+00:00,116.08333333333333,15634,8825,4531,VCT,,128540,FunPlus Phoenix,0,133379,Bilibili Gaming,2,133379,Bilibili Gaming,0.4,29,3.0,0.2,20,3.0,1.0,0
1096483,Upper bracket semifinal 2: TE vs EDG,finished,best_of,3,False,2025-01-20 11:37:34+00:00,2025-01-20 13:02:58+00:00,85.4,15634,8825,4531,VCT,,128976,EDward Gaming,0,133380,Trace Esports,2,133380,Trace Esports,1.0,33,3.0,0.6,28,3.0,1.0,0
1089875,Upper bracket quarterfinal 1: PR vs T1,finished,best_of,3,False,2025-01-20 11:14:33+00:00,2025-01-20 13:41:42+00:00,147.15,15614,8814,4531,VCT,10.00,128647,T1,2,128917,Paper Rex,1,128647,T1,0.6,20,2.0,0.4,32,162.0,0.0,1
1096490,Lower bracket round 2 match 1: NOVA vs DRG,finished,best_of,3,False,2025-01-21 09:07:11+00:00,2025-01-21 10:52:46+00:00,105.58333333333333,15634,8825,4531,VCT,,133279,Dragon Ranger Gaming,2,133287,Nova Esports,0,133279,Dragon Ranger Gaming,0.4,22,2.0,0.6,17,1.0,0.5,1
1096491,Lower bracket round 2 match 2: JDG vs XLG,finished,best_of,3,False,2025-01-21 11:26:26+00:00,2025-01-21 14:06:39+00:00,160.21666666666667,15634,8825,4531,VCT,,134454,JD Gaming,1,135470,XLG Gaming,2,135470,XLG Gaming,0.6,16,3.0,0.6666666666666666,3,3.0,,0
1096488,Lower bracket quarterfinal 1: FPX vs DRG,finished,best_of,3,False,2025-01-22 09:08:07+00:00,2025-01-22 11:36:17+00:00,148.16666666666666,15634,8825,4531,VCT,,128540,FunPlus Phoenix,1,133279,Dragon Ranger Gaming,2,133279,Dragon Ranger Gaming,0.2,30,2.0,0.6,23,1.0,1.0,0
1096489,Lower bracket quarterfinal 2: EDG vs XLG,finished,best_of,3,False,2025-01-22 12:11:30+00:00,2025-01-22 14:46:18+00:00,154.8,15634,8825,4531,VCT,,128976,EDward Gaming,2,135470,XLG Gaming,1,128976,EDward Gaming,0.8,34,2.0,0.75,4,1.0,,1
1089163,Upper bracket quarterfinal 1: FUT vs TL,finished,best_of,3,False,2025-01-22 17:08:18+00:00,2025-01-22 18:45:50+00:00,97.53333333333333,15578,8798,4531,VCT,10.00,128541,Team Liquid,0,128578,FUT Esports,2,128578,FUT Esports,0.4,15,5.0,0.2,26,166.0,0.0,0
1089166,Upper bracket quarterfinal 4: TH vs GM,finished,best_of,3,False,2025-01-22 19:14:42+00:00,2025-01-22 21:29:26+00:00,134.73333333333332,15578,8798,4531,VCT,10.00,128622,Team Heretics,2,133115,Gentle Mates,1,128622,Team Heretics,0.6,40,150.0,0.4,13,5.0,1.0,1
1096484,Upper bracket final: BLG vs TE,finished,best_of,3,False,2025-01-23 09:08:13+00:00,2025-01-23 11:47:14+00:00,159.01666666666668,15634,8825,4531,VCT,,133379,Bilibili Gaming,1,133380,Trace Esports,2,133380,Trace Esports,0.4,21,3.0,0.6,29,2.0,0.0,0
1096487,Lower bracket semifinal: DRG vs EDG,finished,best_of,3,False,2025-01-23 12:27:05+00:00,2025-01-23 13:51:02+00:00,83.95,15634,8825,4531,VCT,,128976,EDward Gaming,2,133279,Dragon Ranger Gaming,0,128976,EDward Gaming,0.8,35,0.0,0.8,24,1.0,0.6666666666666666,1
1093182,Lower bracket round 1 match 3: KC vs GX,finished,best_of,3,False,2025-01-23 17:04:24+00:00,2025-01-23 20:04:01+00:00,179.61666666666667,15578,8798,4531,VCT,10.00,130922,Karmine Corp,1,134423,GIANTX,2,134423,GIANTX,0.2,25,5.0,0.2,13,8.0,1.0,0
1088550,Lower bracket round 1 match 1: FUR vs EG,finished,best_of,3,False,2025-01-23 22:05:43+00:00,2025-01-23 23:53:27+00:00,107.73333333333333,15579,8799,4531,VCT,10.00,128477,FURIA Esports,0,129181,Evil Geniuses,2,129181,Evil Geniuses,0.6,14,3.0,0.2,13,6.0,0.0,0
1093180,Lower bracket round 1 match 2: FNC vs NAVI,finished,best_of,3,False,2025-01-23 20:30:29+00:00,2025-01-23 23:55:52+00:00,205.38333333333333,15578,8798,4531,VCT,10.00,128537,Fnatic,2,129355,Natus Vincere,1,128537,Fnatic,0.4,30,6.0,0.2,16,8.0,0.0,1
1088551,Lower bracket round 1 match 2: C9 vs MIBR,finished,best_of,3,False,2025-01-24 00:21:12+00:00,2025-01-24 03:12:56+00:00,171.73333333333332,15579,8799,4531,VCT,10.00,128819,Cloud9,1,130190,MIBR,2,130190,MIBR,0.4,17,4.0,0.2,16,7.0,0.6666666666666666,0
1096486,Lower bracket final: BLG vs EDG,finished,best_of,5,False,2025-01-24 09:08:15+00:00,2025-01-24 11:52:17+00:00,164.03333333333333,15634,8825,4531,VCT,,128976,EDward Gaming,3,133379,Bilibili Gaming,0,128976,EDward Gaming,0.8,36,0.0,0.4,22,1.0,1.0,1
1093183,Lower bracket round 1 match 4: TL vs APEKS,finished,best_of,3,False,2025-01-24 17:03:44+00:00,2025-01-24 19:42:51+00:00,159.11666666666667,15578,8798,4531,VCT,10.00,128541,Team Liquid,2,132560,Apeks,1,128541,Team Liquid,0.4,16,2.0,0.0,1,7.0,,1
1093179,Lower bracket round 1 match 1: GM vs KOI,finished,best_of,3,False,2025-01-24 20:09:40+00:00,2025-01-24 22:27:17+00:00,137.61666666666667,15578,8798,4531,VCT,10.00,133115,Gentle Mates,2,135651,KOI,1,133115,Gentle Mates,0.2,14,2.0,0.0,1,8.0,,1
1088553,Lower bracket round 1 match 4: KRÜ vs 2GAME,finished,best_of,3,False,2025-01-24 22:04:59+00:00,2025-01-24 23:37:00+00:00,92.01666666666667,15579,8799,4531,VCT,10.00,128944,KRÜ Esports,2,134470,2GAME Esports,0,128944,KRÜ Esports,0.2,22,5.0,0.0,1,6.0,,1
1088552,Lower bracket round 1 match 3: 100T vs NRG,finished,best_of,3,False,2025-01-25 00:14:35+00:00,2025-01-25 03:41:23+00:00,206.8,15579,8799,4531,VCT,10.00,128471,NRG,2,128605,100 Thieves,1,128471,NRG,0.2,14,7.0,0.4,25,6.0,0.0,1
1089876,Upper bracket quarterfinal 2: TLN vs GE,finished,best_of,3,False,2025-01-25 08:07:12+00:00,2025-01-25 10:39:03+00:00,151.85,15614,8814,4531,VCT,10.00,129660,Global Esports,1,132132,Talon Esports,2,132132,Talon Esports,0.4,14,6.0,0.2,19,169.0,0.0,0
1096485,Grand final: TE vs EDG,finished,best_of,5,False,2025-01-25 09:09:05+00:00,2025-01-25 13:06:57+00:00,237.86666666666667,15634,8825,4531,VCT,,128976,EDward Gaming,3,133380,Trace Esports,1,128976,EDward Gaming,0.8,37,1.0,0.6,30,2.0,0.8,1
1089877,Upper bracket quarterfinal 3: Gen.G vs RRQ,finished,best_of,3,False,2025-01-25 11:10:40+00:00,2025-01-25 14:03:30+00:00,172.83333333333334,15614,8814,4531,VCT,10.00,128473,Gen.G Esports,2,130638,Rex Regum Qeon,1,128473,Gen.G Esports,0.6,39,168.0,0.6,14,6.0,0.75,1
1089894,Lower bracket round 1 match 1: NS vs BOOM,finished,best_of,3,False,2025-01-26 08:05:04+00:00,2025-01-26 10:42:08+00:00,157.06666666666666,15614,8814,4531,VCT,10.00,128744,BOOM Esports,1,132692,Nongshim RedForce,2,132692,Nongshim RedForce,0.0,1,7.0,0.5,2,5.0,,0
1089897,Lower bracket round 1 match 4: PR vs ZETA,finished,best_of,3,False,2025-01-26 11:21:34+00:00,2025-01-26 12:49:30+00:00,87.93333333333334,15614,8814,4531,VCT,10.00,128917,Paper Rex,2,129326,ZETA DIVISION,0,128917,Paper Rex,0.2,33,5.0,0.2,16,7.0,1.0,1
1089895,Lower bracket round 1 match 2: RRQ vs TS,finished,best_of,3,False,2025-01-27 08:06:39+00:00,2025-01-27 10:45:43+00:00,159.06666666666666,15614,8814,4531,VCT,10.00,129537,Team Secret,1,130638,Rex Regum Qeon,2,130638,Rex Regum Qeon,0.6,18,8.0,0.4,15,1.0,0.0,0
1089896,Lower bracket round 1 match 3: GE vs DFM,finished,best_of,3,False,2025-01-27 11:14:23+00:00,2025-01-27 13:10:09+00:00,115.76666666666667,15614,8814,4531,VCT,10.00,129660,Global Esports,0,131974,DetonatioN FocusMe,2,131974,DetonatioN FocusMe,0.4,15,2.0,0.2,13,7.0,1.0,0
1093185,Upper bracket semifinal 2: BBL vs TH,finished,best_of,3,False,2025-01-29 17:05:08+00:00,2025-01-29 18:59:21+00:00,114.21666666666667,15578,8798,4531,VCT,10.00,128577,BBL Esports,0,128622,Team Heretics,2,128622,Team Heretics,0.6,14,11.0,0.8,41,6.0,1.0,0
1093184,Upper bracket semifinal 1: FUT vs VIT,finished,best_of,3,False,2025-01-29 19:26:58+00:00,2025-01-29 21:01:14+00:00,94.26666666666667,15578,8798,4531,VCT,10.00,128578,FUT Esports,0,128796,Team Vitality,2,128796,Team Vitality,0.2,27,7.0,0.4,24,11.0,0.0,0
1093187,Lower bracket round 2 match 1: GM vs FNC,finished,best_of,3,False,2025-01-30 17:04:38+00:00,2025-01-30 18:39:10+00:00,94.53333333333333,15578,8798,4531,VCT,10.00,128537,Fnatic,2,133115,Gentle Mates,0,128537,Fnatic,0.4,31,6.0,0.4,15,5.0,1.0,1
1093188,Lower bracket round 2 match 2: GX vs TL,finished,best_of,3,False,2025-01-30 19:10:25+00:00,2025-01-30 20:44:54+00:00,94.48333333333333,15578,8798,4531,VCT,10.00,128541,Team Liquid,2,134423,GIANTX,0,128541,Team Liquid,0.6,17,6.0,0.4,14,7.0,1.0,1
1089879,Upper bracket semifinal 1: T1 vs TLN,finished,best_of,3,False,2025-01-31 08:04:42+00:00,2025-01-31 10:17:55+00:00,133.21666666666667,15614,8814,4531,VCT,10.00,128647,T1,2,132132,Talon Esports,1,128647,T1,0.8,21,10.0,0.2,20,5.0,0.0,1
1089880,Upper bracket semifinal 2: Gen.G vs DRX,finished,best_of,3,False,2025-01-31 10:48:10+00:00,2025-01-31 12:49:38+00:00,121.46666666666667,15614,8814,4531,VCT,10.00,128473,Gen.G Esports,0,130137,Kiwoom DRX,2,130137,Kiwoom DRX,0.6,40,5.0,0.6,25,11.0,0.8,0
1093189,Lower bracket quarterfinal 1: FUT vs FNC,finished,best_of,3,False,2025-01-31 17:04:26+00:00,2025-01-31 18:49:05+00:00,104.65,15578,8798,4531,VCT,10.00,128537,Fnatic,0,128578,FUT Esports,2,128578,FUT Esports,0.6,32,1.0,0.2,28,1.0,0.5,0
1093190,Lower bracket quarterfinal 2: BBL vs TL,finished,best_of,3,False,2025-01-31 19:18:29+00:00,2025-01-31 22:16:01+00:00,177.53333333333333,15578,8798,4531,VCT,10.00,128541,Team Liquid,2,128577,BBL Esports,1,128541,Team Liquid,0.6,18,1.0,0.6,15,2.0,0.0,1
1088556,Upper bracket semifinals match 1: LOUD vs SEN,finished,best_of,3,False,2025-01-31 22:07:00+00:00,2025-02-01 01:13:59+00:00,186.98333333333332,15579,8799,4531,VCT,10.00,128472,Sentinels,2,130338,LOUD,1,128472,Sentinels,0.6,32,12.0,0.6,22,13.0,0.5,1
1088557,Upper bracket semifinals match 2: G2 vs LEV,finished,best_of,3,False,2025-02-01 02:09:48+00:00,2025-02-01 03:54:26+00:00,104.63333333333334,15579,8799,4531,VCT,10.00,128538,G2 Esports,2,128990,Leviatán Esports,0,128538,G2 Esports,0.6,34,12.0,0.6,31,12.0,0.4,1
1089892,Lower bracket round 2 match 1: NS vs RRQ,finished,best_of,3,False,2025-02-01 08:04:19+00:00,2025-02-01 11:46:31+00:00,222.2,15614,8814,4531,VCT,10.00,130638,Rex Regum Qeon,1,132692,Nongshim RedForce,2,132692,Nongshim RedForce,0.4,16,5.0,0.6666666666666666,3,6.0,,0
1089893,Lower bracket round 2 match 2: DFM vs PR,finished,best_of,3,False,2025-02-01 12:16:23+00:00,2025-02-01 13:51:14+00:00,94.85,15614,8814,4531,VCT,10.00,128917,Paper Rex,0,131974,DetonatioN FocusMe,2,131974,DetonatioN FocusMe,0.4,34,6.0,0.2,14,5.0,1.0,0
1088554,Lower bracket round 2 match 1: EG vs MIBR,finished,best_of,3,False,2025-02-01 22:09:53+00:00,2025-02-01 23:57:17+00:00,107.4,15579,8799,4531,VCT,10.00,129181,Evil Geniuses,0,130190,MIBR,2,130190,MIBR,0.2,14,9.0,0.4,17,8.0,0.0,0
1088555,Lower bracket round 2 match 2: NRG vs KRÜ,finished,best_of,3,False,2025-02-02 00:29:25+00:00,2025-02-02 03:28:42+00:00,179.28333333333333,15579,8799,4531,VCT,10.00,128471,NRG,1,128944,KRÜ Esports,2,128944,KRÜ Esports,0.4,15,7.0,0.4,23,8.0,1.0,0
1089888,Lower bracket quarterfinal 1: TLN vs NS,finished,best_of,3,False,2025-02-02 08:04:04+00:00,2025-02-02 10:37:46+00:00,153.7,15614,8814,4531,VCT,10.00,132132,Talon Esports,2,132692,Nongshim RedForce,1,132132,Talon Esports,0.2,21,2.0,0.75,4,0.0,,1
1089891,Lower bracket quarterfinal 2: Gen.G vs DFM,finished,best_of,3,False,2025-02-02 11:07:07+00:00,2025-02-02 12:43:11+00:00,96.06666666666666,15614,8814,4531,VCT,10.00,128473,Gen.G Esports,2,131974,DetonatioN FocusMe,0,128473,Gen.G Esports,0.4,41,1.0,0.4,15,0.0,1.0,1
1088558,Lower bracket quarterfinals match 1: LEV vs MIBR,finished,best_of,3,False,2025-02-02 22:04:33+00:00,2025-02-03 01:06:46+00:00,182.21666666666667,15579,8799,4531,VCT,10.00,128990,Leviatán Esports,1,130190,MIBR,2,130190,MIBR,0.4,32,1.0,0.6,18,1.0,1.0,0
1088559,Lower bracket quarterfinals match 2: LOUD vs KRÜ,finished,best_of,3,False,2025-02-03 01:35:56+00:00,2025-02-03 03:24:38+00:00,108.7,15579,8799,4531,VCT,10.00,128944,KRÜ Esports,2,130338,LOUD,0,128944,KRÜ Esports,0.6,24,0.0,0.6,23,2.0,0.5,1
1088546,Upper bracket finals: SEN vs G2,finished,best_of,3,False,2025-02-06 22:05:52+00:00,2025-02-06 23:52:47+00:00,106.91666666666667,15579,8799,4531,VCT,10.00,128472,Sentinels,0,128538,G2 Esports,2,128538,G2 Esports,0.6,33,5.0,0.6,35,5.0,0.0,0
1088548,Lower bracket semifinals: MIBR vs KRÜ,finished,best_of,3,False,2025-02-07 00:28:51+00:00,2025-02-07 03:25:49+00:00,176.96666666666667,15579,8799,4531,VCT,10.00,128944,KRÜ Esports,1,130190,MIBR,2,130190,MIBR,0.6,25,4.0,0.8,19,4.0,1.0,0
1089881,Upper bracket final: T1 vs DRX,finished,best_of,3,False,2025-02-07 08:04:58+00:00,2025-02-07 10:56:59+00:00,172.01666666666668,15614,8814,4531,VCT,10.00,128647,T1,1,130137,Kiwoom DRX,2,130137,Kiwoom DRX,1.0,22,7.0,0.6,26,6.0,0.0,0
1089887,Lower bracket semifinal: TLN vs Gen.G,finished,best_of,3,False,2025-02-07 11:30:04+00:00,2025-02-07 12:53:16+00:00,83.2,15614,8814,4531,VCT,10.00,128473,Gen.G Esports,2,132132,Talon Esports,0,128473,Gen.G Esports,0.4,42,5.0,0.4,22,5.0,1.0,1
1093186,Upper bracket final: TH vs VIT,finished,best_of,3,False,2025-02-07 17:03:16+00:00,2025-02-07 18:41:10+00:00,97.9,15578,8798,4531,VCT,10.00,128622,Team Heretics,0,128796,Team Vitality,2,128796,Team Vitality,0.8,42,8.0,0.6,25,8.0,0.0,0
1093191,Lower bracket semifinal: FUT vs TL,finished,best_of,3,False,2025-02-07 19:11:16+00:00,2025-02-07 22:02:19+00:00,171.05,15578,8798,4531,VCT,10.00,128541,Team Liquid,2,128578,FUT Esports,1,128541,Team Liquid,0.8,19,6.0,0.4,29,7.0,0.0,1
1088547,Lower bracket finals: SEN vs MIBR,finished,best_of,5,False,2025-02-07 22:06:20+00:00,2025-02-08 02:25:47+00:00,259.45,15579,8799,4531,VCT,10.00,128472,Sentinels,3,130190,MIBR,1,128472,Sentinels,0.6,34,1.0,0.8,20,0.0,1.0,1
1089886,Lower bracket final: T1 vs Gen.G,finished,best_of,5,False,2025-02-08 08:05:22+00:00,2025-02-08 13:04:51+00:00,299.48333333333335,15614,8814,4531,VCT,10.00,128473,Gen.G Esports,2,128647,T1,3,128647,T1,0.6,43,1.0,0.8,23,1.0,0.6666666666666666,0
1089167,Lower bracket final: TH vs TL,finished,best_of,5,False,2025-02-08 17:04:46+00:00,2025-02-08 19:20:03+00:00,135.28333333333333,15578,8798,4531,VCT,10.00,128541,Team Liquid,3,128622,Team Heretics,0,128541,Team Liquid,0.8,20,0.0,0.6,43,1.0,0.0,1
1088549,Grand final: G2 vs SEN,finished,best_of,5,False,2025-02-08 22:06:18+00:00,2025-02-09 02:24:43+00:00,258.4166666666667,15579,8799,4531,VCT,10.00,128472,Sentinels,2,128538,G2 Esports,3,128538,G2 Esports,0.6,35,0.0,0.6,36,2.0,0.0,0
1089882,Grand final: DRX vs T1,finished,best_of,5,False,2025-02-09 08:11:40+00:00,2025-02-09 12:55:15+00:00,283.5833333333333,15614,8814,4531,VCT,10.00,128647,T1,2,130137,Kiwoom DRX,3,130137,Kiwoom DRX,0.8,24,0.0,0.8,27,2.0,0.0,0
1089168,Grand final: VIT vs TL,finished,best_of,5,False,2025-02-09 17:07:53+00:00,2025-02-09 21:46:18+00:00,278.4166666666667,15578,8798,4531,VCT,10.00,128541,Team Liquid,2,128796,Team Vitality,3,128796,Team Vitality,1.0,21,1.0,0.8,26,2.0,0.0,0
1123900,Round 1: EDG vs TL,finished,best_of,3,False,2025-02-20 10:12:17+00:00,2025-02-20 12:29:47+00:00,137.5,16054,9048,4531,VCT,10.02,128541,Team Liquid,0,128976,EDward Gaming,2,128976,EDward Gaming,0.8,22,10.0,0.8,38,25.0,,0
1123901,Round 1: DRX vs SEN,finished,best_of,3,False,2025-02-20 12:58:09+00:00,2025-02-20 14:32:21+00:00,94.2,16054,9048,4531,VCT,10.02,128472,Sentinels,0,130137,Kiwoom DRX,2,130137,Kiwoom DRX,0.6,36,11.0,0.8,28,11.0,1.0,0
1123902,Round 1: VIT vs T1,finished,best_of,3,False,2025-02-21 10:07:53+00:00,2025-02-21 11:57:23+00:00,109.5,16054,9048,4531,VCT,10.03,128647,T1,0,128796,Team Vitality,2,128796,Team Vitality,0.6,25,11.0,0.8,27,11.0,,0
1123903,Round 1: G2 vs TE,finished,best_of,3,False,2025-02-21 12:28:06+00:00,2025-02-21 14:02:25+00:00,94.31666666666666,16054,9048,4531,VCT,10.03,128538,G2 Esports,2,133380,Trace Esports,0,128538,G2 Esports,0.8,37,12.0,0.6,31,27.0,,1
1123904,Round 2: DRX vs VIT,finished,best_of,3,False,2025-02-22 10:06:56+00:00,2025-02-22 13:00:31+00:00,173.58333333333334,16054,9048,4531,VCT,10.03,128796,Team Vitality,2,130137,Kiwoom DRX,1,128796,Team Vitality,1.0,28,1.0,1.0,29,1.0,,1
1123905,Round 2: EDG vs G2,finished,best_of,3,False,2025-02-22 13:25:54+00:00,2025-02-22 16:16:23+00:00,170.48333333333332,16054,9048,4531,VCT,10.03,128538,G2 Esports,1,128976,EDward Gaming,2,128976,EDward Gaming,1.0,38,1.0,1.0,39,2.0,1.0,0
1123906,Round 2: T1 vs TE,finished,best_of,3,False,2025-02-23 10:06:46+00:00,2025-02-23 11:28:18+00:00,81.53333333333333,16054,9048,4531,VCT,10.03,128647,T1,2,133380,Trace Esports,0,128647,T1,0.4,26,1.0,0.6,32,1.0,,1
1123907,Round 2: TL vs SEN,finished,best_of,3,False,2025-02-23 11:55:52+00:00,2025-02-23 14:32:21+00:00,156.48333333333332,16054,9048,4531,VCT,10.03,128472,Sentinels,1,128541,Team Liquid,2,128541,Team Liquid,0.4,37,3.0,0.6,23,3.0,,0
1123909,Round 3: T1 vs DRX,finished,best_of,3,False,2025-02-24 10:06:09+00:00,2025-02-24 11:43:07+00:00,96.96666666666667,16054,9048,4531,VCT,10.03,128647,T1,2,130137,Kiwoom DRX,0,128647,T1,0.4,27,1.0,0.8,30,1.0,0.0,1
1123910,Round 3: G2 vs TL,finished,best_of,3,False,2025-02-24 12:09:10+00:00,2025-02-24 13:43:50+00:00,94.66666666666667,16054,9048,4531,VCT,10.03,128538,G2 Esports,2,128541,Team Liquid,0,128538,G2 Esports,0.8,39,1.0,0.6,24,0.0,,1
1123890,Upper bracket semifinal 1: EDG vs T1,finished,best_of,3,False,2025-02-27 10:06:15+00:00,2025-02-27 12:48:59+00:00,162.73333333333332,16055,9048,4531,VCT,10.03,128647,T1,1,128976,EDward Gaming,2,128976,EDward Gaming,0.6,28,3.0,1.0,40,4.0,,0
1123891,Upper bracket semifinal 2: VIT vs G2,finished,best_of,3,False,2025-02-27 13:15:36+00:00,2025-02-27 15:25:26+00:00,129.83333333333334,16055,9048,4531,VCT,10.03,128538,G2 Esports,2,128796,Team Vitality,0,128538,G2 Esports,0.8,40,3.0,1.0,29,5.0,,1
1123893,Upper bracket final: EDG vs G2,finished,best_of,3,False,2025-02-28 10:06:36+00:00,2025-02-28 11:40:40+00:00,94.06666666666666,16055,9048,4531,VCT,10.03,128538,G2 Esports,2,128976,EDward Gaming,0,128538,G2 Esports,0.8,41,0.0,1.0,41,0.0,0.5,1
1123896,Lower bracket semifinal: T1 vs VIT,finished,best_of,3,False,2025-02-28 12:07:14+00:00,2025-02-28 14:44:04+00:00,156.83333333333334,16055,9048,4531,VCT,10.03,128647,T1,2,128796,Team Vitality,1,128647,T1,0.4,29,1.0,0.8,30,0.0,0.0,1
1123895,Lower bracket final: EDG vs T1,finished,best_of,5,False,2025-03-01 10:09:23+00:00,2025-03-01 13:36:24+00:00,207.01666666666668,16055,9048,4531,VCT,10.03,128647,T1,3,128976,EDward Gaming,1,128647,T1,0.6,30,0.0,0.8,42,1.0,0.0,1
1123894,Grand final: G2 vs T1,finished,best_of,5,False,2025-03-02 11:17:29+00:00,2025-03-02 16:33:12+00:00,315.71666666666664,16055,9048,4531,VCT,10.03,128538,G2 Esports,2,128647,T1,3,128647,T1,0.8,42,2.0,0.8,31,1.0,1.0,0
1131201,BBL.P vs CGN,finished,best_of,3,False,2025-03-03 16:13:08+00:00,2025-03-03 18:03:47+00:00,110.65,16128,9091,4947,VCL,10.03,130398,CGN Esports,0,136248,BBL PCIFIC,2,136248,BBL PCIFIC,,0,,,0,,,0
1131198,MDR vs HGE,finished,best_of,3,False,2025-03-03 16:08:34+00:00,2025-03-03 19:04:57+00:00,176.38333333333333,16127,9091,4947,VCL,10.03,130451,Mandatory,2,134924,HGE Esports,1,130451,Mandatory,,0,,,0,,,1
1131204,GNE vs EF,finished,best_of,3,False,2025-03-03 18:24:42+00:00,2025-03-03 20:06:29+00:00,101.78333333333333,16129,9091,4947,VCL,10.03,129662,Eternal Fire,2,133046,GoNext Esports,0,129662,Eternal Fire,,0,,,0,,,1
1131209,DSY vs TL.A,finished,best_of,3,False,2025-03-03 19:24:49+00:00,2025-03-03 21:05:29+00:00,100.66666666666667,16130,9091,4947,VCL,10.03,136166,DNSTY,0,136328,Team Liquid Academy,2,136328,Team Liquid Academy,,0,,,0,,,0
1131202,EP vs BBL.P,finished,best_of,3,False,2025-03-04 16:11:04+00:00,2025-03-04 18:34:21+00:00,143.28333333333333,16128,9091,4947,VCL,10.03,130973,Enterprise Esports,1,136248,BBL PCIFIC,2,136248,BBL PCIFIC,,0,,1.0,1,1.0,,0
1131199,MTZ vs MDR,finished,best_of,3,False,2025-03-04 16:08:51+00:00,2025-03-04 19:00:19+00:00,171.46666666666667,16127,9091,4947,VCL,10.03,130451,Mandatory,2,134008,Metizport,1,130451,Mandatory,1.0,1,0.0,,0,,,1
1131210,FKS vs TL.A,finished,best_of,3,False,2025-03-04 18:56:46+00:00,2025-03-04 20:42:03+00:00,105.28333333333333,16130,9091,4947,VCL,10.03,130400,FOKUS,2,136328,Team Liquid Academy,0,130400,FOKUS,,0,,1.0,1,0.0,,1
1131205,JL vs GNE,finished,best_of,3,False,2025-03-04 19:21:28+00:00,2025-03-04 20:51:15+00:00,89.78333333333333,16129,9091,4947,VCL,10.03,132476,Joblife,0,133046,GoNext Esports,2,133046,GoNext Esports,,0,,0.0,1,1.0,,0
1131203,EP vs CGN,finished,best_of,3,False,2025-03-05 16:06:15+00:00,2025-03-05 18:13:04+00:00,126.81666666666666,16128,9091,4947,VCL,10.03,130398,CGN Esports,2,130973,Enterprise Esports,0,130398,CGN Esports,0.0,1,2.0,0.0,1,0.0,,1
1131200,MTZ vs HGE,finished,best_of,3,False,2025-03-05 16:04:50+00:00,2025-03-05 18:40:18+00:00,155.46666666666667,16127,9091,4947,VCL,10.03,134008,Metizport,1,134924,HGE Esports,2,134924,HGE Esports,0.0,1,0.0,0.0,1,1.0,,0
1131206,JL vs EF,finished,best_of,3,False,2025-03-05 18:39:20+00:00,2025-03-05 20:12:03+00:00,92.71666666666667,16129,9091,4947,VCL,10.03,129662,Eternal Fire,2,132476,Joblife,0,129662,Eternal Fire,1.0,1,2.0,0.0,1,0.0,,1
1131211,DSY vs FKS,finished,best_of,3,False,2025-03-05 19:01:05+00:00,2025-03-05 22:09:49+00:00,188.73333333333332,16130,9091,4947,VCL,10.03,130400,FOKUS,1,136166,DNSTY,2,136166,DNSTY,1.0,1,1.0,0.0,1,2.0,,0
1131212,Upper bracket semifinal 1: BBL.P vs MDR,finished,best_of,3,False,2025-03-06 16:09:41+00:00,2025-03-06 17:29:05+00:00,79.4,16131,9091,4947,VCL,10.03,130451,Mandatory,0,136248,BBL PCIFIC,2,136248,BBL PCIFIC,1.0,2,1.0,1.0,2,1.0,,0
1131213,Upper bracket semifinal 2: EF vs FKS,finished,best_of,3,False,2025-03-06 17:47:42+00:00,2025-03-06 19:54:03+00:00,126.35,16131,9091,4947,VCL,10.03,129662,Eternal Fire,2,130400,FOKUS,0,129662,Eternal Fire,1.0,2,0.0,0.5,2,0.0,,1
1131215,Lower bracket semifinal: MDR vs FKS,finished,best_of,3,False,2025-03-07 16:03:23+00:00,2025-03-07 17:48:40+00:00,105.28333333333333,16131,9091,4947,VCL,10.03,130400,FOKUS,0,130451,Mandatory,2,130451,Mandatory,0.3333333333333333,3,0.0,0.6666666666666666,3,1.0,,0
1131214,Upper bracket final: BBL.P vs EF,finished,best_of,3,False,2025-03-07 18:09:03+00:00,2025-03-07 19:43:15+00:00,94.2,16131,9091,4947,VCL,10.03,129662,Eternal Fire,0,136248,BBL PCIFIC,2,136248,BBL PCIFIC,1.0,3,0.0,1.0,3,1.0,,0
1131216,Lower bracket final: EF vs MDR,finished,best_of,5,False,2025-03-08 17:07:16+00:00,2025-03-08 19:51:55+00:00,164.65,16131,9091,4947,VCL,10.03,129662,Eternal Fire,3,130451,Mandatory,0,129662,Eternal Fire,0.75,4,1.0,0.75,4,1.0,,1
1131218,Grand final: BBL.P vs EF,finished,best_of,5,False,2025-03-09 17:05:36+00:00,2025-03-09 20:32:46+00:00,207.16666666666666,16131,9091,4947,VCL,10.03,129662,Eternal Fire,1,136248,BBL PCIFIC,3,136248,BBL PCIFIC,0.8,5,1.0,1.0,4,2.0,0.0,0
1127044,XLG vs BLG,finished,best_of,3,False,2025-03-13 11:08:35+00:00,2025-03-13 13:58:18+00:00,169.71666666666667,16085,9073,4531,VCT,,133379,Bilibili Gaming,2,135470,XLG Gaming,1,133379,Bilibili Gaming,0.4,23,48.0,0.6,5,49.0,1.0,1
1127045,TE vs AG,finished,best_of,3,False,2025-03-14 11:06:38+00:00,2025-03-14 13:43:15+00:00,156.61666666666667,16085,9073,4531,VCT,,128974,All Gamers,1,133380,Trace Esports,2,133380,Trace Esports,0.0,16,54.0,0.4,33,19.0,0.0,0
1127046,DRG vs NOVA,finished,best_of,3,False,2025-03-15 09:06:04+00:00,2025-03-15 10:38:44+00:00,92.66666666666667,16084,9073,4531,VCT,,133279,Dragon Ranger Gaming,2,133287,Nova Esports,0,133279,Dragon Ranger Gaming,0.6,25,50.0,0.4,18,52.0,0.6666666666666666,1
1127048,TYLOO vs EDG,finished,best_of,3,False,2025-03-15 11:12:59+00:00,2025-03-15 12:41:51+00:00,88.86666666666666,16084,9073,4531,VCT,,128976,EDward Gaming,2,133288,TYLOO,0,128976,EDward Gaming,0.6,43,13.0,0.4,14,55.0,1.0,1
1127050,JDG vs Wolves Esports,finished,best_of,3,False,2025-03-16 09:08:08+00:00,2025-03-16 11:02:27+00:00,114.31666666666666,16085,9073,4531,VCT,,134335,Wolves Esports,2,134454,JD Gaming,0,134335,Wolves Esports,0.4,15,55.0,0.4,17,53.0,0.0,1
1127051,FPX vs TEC,finished,best_of,3,False,2025-03-16 11:37:58+00:00,2025-03-16 13:12:27+00:00,94.48333333333333,16084,9073,4531,VCT,,128540,FunPlus Phoenix,2,133825,TEC Esports,0,128540,FunPlus Phoenix,0.2,31,53.0,0.4,18,57.0,0.5,1
1127052,NOVA vs EDG,finished,best_of,3,False,2025-03-20 11:07:34+00:00,2025-03-20 12:56:13+00:00,108.65,16084,9073,4531,VCT,,128976,EDward Gaming,0,133287,Nova Esports,2,133287,Nova Esports,0.6,44,5.0,0.4,19,5.0,1.0,0
1127053,TYLOO vs FPX,finished,best_of,3,False,2025-03-21 11:06:16+00:00,2025-03-21 13:44:25+00:00,158.15,16084,9073,4531,VCT,,128540,FunPlus Phoenix,2,133288,TYLOO,1,128540,FunPlus Phoenix,0.4,32,5.0,0.2,15,6.0,0.0,1
1139613,C9 vs NRG,finished,best_of,3,False,2025-03-21 21:10:44+00:00,2025-03-22 00:00:40+00:00,169.93333333333334,16191,9115,4531,VCT,10.04,128471,NRG,1,128819,Cloud9,2,128819,Cloud9,0.4,16,47.0,0.2,18,56.0,0.3333333333333333,0
1139614,KRÜ vs LOUD,finished,best_of,3,False,2025-03-22 00:36:18+00:00,2025-03-22 03:06:02+00:00,149.73333333333332,16190,9115,4531,VCT,10.04,128944,KRÜ Esports,2,130338,LOUD,1,128944,KRÜ Esports,0.6,26,42.0,0.6,24,46.0,0.6666666666666666,1
1138006,DFM vs GE,finished,best_of,3,False,2025-03-22 08:10:58+00:00,2025-03-22 10:07:03+00:00,116.08333333333333,16228,9129,4531,VCT,10.04,129660,Global Esports,2,131974,DetonatioN FocusMe,0,129660,Global Esports,0.2,16,53.0,0.4,16,47.0,0.5,1
1127054,XLG vs AG,finished,best_of,3,False,2025-03-22 09:06:48+00:00,2025-03-22 10:53:25+00:00,106.61666666666666,16085,9073,4531,VCT,,128974,All Gamers,0,135470,XLG Gaming,2,135470,XLG Gaming,0.0,17,7.0,0.4,6,8.0,0.0,0
1138007,T1 vs ZETA,finished,best_of,3,False,2025-03-22 10:45:20+00:00,2025-03-22 13:14:52+00:00,149.53333333333333,16229,9129,4531,VCT,10.04,128647,T1,2,129326,ZETA DIVISION,1,128647,T1,0.8,32,19.0,0.2,17,55.0,1.0,1
1127055,Wolves Esports vs TE,finished,best_of,3,False,2025-03-22 11:28:15+00:00,2025-03-22 13:39:13+00:00,130.96666666666667,16085,9073,4531,VCT,,133380,Trace Esports,0,134335,Wolves Esports,2,134335,Wolves Esports,0.4,34,7.0,0.4,16,6.0,1.0,0
1139615,G2 vs FUR,finished,best_of,3,False,2025-03-22 21:05:18+00:00,2025-03-22 22:58:04+00:00,112.76666666666667,16191,9115,4531,VCT,10.04,128477,FURIA Esports,0,128538,G2 Esports,2,128538,G2 Esports,0.4,15,57.0,0.6,43,20.0,0.0,0
1139616,MIBR vs LEV,finished,best_of,3,False,2025-03-22 23:35:31+00:00,2025-03-23 01:20:15+00:00,104.73333333333333,16191,9115,4531,VCT,10.04,128990,Leviatán Esports,0,130190,MIBR,2,130190,MIBR,0.2,33,48.0,0.8,21,42.0,0.5,0
1138008,DRX vs PR,finished,best_of,3,False,2025-03-23 08:05:01+00:00,2025-03-23 10:38:07+00:00,153.1,16228,9129,4531,VCT,10.04,128917,Paper Rex,1,130137,Kiwoom DRX,2,130137,Kiwoom DRX,0.4,35,49.0,0.6,31,26.0,0.6666666666666666,0
1127056,TEC vs DRG,finished,best_of,3,False,2025-03-23 09:06:42+00:00,2025-03-23 11:40:30+00:00,153.8,16084,9073,4531,VCT,,133279,Dragon Ranger Gaming,1,133825,TEC Esports,2,133825,TEC Esports,0.8,26,8.0,0.2,19,6.0,1.0,0
1138009,TLN vs TS,finished,best_of,3,False,2025-03-23 11:09:32+00:00,2025-03-23 13:23:13+00:00,133.68333333333334,16229,9129,4531,VCT,10.04,129537,Team Secret,1,132132,Talon Esports,2,132132,Talon Esports,0.4,19,55.0,0.4,23,44.0,0.25,0
1127057,BLG vs JDG,finished,best_of,3,False,2025-03-23 12:12:30+00:00,2025-03-23 14:52:22+00:00,159.86666666666667,16085,9073,4531,VCT,,133379,Bilibili Gaming,2,134454,JD Gaming,1,133379,Bilibili Gaming,0.6,24,10.0,0.2,18,7.0,1.0,1
1139617,2GAME vs EG,finished,best_of,3,False,2025-03-23 21:05:30+00:00,2025-03-23 22:58:47+00:00,113.28333333333333,16190,9115,4531,VCT,10.04,129181,Evil Geniuses,2,134470,2GAME Esports,0,129181,Evil Geniuses,0.2,15,49.0,0.0,2,57.0,,1
1139618,SEN vs 100T,finished,best_of,3,False,2025-03-23 23:28:43+00:00,2025-03-24 01:52:00+00:00,143.28333333333333,16190,9115,4531,VCT,10.04,128472,Sentinels,2,128605,100 Thieves,1,128472,Sentinels,0.2,38,28.0,0.2,26,57.0,0.75,1
1138010,Gen.G vs BOOM,finished,best_of,3,False,2025-03-24 08:05:04+00:00,2025-03-24 10:16:46+00:00,131.7,16228,9129,4531,VCT,10.04,128473,Gen.G Esports,0,128744,BOOM Esports,2,128744,BOOM Esports,0.6,44,43.0,0.0,2,56.0,,0
1138011,NS vs RRQ,finished,best_of,3,False,2025-03-24 10:48:26+00:00,2025-03-24 13:58:08+00:00,189.7,16229,9129,4531,VCT,10.04,130638,Rex Regum Qeon,1,132692,Nongshim RedForce,2,132692,Nongshim RedForce,0.4,17,51.0,0.6,5,50.0,0.0,0
1139906,VIT vs GX,finished,best_of,3,False,2025-03-26 16:05:42+00:00,2025-03-26 17:47:16+00:00,101.56666666666666,16188,9114,4531,VCT,10.04,128796,Team Vitality,2,134423,GIANTX,0,128796,Team Vitality,0.6,31,26.0,0.2,15,54.0,1.0,1
1139924,BBL vs KC,finished,best_of,3,False,2025-03-26 18:19:27+00:00,2025-03-26 20:58:14+00:00,158.78333333333333,16189,9114,4531,VCT,10.04,128577,BBL Esports,2,130922,Karmine Corp,1,128577,BBL Esports,0.4,16,53.0,0.2,26,62.0,0.0,1
1127058,JDG vs TE,finished,best_of,3,False,2025-03-27 11:06:33+00:00,2025-03-27 13:01:37+00:00,115.06666666666666,16085,9073,4531,VCT,,133380,Trace Esports,2,134454,JD Gaming,0,133380,Trace Esports,0.2,35,4.0,0.2,19,3.0,0.0,1
1139907,TH vs APEKS,finished,best_of,3,False,2025-03-27 16:04:18+00:00,2025-03-27 18:45:30+00:00,161.2,16188,9114,4531,VCT,10.04,128622,Team Heretics,2,132560,Apeks,1,128622,Team Heretics,0.4,44,46.0,0.0,2,61.0,,1
1139926,FUT vs KOI,finished,best_of,3,False,2025-03-27 19:13:07+00:00,2025-03-27 21:02:21+00:00,109.23333333333333,16189,9114,4531,VCT,10.04,128578,FUT Esports,2,135651,KOI,0,128578,FUT Esports,0.4,30,47.0,0.0,2,61.0,,1
1127059,Wolves Esports vs XLG,finished,best_of,3,False,2025-03-28 11:06:32+00:00,2025-03-28 13:15:03+00:00,128.51666666666668,16085,9073,4531,VCT,,134335,Wolves Esports,0,135470,XLG Gaming,2,135470,XLG Gaming,0.6,17,5.0,0.6,7,6.0,0.0,0
1139908,FNC vs NAVI,finished,best_of,3,False,2025-03-28 16:07:37+00:00,2025-03-28 17:58:56+00:00,111.31666666666666,16188,9114,4531,VCT,10.04,128537,Fnatic,2,129355,Natus Vincere,0,128537,Fnatic,0.4,33,55.0,0.2,17,63.0,0.5,1
1139927,TL vs GM,finished,best_of,3,False,2025-03-28 18:28:44+00:00,2025-03-28 21:08:57+00:00,160.21666666666667,16189,9114,4531,VCT,10.04,128541,Team Liquid,1,133115,Gentle Mates,2,133115,Gentle Mates,0.4,25,32.0,0.4,16,57.0,1.0,0
1139630,NRG vs FUR,finished,best_of,3,False,2025-03-28 21:04:18+00:00,2025-03-28 23:32:16+00:00,147.96666666666667,16191,9115,4531,VCT,10.04,128471,NRG,2,128477,FURIA Esports,1,128471,NRG,0.2,17,6.0,0.2,16,6.0,1.0,1
1139631,SEN vs KRÜ,finished,best_of,3,False,2025-03-29 00:03:16+00:00,2025-03-29 01:47:16+00:00,104.0,16190,9115,4531,VCT,10.04,128472,Sentinels,0,128944,KRÜ Esports,2,128944,KRÜ Esports,0.4,39,4.0,0.8,27,6.0,1.0,0
1138012,TS vs ZETA,finished,best_of,3,False,2025-03-29 08:05:12+00:00,2025-03-29 10:01:49+00:00,116.61666666666666,16229,9129,4531,VCT,10.04,129326,ZETA DIVISION,2,129537,Team Secret,0,129326,ZETA DIVISION,0.2,18,6.0,0.2,20,5.0,0.0,1
1127060,TYLOO vs TEC,finished,best_of,3,False,2025-03-29 09:06:06+00:00,2025-03-29 11:51:08+00:00,165.03333333333333,16084,9073,4531,VCT,,133288,TYLOO,1,133825,TEC Esports,2,133825,TEC Esports,0.2,16,7.0,0.4,20,6.0,0.5,0
1138013,T1 vs NS,finished,best_of,3,False,2025-03-29 10:32:41+00:00,2025-03-29 12:30:09+00:00,117.46666666666667,16229,9129,4531,VCT,10.04,128647,T1,2,132692,Nongshim RedForce,0,128647,T1,0.8,33,6.0,0.6,6,4.0,,1
1127061,DRG vs EDG,finished,best_of,3,False,2025-03-29 12:27:38+00:00,2025-03-29 14:52:59+00:00,145.35,16084,9073,4531,VCT,,128976,EDward Gaming,2,133279,Dragon Ranger Gaming,1,128976,EDward Gaming,0.4,45,9.0,0.6,27,6.0,0.75,1
1139633,100T vs EG,finished,best_of,3,False,2025-03-29 21:04:28+00:00,2025-03-29 22:47:43+00:00,103.25,16190,9115,4531,VCT,10.04,128605,100 Thieves,2,129181,Evil Geniuses,0,128605,100 Thieves,0.2,27,5.0,0.4,16,5.0,1.0,1
1139634,G2 vs MIBR,finished,best_of,3,False,2025-03-29 23:16:39+00:00,2025-03-30 02:33:33+00:00,196.9,16191,9115,4531,VCT,10.04,128538,G2 Esports,2,130190,MIBR,1,128538,G2 Esports,0.8,44,7.0,0.8,22,7.0,0.5,1
1138015,Gen.G vs PR,finished,best_of,3,False,2025-03-30 08:12:18+00:00,2025-03-30 10:23:02+00:00,130.73333333333332,16228,9129,4531,VCT,10.04,128473,Gen.G Esports,2,128917,Paper Rex,1,128473,Gen.G Esports,0.4,45,6.0,0.2,36,6.0,0.5,1
1127062,NOVA vs FPX,finished,best_of,3,False,2025-03-30 09:06:46+00:00,2025-03-30 11:00:26+00:00,113.66666666666667,16084,9073,4531,VCT,,128540,FunPlus Phoenix,0,133287,Nova Esports,2,133287,Nova Esports,0.6,33,8.0,0.4,20,9.0,1.0,0
1138016,DRX vs DFM,finished,best_of,3,False,2025-03-30 10:54:38+00:00,2025-03-30 12:21:17+00:00,86.65,16228,9129,4531,VCT,10.04,130137,Kiwoom DRX,2,131974,DetonatioN FocusMe,0,130137,Kiwoom DRX,0.6,32,7.0,0.4,17,8.0,1.0,1
1127064,AG vs BLG,finished,best_of,3,False,2025-03-30 11:34:00+00:00,2025-03-30 12:57:15+00:00,83.25,16085,9073,4531,VCT,,128974,All Gamers,0,133379,Bilibili Gaming,2,133379,Bilibili Gaming,0.0,18,8.0,0.6,25,6.0,1.0,0
1139635,LOUD vs 2GAME,finished,best_of,3,False,2025-03-30 21:03:55+00:00,2025-03-30 23:19:17+00:00,135.36666666666667,16190,9115,4531,VCT,10.04,130338,LOUD,0,134470,2GAME Esports,2,134470,2GAME Esports,0.4,25,8.0,0.0,3,7.0,,0
1139636,LEV vs C9,finished,best_of,3,False,2025-03-30 23:47:15+00:00,2025-03-31 01:28:19+00:00,101.06666666666666,16191,9115,4531,VCT,10.04,128819,Cloud9,2,128990,Leviatán Esports,0,128819,Cloud9,0.4,19,9.0,0.2,34,8.0,1.0,1
1138017,TLN vs RRQ,finished,best_of,3,False,2025-03-31 08:05:09+00:00,2025-03-31 09:42:29+00:00,97.33333333333333,16229,9129,4531,VCT,10.04,130638,Rex Regum Qeon,2,132132,Talon Esports,0,130638,Rex Regum Qeon,0.4,18,6.0,0.6,24,7.0,0.0,1
1138018,BOOM vs GE,finished,best_of,3,False,2025-03-31 10:11:00+00:00,2025-03-31 11:39:53+00:00,88.88333333333334,16228,9129,4531,VCT,10.04,128744,BOOM Esports,2,129660,Global Esports,0,128744,BOOM Esports,0.3333333333333333,3,7.0,0.4,17,9.0,,1
1139929,TL vs BBL,finished,best_of,3,False,2025-04-02 15:05:17+00:00,2025-04-02 17:21:47+00:00,136.5,16189,9114,4531,VCT,10.04,128541,Team Liquid,2,128577,BBL Esports,1,128541,Team Liquid,0.2,26,4.0,0.6,17,6.0,0.5,1
1139909,APEKS vs NAVI,finished,best_of,3,False,2025-04-02 17:48:02+00:00,2025-04-02 20:48:48+00:00,180.76666666666668,16188,9114,4531,VCT,10.06,129355,Natus Vincere,2,132560,Apeks,1,129355,Natus Vincere,0.2,18,5.0,0.0,3,6.0,,1
1127065,FPX vs DRG,finished,best_of,3,False,2025-04-03 11:06:59+00:00,2025-04-03 12:49:14+00:00,102.25,16084,9073,4531,VCT,,128540,FunPlus Phoenix,0,133279,Dragon Ranger Gaming,2,133279,Dragon Ranger Gaming,0.4,34,4.0,0.4,28,4.0,0.6666666666666666,0
1139930,FUT vs GM,finished,best_of,3,False,2025-04-03 15:02:54+00:00,2025-04-03 17:58:18+00:00,175.4,16189,9114,4531,VCT,10.04,128578,FUT Esports,2,133115,Gentle Mates,1,128578,FUT Esports,0.6,31,6.0,0.6,17,5.0,1.0,1
1139910,TH vs GX,finished,best_of,3,False,2025-04-03 18:24:33+00:00,2025-04-03 20:56:20+00:00,151.78333333333333,16188,9114,4531,VCT,10.04,128622,Team Heretics,2,134423,GIANTX,1,128622,Team Heretics,0.6,45,7.0,0.2,16,8.0,1.0,1
1127066,BLG vs Wolves Esports,finished,best_of,3,False,2025-04-04 11:06:23+00:00,2025-04-04 13:30:05+00:00,143.7,16085,9073,4531,VCT,,133379,Bilibili Gaming,2,134335,Wolves Esports,1,133379,Bilibili Gaming,0.6,26,5.0,0.4,18,7.0,0.6666666666666666,1
1139911,VIT vs FNC,finished,best_of,3,False,2025-04-04 15:05:18+00:00,2025-04-04 18:44:31+00:00,219.21666666666667,16188,9114,4531,VCT,10.04,128537,Fnatic,2,128796,Team Vitality,1,128537,Fnatic,0.6,34,7.0,0.6,32,9.0,1.0,1
1139931,KOI vs KC,finished,best_of,3,False,2025-04-04 19:14:15+00:00,2025-04-04 21:03:08+00:00,108.88333333333334,16189,9114,4531,VCT,10.04,130922,Karmine Corp,2,135651,KOI,0,130922,Karmine Corp,0.2,27,9.0,0.0,3,8.0,,1
1139638,EG vs SEN,finished,best_of,3,False,2025-04-04 21:03:53+00:00,2025-04-04 22:40:51+00:00,96.96666666666667,16190,9115,4531,VCT,10.04,128472,Sentinels,2,129181,Evil Geniuses,0,128472,Sentinels,0.2,40,6.0,0.4,17,5.0,0.0,1
1139639,100T vs LOUD,finished,best_of,3,False,2025-04-04 23:10:31+00:00,2025-04-05 02:03:55+00:00,173.4,16190,9115,4531,VCT,10.04,128605,100 Thieves,2,130338,LOUD,1,128605,100 Thieves,0.4,28,6.0,0.2,26,5.0,0.5,1
1138019,Gen.G vs DFM,finished,best_of,3,False,2025-04-05 08:05:00+00:00,2025-04-05 09:22:57+00:00,77.95,16228,9129,4531,VCT,10.04,128473,Gen.G Esports,2,131974,DetonatioN FocusMe,0,128473,Gen.G Esports,0.6,46,5.0,0.4,18,5.0,1.0,1
1127067,AG vs JDG,finished,best_of,3,False,2025-04-05 09:06:29+00:00,2025-04-05 11:03:19+00:00,116.83333333333333,16085,9073,4531,VCT,,128974,All Gamers,0,134454,JD Gaming,2,134454,JD Gaming,0.0,19,5.0,0.2,20,8.0,0.0,0
1138021,RRQ vs ZETA,finished,best_of,3,False,2025-04-05 09:53:02+00:00,2025-04-05 11:30:57+00:00,97.91666666666667,16229,9129,4531,VCT,10.04,129326,ZETA DIVISION,0,130638,Rex Regum Qeon,2,130638,Rex Regum Qeon,0.2,19,7.0,0.4,19,5.0,0.0,0
1127068,EDG vs TEC,finished,best_of,3,False,2025-04-05 11:36:23+00:00,2025-04-05 14:11:26+00:00,155.05,16084,9073,4531,VCT,,128976,EDward Gaming,2,133825,TEC Esports,1,128976,EDward Gaming,0.4,46,6.0,0.4,21,7.0,1.0,1
1139641,2GAME vs KRÜ,finished,best_of,3,False,2025-04-05 21:03:35+00:00,2025-04-05 23:39:55+00:00,156.33333333333334,16190,9115,4531,VCT,10.04,128944,KRÜ Esports,2,134470,2GAME Esports,1,128944,KRÜ Esports,0.8,28,7.0,0.25,4,6.0,1.0,1
1139642,G2 vs NRG,finished,best_of,3,False,2025-04-06 00:00:00+00:00,2025-04-06 01:40:18+00:00,100.3,16191,9115,4531,VCT,10.04,128471,NRG,0,128538,G2 Esports,2,128538,G2 Esports,0.4,18,8.0,0.8,45,6.0,0.0,0
1138022,PR vs BOOM,finished,best_of,3,False,2025-04-06 08:05:14+00:00,2025-04-06 10:38:24+00:00,153.16666666666666,16228,9129,4531,VCT,10.04,128744,BOOM Esports,2,128917,Paper Rex,1,128744,BOOM Esports,0.5,4,5.0,0.2,37,7.0,,1
1127069,NOVA vs TYLOO,finished,best_of,3,False,2025-04-06 09:06:31+00:00,2025-04-06 11:40:30+00:00,153.98333333333332,16084,9073,4531,VCT,,133287,Nova Esports,2,133288,TYLOO,1,133287,Nova Esports,0.6,21,7.0,0.0,17,7.0,0.5,1
1138023,TLN vs NS,finished,best_of,3,False,2025-04-06 11:45:29+00:00,2025-04-06 14:08:24+00:00,142.91666666666666,16229,9129,4531,VCT,10.04,132132,Talon Esports,2,132692,Nongshim RedForce,1,132132,Talon Esports,0.4,25,6.0,0.6,7,8.0,1.0,1
1127070,TE vs XLG,finished,best_of,3,False,2025-04-06 12:14:51+00:00,2025-04-06 15:15:22+00:00,180.51666666666668,16085,9073,4531,VCT,,133380,Trace Esports,1,135470,XLG Gaming,2,135470,XLG Gaming,0.4,36,10.0,0.6,8,9.0,,0
1139643,FUR vs LEV,finished,best_of,3,False,2025-04-06 21:03:15+00:00,2025-04-06 22:38:46+00:00,95.51666666666667,16191,9115,4531,VCT,10.04,128477,FURIA Esports,0,128990,Leviatán Esports,2,128990,Leviatán Esports,0.2,17,8.0,0.2,35,6.0,0.0,0
1139644,C9 vs MIBR,finished,best_of,3,False,2025-04-06 23:16:04+00:00,2025-04-07 02:29:49+00:00,193.75,16191,9115,4531,VCT,10.04,128819,Cloud9,1,130190,MIBR,2,130190,MIBR,0.6,20,7.0,0.6,23,7.0,0.5,0
1138024,DRX vs GE,finished,best_of,3,False,2025-04-07 08:04:50+00:00,2025-04-07 09:40:48+00:00,95.96666666666667,16228,9129,4531,VCT,10.04,129660,Global Esports,0,130137,Kiwoom DRX,2,130137,Kiwoom DRX,0.4,18,6.0,0.6,33,7.0,0.0,0
1138025,T1 vs TS,finished,best_of,3,False,2025-04-07 10:35:16+00:00,2025-04-07 12:59:21+00:00,144.08333333333334,16229,9129,4531,VCT,10.04,128647,T1,2,129537,Team Secret,1,128647,T1,1.0,34,9.0,0.0,21,9.0,0.5,1
1139932,KOI vs BBL,finished,best_of,3,False,2025-04-09 15:04:12+00:00,2025-04-09 16:46:52+00:00,102.66666666666667,16189,9114,4531,VCT,10.04,128577,BBL Esports,2,135651,KOI,0,128577,BBL Esports,0.4,18,6.0,0.0,4,4.0,,1
1139912,NAVI vs GX,finished,best_of,3,False,2025-04-09 17:15:31+00:00,2025-04-09 19:38:37+00:00,143.1,16188,9114,4531,VCT,10.04,129355,Natus Vincere,2,134423,GIANTX,1,129355,Natus Vincere,0.2,19,6.0,0.2,17,5.0,0.0,1
1127071,JDG vs XLG,finished,best_of,3,False,2025-04-10 11:06:39+00:00,2025-04-10 13:53:31+00:00,166.86666666666667,16085,9073,4531,VCT,,134454,JD Gaming,1,135470,XLG Gaming,2,135470,XLG Gaming,0.2,21,5.0,0.6,9,3.0,0.0,0
1139933,TL vs FUT,finished,best_of,3,False,2025-04-10 15:04:09+00:00,2025-04-10 16:27:52+00:00,83.71666666666667,16189,9114,4531,VCT,10.04,128541,Team Liquid,2,128578,FUT Esports,0,128541,Team Liquid,0.4,27,7.0,0.6,32,6.0,0.3333333333333333,1
1139913,VIT vs TH,finished,best_of,3,False,2025-04-10 16:51:50+00:00,2025-04-10 18:49:30+00:00,117.66666666666667,16188,9114,4531,VCT,10.04,128622,Team Heretics,2,128796,Team Vitality,0,128622,Team Heretics,0.6,46,6.0,0.4,33,6.0,0.0,1
1127072,DRG vs TYLOO,finished,best_of,3,False,2025-04-11 11:06:41+00:00,2025-04-11 13:46:14+00:00,159.55,16084,9073,4531,VCT,,133279,Dragon Ranger Gaming,1,133288,TYLOO,2,133288,TYLOO,0.4,29,8.0,0.0,18,5.0,0.5,0
1139914,APEKS vs FNC,finished,best_of,3,False,2025-04-11 15:04:06+00:00,2025-04-11 17:35:02+00:00,150.93333333333334,16188,9114,4531,VCT,10.04,128537,Fnatic,2,132560,Apeks,0,128537,Fnatic,0.8,35,6.0,0.0,4,8.0,,1
1139934,KC vs GM,finished,best_of,3,False,2025-04-11 18:00:00+00:00,2025-04-11 20:51:45+00:00,171.75,16189,9114,4531,VCT,10.04,130922,Karmine Corp,2,133115,Gentle Mates,0,130922,Karmine Corp,0.4,28,6.0,0.4,18,8.0,1.0,1
1139646,100T vs 2GAME,finished,best_of,3,False,2025-04-11 21:03:44+00:00,2025-04-11 22:59:00+00:00,115.26666666666667,16190,9115,4531,VCT,10.04,128605,100 Thieves,2,134470,2GAME Esports,0,128605,100 Thieves,0.4,29,6.0,0.2,5,5.0,,1
1139647,G2 vs LEV,finished,best_of,3,False,2025-04-11 23:27:16+00:00,2025-04-12 02:20:41+00:00,173.41666666666666,16191,9115,4531,VCT,10.04,128538,G2 Esports,2,128990,Leviatán Esports,1,128538,G2 Esports,0.8,46,6.0,0.2,36,5.0,0.5,1
1138026,NS vs TS,finished,best_of,3,False,2025-04-12 08:05:16+00:00,2025-04-12 09:47:58+00:00,102.7,16229,9129,4531,VCT,10.04,129537,Team Secret,0,132692,Nongshim RedForce,2,132692,Nongshim RedForce,0.0,22,4.0,0.4,8,5.0,,0
1127073,Wolves Esports vs AG,finished,best_of,3,False,2025-04-12 09:06:16+00:00,2025-04-12 11:32:04+00:00,145.8,16085,9073,4531,VCT,,128974,All Gamers,1,134335,Wolves Esports,2,134335,Wolves Esports,0.0,20,7.0,0.4,19,7.0,0.0,0
1138028,DRX vs BOOM,finished,best_of,3,False,2025-04-12 10:16:41+00:00,2025-04-12 13:03:53+00:00,167.2,16228,9129,4531,VCT,10.04,128744,BOOM Esports,2,130137,Kiwoom DRX,1,128744,BOOM Esports,0.6,5,6.0,0.6,34,5.0,,1
1127074,BLG vs TE,finished,best_of,3,False,2025-04-12 12:07:06+00:00,2025-04-12 14:14:30+00:00,127.4,16085,9073,4531,VCT,,133379,Bilibili Gaming,1,133380,Trace Esports,2,133380,Trace Esports,0.8,27,8.0,0.4,37,5.0,0.0,0
1139648,FUR vs C9,finished,best_of,3,False,2025-04-12 21:06:07+00:00,2025-04-12 22:57:01+00:00,110.9,16191,9115,4531,VCT,10.04,128477,FURIA Esports,0,128819,Cloud9,2,128819,Cloud9,0.0,18,6.0,0.4,21,5.0,0.0,0
1139649,SEN vs LOUD,finished,best_of,3,False,2025-04-12 23:25:58+00:00,2025-04-13 02:14:09+00:00,168.18333333333334,16190,9115,4531,VCT,10.04,128472,Sentinels,2,130338,LOUD,1,128472,Sentinels,0.4,41,8.0,0.0,27,8.0,0.6,1
1127075,TEC vs NOVA,finished,best_of,3,False,2025-04-13 09:06:43+00:00,2025-04-13 10:38:40+00:00,91.95,16084,9073,4531,VCT,,133287,Nova Esports,0,133825,TEC Esports,2,133825,TEC Esports,0.6,22,6.0,0.4,22,7.0,1.0,0
1138029,T1 vs RRQ,finished,best_of,3,False,2025-04-13 08:06:35+00:00,2025-04-13 10:42:28+00:00,155.88333333333333,16229,9129,4531,VCT,10.04,128647,T1,1,130638,Rex Regum Qeon,2,130638,Rex Regum Qeon,1.0,35,5.0,0.6,20,7.0,1.0,0
1138030,Gen.G vs GE,finished,best_of,3,False,2025-04-13 11:15:43+00:00,2025-04-13 12:48:25+00:00,92.7,16228,9129,4531,VCT,10.04,128473,Gen.G Esports,2,129660,Global Esports,0,128473,Gen.G Esports,0.6,47,8.0,0.2,19,6.0,1.0,1
1127076,EDG vs FPX,finished,best_of,3,False,2025-04-13 11:14:21+00:00,2025-04-13 12:51:55+00:00,97.56666666666666,16084,9073,4531,VCT,,128540,FunPlus Phoenix,0,128976,EDward Gaming,2,128976,EDward Gaming,0.4,35,10.0,0.6,47,7.0,0.4,0
1139650,KRÜ vs EG,finished,best_of,3,False,2025-04-13 21:06:12+00:00,2025-04-13 22:45:54+00:00,99.7,16190,9115,4531,VCT,10.04,128944,KRÜ Esports,0,129181,Evil Geniuses,2,129181,Evil Geniuses,0.8,29,7.0,0.4,18,9.0,1.0,0
1139651,NRG vs MIBR,finished,best_of,3,False,2025-04-13 23:09:29+00:00,2025-04-14 00:44:41+00:00,95.2,16191,9115,4531,VCT,10.04,128471,NRG,0,130190,MIBR,2,130190,MIBR,0.4,19,7.0,0.6,24,6.0,1.0,0
1138031,TLN vs ZETA,finished,best_of,3,False,2025-04-14 08:05:02+00:00,2025-04-14 09:37:35+00:00,92.55,16229,9129,4531,VCT,10.04,129326,ZETA DIVISION,2,132132,Talon Esports,0,129326,ZETA DIVISION,0.2,20,8.0,0.6,26,7.0,1.0,1
1138032,DFM vs PR,finished,best_of,3,False,2025-04-14 10:09:40+00:00,2025-04-14 12:55:09+00:00,165.48333333333332,16228,9129,4531,VCT,10.04,128917,Paper Rex,2,131974,DetonatioN FocusMe,1,128917,Paper Rex,0.2,38,8.0,0.2,19,9.0,0.5,1
1139915,VIT vs APEKS,finished,best_of,3,False,2025-04-16 15:04:38+00:00,2025-04-16 16:53:53+00:00,109.25,16188,9114,4531,VCT,10.04,128796,Team Vitality,2,132560,Apeks,0,128796,Team Vitality,0.2,34,5.0,0.0,5,4.0,,1
1139935,TL vs KOI,finished,best_of,3,False,2025-04-16 17:25:26+00:00,2025-04-16 19:55:49+00:00,150.38333333333333,16189,9114,4531,VCT,10.04,128541,Team Liquid,2,135651,KOI,0,128541,Team Liquid,0.6,28,6.0,0.0,5,7.0,1.0,1
1162445,Upper bracket quarterfinal 1: TEC vs Wolves Esports,finished,best_of,3,False,2025-04-17 09:06:42+00:00,2025-04-17 11:04:26+00:00,117.73333333333333,16519,9073,4531,VCT,,133825,TEC Esports,0,134335,Wolves Esports,2,134335,Wolves Esports,0.6,23,4.0,0.6,20,4.0,1.0,0
1162446,Upper bracket quarterfinal 2: XLG vs NOVA,finished,best_of,3,False,2025-04-17 11:38:53+00:00,2025-04-17 13:07:13+00:00,88.33333333333333,16519,9073,4531,VCT,,133287,Nova Esports,0,135470,XLG Gaming,2,135470,XLG Gaming,0.6,23,4.0,0.8,10,6.0,,0
1139936,GM vs BBL,finished,best_of,3,False,2025-04-17 15:03:40+00:00,2025-04-17 16:43:06+00:00,99.43333333333334,16189,9114,4531,VCT,10.04,128577,BBL Esports,2,133115,Gentle Mates,0,128577,BBL Esports,0.4,19,7.0,0.4,19,5.0,0.0,1
1139916,GX vs FNC,finished,best_of,3,False,2025-04-17 17:08:59+00:00,2025-04-17 20:03:24+00:00,174.41666666666666,16188,9114,4531,VCT,10.04,128537,Fnatic,2,134423,GIANTX,1,128537,Fnatic,0.8,36,6.0,0.2,18,8.0,1.0,1
1162447,Lower bracket round 1 match 1: TEC vs DRG,finished,best_of,3,False,2025-04-18 09:06:36+00:00,2025-04-18 12:19:55+00:00,193.31666666666666,16519,9073,4531,VCT,,133279,Dragon Ranger Gaming,2,133825,TEC Esports,1,133279,Dragon Ranger Gaming,0.4,30,6.0,0.6,24,1.0,0.6666666666666666,1
1162448,Lower bracket round 1 match 2: NOVA vs TE,finished,best_of,3,False,2025-04-18 12:52:34+00:00,2025-04-18 14:31:36+00:00,99.03333333333333,16519,9073,4531,VCT,,133287,Nova Esports,0,133380,Trace Esports,2,133380,Trace Esports,0.6,24,1.0,0.6,38,6.0,0.0,0
1139937,KC vs FUT,finished,best_of,3,False,2025-04-18 15:05:40+00:00,2025-04-18 18:51:37+00:00,225.95,16189,9114,4531,VCT,10.04,128578,FUT Esports,2,130922,Karmine Corp,1,128578,FUT Esports,0.6,33,8.0,0.4,29,6.0,0.6666666666666666,1
1139917,NAVI vs TH,finished,best_of,3,False,2025-04-18 19:18:18+00:00,2025-04-18 21:07:20+00:00,109.03333333333333,16188,9114,4531,VCT,10.04,128622,Team Heretics,2,129355,Natus Vincere,0,128622,Team Heretics,0.6,47,8.0,0.4,20,9.0,1.0,1
1139652,G2 vs C9,finished,best_of,3,False,2025-04-18 21:04:51+00:00,2025-04-18 23:35:30+00:00,150.65,16191,9115,4531,VCT,10.04,128538,G2 Esports,2,128819,Cloud9,1,128538,G2 Esports,0.8,47,6.0,0.6,22,6.0,1.0,1
1139653,MIBR vs FUR,finished,best_of,3,False,2025-04-19 00:04:23+00:00,2025-04-19 02:34:21+00:00,149.96666666666667,16191,9115,4531,VCT,10.04,128477,FURIA Esports,1,130190,MIBR,2,130190,MIBR,0.0,19,6.0,0.6,25,5.0,0.5,0
1138033,PR vs GE,finished,best_of,3,False,2025-04-19 08:05:07+00:00,2025-04-19 09:48:14+00:00,103.11666666666666,16228,9129,4531,VCT,10.04,128917,Paper Rex,2,129660,Global Esports,0,128917,Paper Rex,0.2,39,4.0,0.2,20,5.0,1.0,1
1162449,Upper bracket semifinal 1: BLG vs Wolves Esports,finished,best_of,3,False,2025-04-19 09:06:07+00:00,2025-04-19 10:44:55+00:00,98.8,16519,9073,4531,VCT,,133379,Bilibili Gaming,0,134335,Wolves Esports,2,134335,Wolves Esports,0.8,28,6.0,0.6,21,1.0,0.75,0
1138034,T1 vs TLN,finished,best_of,3,False,2025-04-19 10:17:58+00:00,2025-04-19 11:54:27+00:00,96.48333333333333,16229,9129,4531,VCT,10.04,128647,T1,0,132132,Talon Esports,2,132132,Talon Esports,0.8,36,6.0,0.4,27,5.0,0.5,0
1162450,Upper bracket semifinal 2: EDG vs XLG,finished,best_of,3,False,2025-04-19 11:30:52+00:00,2025-04-19 13:20:05+00:00,109.21666666666667,16519,9073,4531,VCT,,128976,EDward Gaming,0,135470,XLG Gaming,2,135470,XLG Gaming,0.8,48,6.0,1.0,11,2.0,1.0,0
1139654,SEN vs 2GAME,finished,best_of,3,False,2025-04-19 21:03:28+00:00,2025-04-19 22:50:02+00:00,106.56666666666666,16190,9115,4531,VCT,10.04,128472,Sentinels,2,134470,2GAME Esports,0,128472,Sentinels,0.6,42,6.0,0.2,6,7.0,,1
1139655,KRÜ vs 100T,finished,best_of,3,False,2025-04-19 23:25:23+00:00,2025-04-20 01:13:32+00:00,108.15,16190,9115,4531,VCT,10.04,128605,100 Thieves,0,128944,KRÜ Esports,2,128944,KRÜ Esports,0.6,30,8.0,0.6,30,6.0,0.0,0
1162453,Lower bracket quarterfinal 2: BLG vs TE,finished,best_of,3,False,2025-04-20 09:07:01+00:00,2025-04-20 10:39:03+00:00,92.03333333333333,16519,9073,4531,VCT,,133379,Bilibili Gaming,2,133380,Trace Esports,0,133379,Bilibili Gaming,0.6,29,0.0,0.6,39,1.0,0.0,1
1138035,DRX vs Gen.G,finished,best_of,3,False,2025-04-20 08:05:23+00:00,2025-04-20 11:00:15+00:00,174.86666666666667,16228,9129,4531,VCT,10.04,128473,Gen.G Esports,1,130137,Kiwoom DRX,2,130137,Kiwoom DRX,0.6,48,6.0,0.6,35,7.0,0.6666666666666666,0
1162452,Lower bracket quarterfinal 1: EDG vs DRG,finished,best_of,3,False,2025-04-20 11:13:40+00:00,2025-04-20 13:48:35+00:00,154.91666666666666,16519,9073,4531,VCT,,128976,EDward Gaming,2,133279,Dragon Ranger Gaming,1,128976,EDward Gaming,0.6,49,1.0,0.4,31,2.0,0.8,1
1138036,NS vs ZETA,finished,best_of,3,False,2025-04-20 11:28:12+00:00,2025-04-20 14:11:13+00:00,163.01666666666668,16229,9129,4531,VCT,10.04,129326,ZETA DIVISION,1,132692,Nongshim RedForce,2,132692,Nongshim RedForce,0.4,21,6.0,0.4,9,8.0,0.0,0
1139656,EG vs LOUD,finished,best_of,3,False,2025-04-20 21:04:18+00:00,2025-04-21 00:35:06+00:00,210.8,16190,9115,4531,VCT,10.04,129181,Evil Geniuses,2,130338,LOUD,1,129181,Evil Geniuses,0.4,19,7.0,0.0,28,7.0,0.3333333333333333,1
1139658,LEV vs NRG,finished,best_of,3,False,2025-04-21 01:26:07+00:00,2025-04-21 03:19:35+00:00,113.46666666666667,16191,9115,4531,VCT,10.04,128471,NRG,2,128990,Leviatán Esports,0,128471,NRG,0.2,20,7.0,0.2,37,9.0,0.0,1
1138038,DFM vs BOOM,finished,best_of,3,False,2025-04-21 08:07:10+00:00,2025-04-21 09:37:27+00:00,90.28333333333333,16228,9129,4531,VCT,10.04,128744,BOOM Esports,2,131974,DetonatioN FocusMe,0,128744,BOOM Esports,0.8,6,8.0,0.0,20,6.0,,1
1138037,RRQ vs TS,finished,best_of,3,False,2025-04-21 10:05:59+00:00,2025-04-21 12:51:05+00:00,165.1,16229,9129,4531,VCT,10.04,129537,Team Secret,2,130638,Rex Regum Qeon,1,129537,Team Secret,0.0,23,9.0,0.6,21,8.0,0.0,1
1139938,BBL vs FUT,finished,best_of,3,False,2025-04-23 15:02:19+00:00,2025-04-23 18:35:02+00:00,212.71666666666667,16189,9114,4531,VCT,10.04,128577,BBL Esports,2,128578,FUT Esports,0,128577,BBL Esports,0.6,20,6.0,0.6,34,4.0,0.0,1
1139918,GX vs APEKS,finished,best_of,3,False,2025-04-23 19:05:22+00:00,2025-04-23 21:12:50+00:00,127.46666666666667,16188,9114,4531,VCT,10.04,132560,Apeks,0,134423,GIANTX,2,134423,GIANTX,0.0,6,7.0,0.0,19,6.0,,0
1139939,GM vs KOI,finished,best_of,3,False,2025-04-24 15:02:36+00:00,2025-04-24 17:41:19+00:00,158.71666666666667,16189,9114,4531,VCT,10.04,133115,Gentle Mates,1,135651,KOI,2,135651,KOI,0.2,20,7.0,0.0,6,7.0,1.0,0
1139919,VIT vs NAVI,finished,best_of,3,False,2025-04-24 18:06:50+00:00,2025-04-24 20:04:29+00:00,117.65,16188,9114,4531,VCT,10.04,128796,Team Vitality,0,129355,Natus Vincere,2,129355,Natus Vincere,0.4,35,8.0,0.4,21,5.0,0.5,0
1150755,Upper bracket quarterfinal 1: MIBR vs 100T,finished,best_of,3,False,2025-04-24 21:05:07+00:00,2025-04-24 22:49:30+00:00,104.38333333333334,16355,9115,4531,VCT,10.04,128605,100 Thieves,0,130190,MIBR,2,130190,MIBR,0.6,31,4.0,0.8,26,5.0,1.0,0
1150756,Upper bracket quarterfinal 2: SEN vs C9,finished,best_of,3,False,2025-04-24 23:11:05+00:00,2025-04-25 01:42:25+00:00,151.33333333333334,16355,9115,4531,VCT,10.04,128472,Sentinels,2,128819,Cloud9,0,128472,Sentinels,0.8,43,5.0,0.6,23,6.0,1.0,1
1150766,Lower bracket round 1 match 1: 100T vs NRG,finished,best_of,3,False,2025-04-25 21:04:08+00:00,2025-04-25 22:50:44+00:00,106.6,16355,9115,4531,VCT,10.04,128471,NRG,0,128605,100 Thieves,2,128605,100 Thieves,0.4,21,4.0,0.6,32,1.0,0.5,0
1150767,Lower bracket round 1 match 2: C9 vs EG,finished,best_of,3,False,2025-04-25 23:14:57+00:00,2025-04-26 01:19:58+00:00,125.01666666666667,16355,9115,4531,VCT,10.04,128819,Cloud9,0,129181,Evil Geniuses,2,129181,Evil Geniuses,0.4,24,0.0,0.6,20,5.0,1.0,0
1163868,Upper bracket quarterfinal 1: TLN vs Gen.G,finished,best_of,3,False,2025-04-26 08:12:26+00:00,2025-04-26 10:29:11+00:00,136.75,16530,9129,4531,VCT,10.04,128473,Gen.G Esports,2,132132,Talon Esports,1,128473,Gen.G Esports,0.6,49,5.0,0.6,28,6.0,1.0,1
1163870,Upper bracket quarterfinal 2: DRX vs T1,finished,best_of,3,False,2025-04-26 10:57:07+00:00,2025-04-26 13:04:24+00:00,127.28333333333333,16530,9129,4531,VCT,10.04,128647,T1,0,130137,Kiwoom DRX,2,130137,Kiwoom DRX,0.6,37,7.0,0.8,36,6.0,0.25,0
1150758,Upper bracket semifinal 1: KRÜ vs MIBR,finished,best_of,3,False,2025-04-26 21:03:58+00:00,2025-04-26 22:40:15+00:00,96.28333333333333,16355,9115,4531,VCT,10.04,128944,KRÜ Esports,0,130190,MIBR,2,130190,MIBR,0.8,31,6.0,0.8,27,1.0,0.5,0
1150759,Upper bracket semifinal 2: G2 vs SEN,finished,best_of,3,False,2025-04-26 23:05:20+00:00,2025-04-27 02:03:50+00:00,178.5,16355,9115,4531,VCT,10.04,128472,Sentinels,2,128538,G2 Esports,1,128472,Sentinels,0.8,44,2.0,1.0,48,8.0,0.0,1
1163871,Upper bracket semifinal 1: BOOM vs Gen.G,finished,best_of,3,False,2025-04-27 08:05:12+00:00,2025-04-27 09:42:32+00:00,97.33333333333333,16530,9129,4531,VCT,10.04,128473,Gen.G Esports,2,128744,BOOM Esports,0,128473,Gen.G Esports,0.8,50,0.0,1.0,7,6.0,0.0,1
1163872,Upper bracket semifinal 2: RRQ vs DRX,finished,best_of,3,False,2025-04-27 10:11:05+00:00,2025-04-27 12:56:20+00:00,165.25,16530,9129,4531,VCT,10.04,130137,Kiwoom DRX,1,130638,Rex Regum Qeon,2,130638,Rex Regum Qeon,0.8,37,0.0,0.6,22,6.0,0.0,0
1150765,Lower bracket quarterfinal 2: KRÜ vs EG,finished,best_of,3,False,2025-04-27 21:05:20+00:00,2025-04-27 23:18:01+00:00,132.68333333333334,16355,9115,4531,VCT,10.04,128944,KRÜ Esports,0,129181,Evil Geniuses,2,129181,Evil Geniuses,0.6,32,1.0,0.6,21,1.0,0.5,0
1150764,Lower bracket quarterfinal 1: G2 vs 100T,finished,best_of,3,False,2025-04-27 23:41:21+00:00,2025-04-28 02:56:58+00:00,195.61666666666667,16355,9115,4531,VCT,10.04,128538,G2 Esports,2,128605,100 Thieves,1,128538,G2 Esports,0.8,49,1.0,0.6,33,2.0,0.25,1
1162451,Upper bracket final: Wolves Esports vs XLG,finished,best_of,3,False,2025-05-02 09:08:22+00:00,2025-05-02 11:07:29+00:00,119.11666666666666,16519,9073,4531,VCT,,134335,Wolves Esports,0,135470,XLG Gaming,2,135470,XLG Gaming,0.6,22,13.0,1.0,12,12.0,0.0,0
1162454,Lower bracket semifinal: BLG vs EDG,finished,best_of,3,False,2025-05-02 11:46:23+00:00,2025-05-02 14:33:34+00:00,167.18333333333334,16519,9073,4531,VCT,,128976,EDward Gaming,1,133379,Bilibili Gaming,2,133379,Bilibili Gaming,0.8,50,12.0,0.6,30,12.0,1.0,0
1139940,TL vs KC,finished,best_of,3,False,2025-05-02 15:01:24+00:00,2025-05-02 16:45:30+00:00,104.1,16189,9114,4531,VCT,10.04,128541,Team Liquid,2,130922,Karmine Corp,1,128541,Team Liquid,0.6,29,15.0,0.4,30,13.0,1.0,1
1139920,FNC vs TH,finished,best_of,3,False,2025-05-02 17:36:10+00:00,2025-05-02 19:35:28+00:00,119.3,16188,9114,4531,VCT,10.04,128537,Fnatic,0,128622,Team Heretics,2,128622,Team Heretics,0.8,37,14.0,0.8,48,13.0,0.25,0
1150760,Upper bracket final: MIBR vs SEN,finished,best_of,3,False,2025-05-02 21:06:56+00:00,2025-05-02 23:27:20+00:00,140.4,16355,9115,4531,VCT,10.04,128472,Sentinels,2,130190,MIBR,0,128472,Sentinels,1.0,45,5.0,1.0,28,6.0,1.0,1
1150763,Lower bracket semifinal: G2 vs EG,finished,best_of,3,False,2025-05-02 23:54:41+00:00,2025-05-03 02:49:01+00:00,174.33333333333334,16355,9115,4531,VCT,10.04,128538,G2 Esports,2,129181,Evil Geniuses,1,128538,G2 Esports,0.8,50,4.0,0.8,22,5.0,0.5,1
1163879,Lower bracket round 1 match 1: TLN vs NS,finished,best_of,3,False,2025-05-03 08:05:25+00:00,2025-05-03 10:52:14+00:00,166.81666666666666,16530,9129,4531,VCT,10.04,132132,Talon Esports,2,132692,Nongshim RedForce,1,132132,Talon Esports,0.4,29,7.0,0.6,10,12.0,1.0,1
1162455,Lower bracket final: Wolves Esports vs BLG,finished,best_of,5,False,2025-05-03 09:08:10+00:00,2025-05-03 12:03:38+00:00,175.46666666666667,16519,9073,4531,VCT,,133379,Bilibili Gaming,3,134335,Wolves Esports,0,133379,Bilibili Gaming,0.6,31,0.0,0.6,23,1.0,0.6,1
1163880,Lower bracket round 1 match 2: T1 vs PR,finished,best_of,3,False,2025-05-03 11:22:30+00:00,2025-05-03 13:20:12+00:00,117.7,16530,9129,4531,VCT,10.04,128647,T1,1,128917,Paper Rex,2,128917,Paper Rex,0.4,38,7.0,0.4,40,14.0,0.25,0
1150762,Lower bracket final: MIBR vs G2,finished,best_of,5,False,2025-05-03 21:04:53+00:00,2025-05-04 01:16:05+00:00,251.2,16355,9115,4531,VCT,10.04,128538,G2 Esports,3,130190,MIBR,1,128538,G2 Esports,0.8,51,0.0,0.8,29,1.0,0.6666666666666666,1
1163877,Lower bracket quarterfinal 1: DRX vs TLN,finished,best_of,3,False,2025-05-04 08:05:38+00:00,2025-05-04 09:55:07+00:00,109.48333333333333,16530,9129,4531,VCT,10.04,130137,Kiwoom DRX,2,132132,Talon Esports,0,130137,Kiwoom DRX,0.6,38,6.0,0.6,30,0.0,1.0,1
1163878,Lower bracket quarterfinal 2: BOOM vs PR,finished,best_of,3,False,2025-05-04 10:28:03+00:00,2025-05-04 12:02:08+00:00,94.08333333333333,16530,9129,4531,VCT,10.04,128744,BOOM Esports,0,128917,Paper Rex,2,128917,Paper Rex,0.8,8,7.0,0.6,41,0.0,1.0,0
1162456,Grand final: XLG vs BLG,finished,best_of,5,False,2025-05-04 09:10:44+00:00,2025-05-04 13:27:54+00:00,257.1666666666667,16519,9073,4531,VCT,,133379,Bilibili Gaming,1,135470,XLG Gaming,3,135470,XLG Gaming,0.6,32,1.0,1.0,13,2.0,1.0,0
1150761,Grand final: SEN vs G2,finished,best_of,5,False,2025-05-04 21:08:48+00:00,2025-05-05 01:13:17+00:00,244.48333333333332,16355,9115,4531,VCT,10.04,128472,Sentinels,1,128538,G2 Esports,3,128538,G2 Esports,1.0,46,2.0,0.8,52,0.0,0.2,0
1163885,Upper bracket quarterfinal 1: BBL vs NAVI,finished,best_of,3,False,2025-05-08 15:05:43+00:00,2025-05-08 17:14:15+00:00,128.53333333333333,16531,9114,4531,VCT,10.04,128577,BBL Esports,2,129355,Natus Vincere,0,128577,BBL Esports,0.8,21,14.0,0.6,22,13.0,0.5,1
1163886,Upper bracket quarterfinal 2: FNC vs FUT,finished,best_of,3,False,2025-05-08 18:02:39+00:00,2025-05-08 19:45:43+00:00,103.06666666666666,16531,9114,4531,VCT,10.04,128537,Fnatic,2,128578,FUT Esports,0,128537,Fnatic,0.8,38,6.0,0.6,35,15.0,0.4,1
1163873,Upper bracket final: Gen.G vs RRQ,finished,best_of,3,False,2025-05-09 08:04:53+00:00,2025-05-09 09:42:57+00:00,98.06666666666666,16530,9129,4531,VCT,10.04,128473,Gen.G Esports,2,130638,Rex Regum Qeon,0,128473,Gen.G Esports,0.8,51,12.0,0.8,23,11.0,0.8,1
1163876,Lower bracket semifinal: DRX vs PR,finished,best_of,3,False,2025-05-09 10:11:53+00:00,2025-05-09 11:56:19+00:00,104.43333333333334,16530,9129,4531,VCT,10.04,128917,Paper Rex,2,130137,Kiwoom DRX,0,128917,Paper Rex,0.8,42,4.0,0.6,39,5.0,0.5,1
1163897,Lower bracket round 1 match 1: NAVI vs KC,finished,best_of,3,False,2025-05-09 15:13:23+00:00,2025-05-09 18:23:40+00:00,190.28333333333333,16531,9114,4531,VCT,10.04,129355,Natus Vincere,2,130922,Karmine Corp,1,129355,Natus Vincere,0.6,23,1.0,0.4,31,7.0,0.5,1
1163898,Lower bracket round 1 match 2: FUT vs VIT,finished,best_of,3,False,2025-05-09 19:09:52+00:00,2025-05-09 20:58:23+00:00,108.51666666666667,16531,9114,4531,VCT,10.04,128578,FUT Esports,2,128796,Team Vitality,0,128578,FUT Esports,0.4,36,1.0,0.4,36,15.0,0.0,1
1163875,Lower bracket final: RRQ vs PR,finished,best_of,5,False,2025-05-10 08:05:59+00:00,2025-05-10 12:26:12+00:00,260.21666666666664,16530,9129,4531,VCT,10.04,128917,Paper Rex,2,130638,Rex Regum Qeon,3,130638,Rex Regum Qeon,1.0,43,1.0,0.6,24,1.0,1.0,0
1163887,Upper bracket semifinal 1: TH vs BBL,finished,best_of,3,False,2025-05-10 15:05:42+00:00,2025-05-10 16:59:57+00:00,114.25,16531,9114,4531,VCT,10.04,128577,BBL Esports,0,128622,Team Heretics,2,128622,Team Heretics,0.8,22,1.0,1.0,49,7.0,0.5,0
1163889,Upper bracket semifinal 2: TL vs FNC,finished,best_of,3,False,2025-05-10 17:40:51+00:00,2025-05-10 20:49:47+00:00,188.93333333333334,16531,9114,4531,VCT,10.04,128537,Fnatic,2,128541,Team Liquid,1,128537,Fnatic,0.8,39,2.0,0.8,30,8.0,1.0,1
1163874,Grand final: Gen.G vs RRQ,finished,best_of,5,False,2025-05-11 08:12:22+00:00,2025-05-11 12:13:52+00:00,241.5,16530,9129,4531,VCT,10.04,128473,Gen.G Esports,1,130638,Rex Regum Qeon,3,130638,Rex Regum Qeon,0.8,52,2.0,0.6,25,0.0,0.8333333333333334,0
1163896,Lower bracket quarterfinal 2: BBL vs FUT,finished,best_of,3,False,2025-05-11 15:05:38+00:00,2025-05-11 18:12:46+00:00,187.13333333333333,16531,9114,4531,VCT,10.04,128577,BBL Esports,2,128578,FUT Esports,1,128577,BBL Esports,0.8,23,1.0,0.4,37,1.0,0.5,1
1163895,Lower bracket quarterfinal 1: TL vs NAVI,finished,best_of,3,False,2025-05-11 18:51:06+00:00,2025-05-11 21:26:12+00:00,155.1,16531,9114,4531,VCT,10.04,128541,Team Liquid,2,129355,Natus Vincere,1,128541,Team Liquid,0.8,31,1.0,0.6,24,2.0,0.0,1
1163890,Upper bracket final: TH vs FNC,finished,best_of,3,False,2025-05-16 15:06:55+00:00,2025-05-16 16:51:09+00:00,104.23333333333333,16531,9114,4531,VCT,10.09,128537,Fnatic,2,128622,Team Heretics,0,128537,Fnatic,0.8,40,5.0,1.0,50,5.0,0.2,1
1163894,Lower bracket semifinal: TL vs BBL,finished,best_of,3,False,2025-05-16 17:31:15+00:00,2025-05-16 20:05:10+00:00,153.91666666666666,16531,9114,4531,VCT,10.09,128541,Team Liquid,2,128577,BBL Esports,1,128541,Team Liquid,0.8,32,4.0,0.8,24,5.0,0.6666666666666666,1
1163893,Lower bracket final: TH vs TL,finished,best_of,5,False,2025-05-17 16:05:39+00:00,2025-05-17 18:24:34+00:00,138.91666666666666,16531,9114,4531,VCT,10.09,128541,Team Liquid,0,128622,Team Heretics,3,128622,Team Heretics,0.8,33,0.0,0.8,51,1.0,0.5,0
1163892,Grand final: FNC vs TH,finished,best_of,5,False,2025-05-18 16:09:58+00:00,2025-05-18 19:11:28+00:00,181.5,16531,9114,4531,VCT,10.09,128537,Fnatic,3,128622,Team Heretics,0,128537,Fnatic,0.8,41,2.0,0.8,52,1.0,0.3333333333333333,1
1176996,KOI.A vs ULF,finished,best_of,3,False,2025-05-19 15:08:35+00:00,2025-05-19 17:47:26+00:00,158.85,16687,9318,4947,VCL,10.09,136167,KOI Fénix,2,136660,ULF Esports,1,136167,KOI Fénix,,0,,,0,,,1
1177003,PL vs CGN,finished,best_of,3,False,2025-05-19 15:07:03+00:00,2025-05-19 18:13:32+00:00,186.48333333333332,16689,9318,4947,VCL,10.09,130398,CGN Esports,2,136225,Pixel Lumina,1,130398,CGN Esports,0.5,2,75.0,,0,,,1
1177006,UCAM vs VLNT,finished,best_of,3,False,2025-05-19 18:09:41+00:00,2025-05-19 19:53:51+00:00,104.16666666666667,16690,9318,4947,VCL,10.09,129100,UCAM Esports Club,2,132475,Valiant,0,129100,UCAM Esports Club,,0,,,0,,,1
1177000,Z10 vs FKS,finished,best_of,3,False,2025-05-19 18:29:31+00:00,2025-05-19 20:04:53+00:00,95.36666666666666,16688,9318,4947,VCL,10.09,130400,FOKUS,2,130974,Zero Tenacity,0,130400,FOKUS,0.25,4,73.0,,0,,,1
1176997,BFG vs ULF,finished,best_of,3,False,2025-05-20 15:06:39+00:00,2025-05-20 16:44:11+00:00,97.53333333333333,16687,9318,4947,VCL,10.09,134011,Bitfix Gaming,0,136660,ULF Esports,2,136660,ULF Esports,,0,,0.0,1,0.0,,0
1177001,KCBS vs Z10,finished,best_of,3,False,2025-05-20 15:02:48+00:00,2025-05-20 17:32:47+00:00,149.98333333333332,16688,9318,4947,VCL,10.09,130974,Zero Tenacity,1,136165,Karmine Corp Blue Stars,2,136165,Karmine Corp Blue Stars,0.0,1,0.0,,0,,,0
1177004,BBL.P vs CGN,finished,best_of,3,False,2025-05-20 17:05:15+00:00,2025-05-20 18:57:53+00:00,112.63333333333334,16689,9318,4947,VCL,10.09,130398,CGN Esports,0,136248,BBL PCIFIC,2,136248,BBL PCIFIC,0.6666666666666666,3,1.0,1.0,5,71.0,0.0,0
1177007,UCAM vs EP,finished,best_of,3,False,2025-05-20 17:54:46+00:00,2025-05-20 19:38:04+00:00,103.3,16690,9318,4947,VCL,10.09,129100,UCAM Esports Club,0,130973,Enterprise Esports,2,130973,Enterprise Esports,1.0,1,0.0,0.0,2,76.0,,0
1176999,BFG vs KOI.A,finished,best_of,3,False,2025-05-21 15:02:50+00:00,2025-05-21 16:27:19+00:00,84.48333333333333,16687,9318,4947,VCL,10.09,134011,Bitfix Gaming,0,136167,KOI Fénix,2,136167,KOI Fénix,0.0,1,0.0,1.0,1,1.0,,0
1177008,VLNT vs EP,finished,best_of,3,False,2025-05-21 15:05:47+00:00,2025-05-21 16:49:39+00:00,103.86666666666666,16690,9318,4947,VCL,10.09,130973,Enterprise Esports,2,132475,Valiant,0,130973,Enterprise Esports,0.3333333333333333,3,0.0,0.0,1,1.0,,1
1177005,BBL.P vs PL,finished,best_of,3,False,2025-05-21 16:55:25+00:00,2025-05-21 18:28:35+00:00,93.16666666666667,16689,9318,4947,VCL,10.09,136225,Pixel Lumina,0,136248,BBL PCIFIC,2,136248,BBL PCIFIC,0.0,1,2.0,1.0,6,0.0,,0
1177002,KCBS vs FKS,finished,best_of,3,False,2025-05-21 17:10:39+00:00,2025-05-21 20:22:25+00:00,191.76666666666668,16688,9318,4947,VCL,10.09,130400,FOKUS,2,136165,Karmine Corp Blue Stars,1,130400,FOKUS,0.4,5,2.0,1.0,1,1.0,,1
1177009,Upper bracket semifinal 1: BBL.P vs KOI.A,finished,best_of,3,False,2025-05-22 15:12:45+00:00,2025-05-22 16:33:59+00:00,81.23333333333333,16691,9318,4947,VCL,10.09,136167,KOI Fénix,0,136248,BBL PCIFIC,2,136248,BBL PCIFIC,1.0,2,1.0,1.0,7,0.0,,0
1177010,Upper bracket semifinal 2: EP vs FKS,finished,best_of,3,False,2025-05-22 16:56:49+00:00,2025-05-22 19:45:48+00:00,168.98333333333332,16691,9318,4947,VCL,10.09,130400,FOKUS,1,130973,Enterprise Esports,2,130973,Enterprise Esports,0.4,6,0.0,0.5,4,1.0,,0
1177014,Lower bracket semifinal: KOI.A vs FKS,finished,best_of,3,False,2025-05-23 15:04:03+00:00,2025-05-23 18:11:34+00:00,187.51666666666668,16691,9318,4947,VCL,10.09,130400,FOKUS,1,136167,KOI Fénix,2,136167,KOI Fénix,0.4,7,0.0,0.6666666666666666,3,1.0,,0
1177011,Upper bracket final: BBL.P vs EP,finished,best_of,3,False,2025-05-23 18:32:40+00:00,2025-05-23 21:03:08+00:00,150.46666666666667,16691,9318,4947,VCL,10.09,130973,Enterprise Esports,1,136248,BBL PCIFIC,2,136248,BBL PCIFIC,0.6,5,1.0,1.0,8,1.0,0.0,0
1177013,Lower bracket final: KOI.A vs EP,finished,best_of,5,False,2025-05-24 15:06:42+00:00,2025-05-25 11:51:13+00:00,1244.5166666666667,16691,9318,4947,VCL,10.09,130973,Enterprise Esports,3,136167,KOI Fénix,1,130973,Enterprise Esports,0.6,6,1.0,0.75,4,1.0,,1
1177012,Grand final: BBL.P vs EP,finished,best_of,5,False,2025-05-25 15:07:00+00:00,2025-05-25 18:24:46+00:00,197.76666666666668,16691,9318,4947,VCL,10.09,130973,Enterprise Esports,3,136248,BBL PCIFIC,1,130973,Enterprise Esports,0.8,7,0.0,1.0,9,1.0,0.0,1
1183578,Round 1: TH vs PR,finished,best_of,3,False,2025-06-07 16:11:25+00:00,2025-06-07 17:37:16+00:00,85.85,16776,9348,4531,VCT,10.09,128622,Team Heretics,0,128917,Paper Rex,2,128917,Paper Rex,0.6,53,19.0,0.8,44,28.0,0.0,0
1183575,Round 1: BLG vs TL,finished,best_of,3,False,2025-06-07 18:12:51+00:00,2025-06-07 21:10:27+00:00,177.6,16776,9348,4531,VCT,10.09,128541,Team Liquid,1,133379,Bilibili Gaming,2,133379,Bilibili Gaming,0.6,34,21.0,0.6,33,34.0,,0
1183577,Round 1: SEN vs WOL,finished,best_of,3,False,2025-06-08 16:13:11+00:00,2025-06-08 18:16:23+00:00,123.2,16776,9348,4531,VCT,10.09,128472,Sentinels,2,134335,Wolves Esports,0,128472,Sentinels,0.8,47,34.0,0.6,24,36.0,,1
1183574,Round 1: Gen.G vs MIBR,finished,best_of,3,False,2025-06-08 18:45:28+00:00,2025-06-08 20:06:09+00:00,80.68333333333334,16776,9348,4531,VCT,10.09,128473,Gen.G Esports,2,130190,MIBR,0,128473,Gen.G Esports,0.6,53,28.0,0.6,30,35.0,,1
1183966,Round 2: BLG vs SEN,finished,best_of,3,False,2025-06-09 16:11:24+00:00,2025-06-09 19:01:14+00:00,169.83333333333334,16776,9348,4531,VCT,10.09,128472,Sentinels,2,133379,Bilibili Gaming,1,128472,Sentinels,0.8,48,1.0,0.8,34,1.0,,1
1183967,Round 2: PR vs Gen.G,finished,best_of,3,False,2025-06-09 19:31:44+00:00,2025-06-09 21:11:45+00:00,100.01666666666667,16776,9348,4531,VCT,10.09,128473,Gen.G Esports,2,128917,Paper Rex,0,128473,Gen.G Esports,0.8,54,1.0,0.8,45,2.0,0.5714285714285714,1
1183968,Round 2: TH vs WOL,finished,best_of,3,False,2025-06-10 16:07:55+00:00,2025-06-10 18:06:46+00:00,118.85,16776,9348,4531,VCT,10.09,128622,Team Heretics,0,134335,Wolves Esports,2,134335,Wolves Esports,0.4,54,3.0,0.4,25,1.0,,0
1183969,Round 2: TL vs MIBR,finished,best_of,3,False,2025-06-10 18:34:26+00:00,2025-06-10 20:19:49+00:00,105.38333333333334,16776,9348,4531,VCT,10.09,128541,Team Liquid,2,130190,MIBR,0,128541,Team Liquid,0.4,35,2.0,0.4,31,2.0,,1
1183970,Round 3: BLG vs WOL,finished,best_of,3,False,2025-06-11 16:07:49+00:00,2025-06-11 18:03:06+00:00,115.28333333333333,16776,9348,4531,VCT,10.09,133379,Bilibili Gaming,0,134335,Wolves Esports,2,134335,Wolves Esports,0.6,35,1.0,0.4,26,0.0,0.6666666666666666,0
1183971,Round 3: PR vs TL,finished,best_of,3,False,2025-06-11 18:30:08+00:00,2025-06-11 21:15:18+00:00,165.16666666666666,16776,9348,4531,VCT,10.09,128541,Team Liquid,1,128917,Paper Rex,2,128917,Paper Rex,0.6,36,1.0,0.6,46,2.0,,0
1183975,Upper bracket quarterfinal 1: G2 vs PR,finished,best_of,3,False,2025-06-13 16:08:32+00:00,2025-06-13 18:02:02+00:00,113.5,16777,9348,4531,VCT,10.09,128538,G2 Esports,0,128917,Paper Rex,2,128917,Paper Rex,0.8,53,39.0,0.6,47,1.0,1.0,0
1183976,Upper bracket quarterfinal 2: XLG vs SEN,finished,best_of,3,False,2025-06-13 18:29:53+00:00,2025-06-13 20:05:08+00:00,95.25,16777,9348,4531,VCT,10.09,128472,Sentinels,2,135470,XLG Gaming,0,128472,Sentinels,0.8,49,4.0,1.0,14,40.0,,1
1183977,Upper bracket quarterfinal 3: RRQ vs WOL,finished,best_of,3,False,2025-06-14 16:07:33+00:00,2025-06-14 18:04:42+00:00,117.15,16777,9348,4531,VCT,10.09,130638,Rex Regum Qeon,0,134335,Wolves Esports,2,134335,Wolves Esports,0.6,26,34.0,0.4,27,3.0,,0
1183978,Upper bracket quarterfinal 4: FNC vs Gen.G,finished,best_of,3,False,2025-06-14 18:32:12+00:00,2025-06-14 22:33:26+00:00,241.23333333333332,16777,9348,4531,VCT,10.09,128473,Gen.G Esports,2,128537,Fnatic,1,128473,Gen.G Esports,0.8,55,5.0,0.8,42,27.0,1.0,1
1183985,Lower bracket round 1 match 1: G2 vs XLG,finished,best_of,3,False,2025-06-15 16:07:13+00:00,2025-06-15 17:37:13+00:00,90.0,16777,9348,4531,VCT,10.09,128538,G2 Esports,2,135470,XLG Gaming,0,128538,G2 Esports,0.8,54,1.0,0.8,15,1.0,,1
1183986,Lower bracket round 1 match 2: RRQ vs FNC,finished,best_of,3,False,2025-06-15 18:12:22+00:00,2025-06-15 20:42:55+00:00,150.55,16777,9348,4531,VCT,10.09,128537,Fnatic,2,130638,Rex Regum Qeon,1,128537,Fnatic,0.8,43,0.0,0.6,27,1.0,,1
1183983,Upper bracket semifinal 2: WOL vs Gen.G,finished,best_of,3,False,2025-06-16 16:09:20+00:00,2025-06-16 18:08:02+00:00,118.7,16777,9348,4531,VCT,10.09,128473,Gen.G Esports,0,134335,Wolves Esports,2,134335,Wolves Esports,0.8,56,1.0,0.6,28,2.0,,0
1183981,Upper bracket semifinal 1: PR vs SEN,finished,best_of,3,False,2025-06-16 18:43:14+00:00,2025-06-16 20:22:28+00:00,99.23333333333333,16777,9348,4531,VCT,10.09,128472,Sentinels,0,128917,Paper Rex,2,128917,Paper Rex,0.8,50,3.0,0.6,48,3.0,1.0,0
1183987,Lower bracket round 2 match 1: Gen.G vs G2,finished,best_of,3,False,2025-06-17 16:09:18+00:00,2025-06-17 19:09:14+00:00,179.93333333333334,16777,9348,4531,VCT,10.09,128473,Gen.G Esports,1,128538,G2 Esports,2,128538,G2 Esports,0.6,57,1.0,0.8,55,2.0,1.0,0
1183988,Lower bracket round 2 match 2: SEN vs FNC,finished,best_of,3,False,2025-06-17 19:39:35+00:00,2025-06-17 22:37:25+00:00,177.83333333333334,16777,9348,4531,VCT,10.09,128472,Sentinels,1,128537,Fnatic,2,128537,Fnatic,0.6,51,1.0,0.8,44,2.0,1.0,0
1183984,Upper bracket final: PR vs WOL,finished,best_of,3,False,2025-06-20 16:08:43+00:00,2025-06-20 18:08:28+00:00,119.75,16777,9348,4531,VCT,10.09,128917,Paper Rex,2,134335,Wolves Esports,0,128917,Paper Rex,0.8,49,3.0,0.8,29,4.0,,1
1183989,Lower bracket semifinal: G2 vs FNC,finished,best_of,3,False,2025-06-20 18:37:08+00:00,2025-06-20 20:43:23+00:00,126.25,16777,9348,4531,VCT,10.09,128537,Fnatic,2,128538,G2 Esports,0,128537,Fnatic,0.8,45,2.0,0.8,56,3.0,1.0,1
1183990,Lower bracket final: WOL vs FNC,finished,best_of,5,False,2025-06-21 16:09:06+00:00,2025-06-21 19:56:51+00:00,227.75,16777,9348,4531,VCT,10.09,128537,Fnatic,3,134335,Wolves Esports,1,128537,Fnatic,0.8,46,0.0,0.8,30,1.0,,1
1183991,Grand final: PR vs FNC,finished,best_of,5,False,2025-06-22 17:23:23+00:00,2025-06-22 21:57:20+00:00,273.95,16777,9348,4531,VCT,10.09,128537,Fnatic,1,128917,Paper Rex,3,128917,Paper Rex,0.8,47,1.0,0.8,50,2.0,,0
1200524,EDG vs TEC,finished,best_of,3,False,2025-07-03 11:10:10+00:00,2025-07-03 12:46:50+00:00,96.66666666666667,16964,9434,4531,VCT,11.00,128976,EDward Gaming,2,133825,TEC Esports,0,128976,EDward Gaming,0.6,51,61.0,0.4,25,76.0,1.0,1
1200526,BLG vs TYLOO,finished,best_of,3,False,2025-07-04 11:07:20+00:00,2025-07-04 12:51:30+00:00,104.16666666666667,16964,9434,4531,VCT,10.09,133288,TYLOO,0,133379,Bilibili Gaming,2,133379,Bilibili Gaming,0.2,19,83.0,0.4,36,22.0,0.0,0
1200569,AG vs XLG,finished,best_of,3,False,2025-07-05 09:09:03+00:00,2025-07-05 11:22:53+00:00,133.83333333333334,16965,9434,4531,VCT,,128974,All Gamers,1,135470,XLG Gaming,2,135470,XLG Gaming,0.0,21,83.0,0.6,16,19.0,0.0,0
1200570,WOL vs FPX,finished,best_of,3,False,2025-07-05 12:05:33+00:00,2025-07-05 13:48:01+00:00,102.46666666666667,16965,9434,4531,VCT,,128540,FunPlus Phoenix,2,134335,Wolves Esports,0,128540,FunPlus Phoenix,0.4,36,83.0,0.6,31,13.0,1.0,1
1200571,DRG vs NOVA,finished,best_of,3,False,2025-07-06 09:07:40+00:00,2025-07-06 11:45:06+00:00,157.43333333333334,16965,9434,4531,VCT,,133279,Dragon Ranger Gaming,2,133287,Nova Esports,1,133279,Dragon Ranger Gaming,0.4,32,76.0,0.4,25,78.0,0.75,1
1200528,JDG vs TE,finished,best_of,3,False,2025-07-06 12:20:08+00:00,2025-07-06 14:53:28+00:00,153.33333333333334,16964,9434,4531,VCT,,133380,Trace Esports,2,134454,JD Gaming,1,133380,Trace Esports,0.6,40,77.0,0.2,22,87.0,0.5,1
1200521,BOOM vs TLN,finished,best_of,3,False,2025-07-15 08:08:16+00:00,2025-07-15 09:47:54+00:00,99.63333333333334,16963,9435,4531,VCT,10.09,128744,BOOM Esports,0,132132,Talon Esports,2,132132,Talon Esports,0.6,9,71.0,0.4,31,71.0,,0
1200522,NS vs TS,finished,best_of,3,False,2025-07-15 10:32:26+00:00,2025-07-15 13:00:17+00:00,147.85,16962,9435,4531,VCT,10.09,129537,Team Secret,1,132692,Nongshim RedForce,2,132692,Nongshim RedForce,0.2,24,85.0,0.4,11,73.0,0.0,0
1200523,T1 vs PR,finished,best_of,3,False,2025-07-16 08:05:32+00:00,2025-07-16 10:07:02+00:00,121.5,16963,9435,4531,VCT,10.09,128647,T1,0,128917,Paper Rex,2,128917,Paper Rex,0.2,39,73.0,1.0,51,23.0,0.2,0
1200525,DRX vs Gen.G,finished,best_of,3,False,2025-07-16 10:35:32+00:00,2025-07-16 12:21:28+00:00,105.93333333333334,16962,9435,4531,VCT,11.00,128473,Gen.G Esports,2,130137,Kiwoom DRX,0,128473,Gen.G Esports,0.6,58,28.0,0.6,40,68.0,0.5714285714285714,1
1200532,TE vs TYLOO,finished,best_of,3,False,2025-07-16 11:07:02+00:00,2025-07-16 12:58:53+00:00,111.85,16964,9434,4531,VCT,,133288,TYLOO,2,133380,Trace Esports,0,133288,TYLOO,0.2,20,12.0,0.6,41,9.0,0.0,1
1201765,NAVI vs APEKS,finished,best_of,3,False,2025-07-16 15:09:43+00:00,2025-07-16 17:20:58+00:00,131.25,16984,9441,4531,VCT,11.00,129355,Natus Vincere,2,132560,Apeks,1,129355,Natus Vincere,0.4,25,65.0,0.0,7,83.0,1.0,1
1201787,VIT vs GX,finished,best_of,3,False,2025-07-16 17:53:44+00:00,2025-07-16 19:45:02+00:00,111.3,16983,9441,4531,VCT,10.09,128796,Team Vitality,0,134423,GIANTX,2,134423,GIANTX,0.2,37,67.0,0.2,20,83.0,1.0,0
1200527,RRQ vs GE,finished,best_of,3,False,2025-07-17 08:05:36+00:00,2025-07-17 09:54:15+00:00,108.65,16962,9435,4531,VCT,11.00,129660,Global Esports,2,130638,Rex Regum Qeon,0,129660,Global Esports,0.2,21,89.0,0.4,28,31.0,1.0,1
1200529,ZETA vs DFM,finished,best_of,3,False,2025-07-17 10:24:06+00:00,2025-07-17 12:30:22+00:00,126.26666666666667,16963,9435,4531,VCT,11.00,129326,ZETA DIVISION,1,131974,DetonatioN FocusMe,2,131974,DetonatioN FocusMe,0.4,22,87.0,0.0,21,87.0,0.0,0
1200572,FPX vs NOVA,finished,best_of,3,False,2025-07-17 11:08:19+00:00,2025-07-17 13:42:01+00:00,153.7,16965,9434,4531,VCT,,128540,FunPlus Phoenix,2,133287,Nova Esports,1,128540,FunPlus Phoenix,0.4,37,11.0,0.2,26,11.0,0.6666666666666666,1
1201788,FUT vs GM,finished,best_of,3,False,2025-07-17 15:05:17+00:00,2025-07-17 18:01:39+00:00,176.36666666666667,16983,9441,4531,VCT,11.00,128578,FUT Esports,2,133115,Gentle Mates,1,128578,FUT Esports,0.4,38,66.0,0.2,21,84.0,1.0,1
1201766,TL vs KOI,finished,best_of,3,False,2025-07-17 18:40:26+00:00,2025-07-17 21:09:48+00:00,149.36666666666667,16984,9441,4531,VCT,11.00,128541,Team Liquid,2,135651,KOI,1,128541,Team Liquid,0.4,37,35.0,0.2,7,84.0,1.0,1
1200574,AG vs WOL,finished,best_of,3,False,2025-07-18 09:07:42+00:00,2025-07-18 10:35:51+00:00,88.15,16965,9434,4531,VCT,,128974,All Gamers,2,134335,Wolves Esports,0,128974,All Gamers,0.0,22,12.0,0.4,32,12.0,0.0,1
1200531,DRX vs NS,finished,best_of,3,False,2025-07-18 08:05:21+00:00,2025-07-18 10:43:46+00:00,158.41666666666666,16962,9435,4531,VCT,10.09,130137,Kiwoom DRX,2,132692,Nongshim RedForce,1,130137,Kiwoom DRX,0.4,41,1.0,0.6,12,2.0,1.0,1
1200534,BOOM vs T1,finished,best_of,3,False,2025-07-18 11:14:11+00:00,2025-07-18 13:04:20+00:00,110.15,16963,9435,4531,VCT,11.00,128647,T1,2,128744,BOOM Esports,0,128647,T1,0.0,40,2.0,0.4,10,3.0,1.0,1
1200533,JDG vs BLG,finished,best_of,3,False,2025-07-18 11:13:15+00:00,2025-07-18 14:06:15+00:00,173.0,16964,9434,4531,VCT,,133379,Bilibili Gaming,2,134454,JD Gaming,1,133379,Bilibili Gaming,0.4,37,14.0,0.2,23,11.0,1.0,1
1201789,TH vs BBL,finished,best_of,3,False,2025-07-18 15:07:03+00:00,2025-07-18 17:44:44+00:00,157.68333333333334,16983,9441,4531,VCT,10.09,128577,BBL Esports,1,128622,Team Heretics,2,128622,Team Heretics,0.6,25,62.0,0.2,55,37.0,0.3333333333333333,0
1201767,FNC vs KC,finished,best_of,3,False,2025-07-18 18:16:57+00:00,2025-07-18 21:21:38+00:00,184.68333333333334,16984,9441,4531,VCT,10.09,128537,Fnatic,2,130922,Karmine Corp,1,128537,Fnatic,0.8,48,25.0,0.4,32,70.0,0.75,1
1202588,C9 vs FUR,finished,best_of,3,False,2025-07-18 21:10:55+00:00,2025-07-18 22:52:21+00:00,101.43333333333334,16985,9442,4531,VCT,11.00,128477,FURIA Esports,0,128819,Cloud9,2,128819,Cloud9,0.0,20,90.0,0.2,25,83.0,0.0,0
1202589,LEV vs LOUD,finished,best_of,3,False,2025-07-18 23:19:05+00:00,2025-07-19 02:15:44+00:00,176.65,16986,9442,4531,VCT,10.09,128990,Leviatán Esports,1,130338,LOUD,2,130338,LOUD,0.2,38,88.0,0.0,29,89.0,0.5,0
1200535,TYLOO vs TEC,finished,best_of,3,False,2025-07-19 09:07:05+00:00,2025-07-19 10:45:25+00:00,98.33333333333333,16964,9434,4531,VCT,,133288,TYLOO,2,133825,TEC Esports,0,133288,TYLOO,0.4,21,2.0,0.2,26,15.0,0.3333333333333333,1
1200536,GE vs TS,finished,best_of,3,False,2025-07-19 08:05:44+00:00,2025-07-19 10:52:20+00:00,166.6,16962,9435,4531,VCT,11.00,129537,Team Secret,2,129660,Global Esports,1,129537,Team Secret,0.2,25,3.0,0.2,22,2.0,0.5,1
1200538,PR vs DFM,finished,best_of,3,False,2025-07-19 11:23:10+00:00,2025-07-19 12:59:04+00:00,95.9,16963,9435,4531,VCT,10.09,128917,Paper Rex,2,131974,DetonatioN FocusMe,0,128917,Paper Rex,1.0,52,3.0,0.2,22,2.0,0.6666666666666666,1
1200537,TE vs EDG,finished,best_of,3,False,2025-07-19 11:19:19+00:00,2025-07-19 14:00:57+00:00,161.63333333333333,16964,9434,4531,VCT,,128976,EDward Gaming,1,133380,Trace Esports,2,133380,Trace Esports,0.6,52,16.0,0.6,42,3.0,0.8333333333333334,0
1202590,EG vs 2GAME,finished,best_of,3,False,2025-07-19 21:07:11+00:00,2025-07-19 23:58:12+00:00,171.01666666666668,16985,9442,4531,VCT,10.09,129181,Evil Geniuses,2,134470,2GAME Esports,1,129181,Evil Geniuses,0.8,23,77.0,0.2,7,91.0,1.0,1
1202591,MIBR vs KRÜ,finished,best_of,3,False,2025-07-20 00:26:15+00:00,2025-07-20 02:58:05+00:00,151.83333333333334,16986,9442,4531,VCT,11.00,128944,KRÜ Esports,2,130190,MIBR,1,128944,KRÜ Esports,0.4,33,83.0,0.2,32,39.0,0.3333333333333333,1
1200540,TLN vs ZETA,finished,best_of,3,False,2025-07-20 08:07:36+00:00,2025-07-20 09:30:04+00:00,82.46666666666667,16963,9435,4531,VCT,11.00,129326,ZETA DIVISION,0,132132,Talon Esports,2,132132,Talon Esports,0.4,23,2.0,0.6,32,4.0,1.0,0
1200575,DRG vs AG,finished,best_of,3,False,2025-07-20 09:10:47+00:00,2025-07-20 11:39:38+00:00,148.85,16965,9434,4531,VCT,,128974,All Gamers,1,133279,Dragon Ranger Gaming,2,133279,Dragon Ranger Gaming,0.2,23,2.0,0.6,33,13.0,0.5,0
1200541,RRQ vs Gen.G,finished,best_of,3,False,2025-07-20 09:57:59+00:00,2025-07-20 12:39:44+00:00,161.75,16962,9435,4531,VCT,11.00,128473,Gen.G Esports,1,130638,Rex Regum Qeon,2,130638,Rex Regum Qeon,0.6,59,4.0,0.4,29,3.0,0.7142857142857143,0
1200576,XLG vs WOL,finished,best_of,3,False,2025-07-20 12:19:45+00:00,2025-07-20 14:08:51+00:00,109.1,16965,9434,4531,VCT,,134335,Wolves Esports,0,135470,XLG Gaming,2,135470,XLG Gaming,0.2,33,2.0,0.6,17,15.0,0.0,0
1202592,100T vs NRG,finished,best_of,3,False,2025-07-20 21:05:51+00:00,2025-07-20 22:38:54+00:00,93.05,16986,9442,4531,VCT,11.00,128471,NRG,0,128605,100 Thieves,2,128605,100 Thieves,0.4,22,85.0,0.4,34,83.0,0.3333333333333333,0
1202593,SEN vs G2,finished,best_of,3,False,2025-07-20 23:05:31+00:00,2025-07-21 02:03:52+00:00,178.35,16985,9442,4531,VCT,11.00,128472,Sentinels,2,128538,G2 Esports,1,128472,Sentinels,0.6,52,33.0,0.6,57,30.0,0.16666666666666666,1
1200539,TEC vs BLG,finished,best_of,3,False,2025-07-23 11:09:32+00:00,2025-07-23 12:58:55+00:00,109.38333333333334,16964,9434,4531,VCT,,133379,Bilibili Gaming,2,133825,TEC Esports,0,133379,Bilibili Gaming,0.6,38,4.0,0.2,27,4.0,0.5,1
1201768,APEKS vs KC,finished,best_of,3,False,2025-07-23 15:08:00+00:00,2025-07-23 18:06:59+00:00,178.98333333333332,16984,9441,4531,VCT,10.09,130922,Karmine Corp,2,132560,Apeks,1,130922,Karmine Corp,0.2,33,4.0,0.0,8,7.0,,1
1201790,GX vs BBL,finished,best_of,3,False,2025-07-23 18:39:00+00:00,2025-07-23 21:25:27+00:00,166.45,16983,9441,4531,VCT,11.00,128577,BBL Esports,1,134423,GIANTX,2,134423,GIANTX,0.4,26,5.0,0.4,21,7.0,0.5,0
1200577,FPX vs DRG,finished,best_of,3,False,2025-07-24 11:09:20+00:00,2025-07-24 13:50:26+00:00,161.1,16965,9434,4531,VCT,,128540,FunPlus Phoenix,2,133279,Dragon Ranger Gaming,1,128540,FunPlus Phoenix,0.4,38,7.0,0.6,34,4.0,0.5,1
1201769,TL vs NAVI,finished,best_of,3,False,2025-07-24 15:07:56+00:00,2025-07-24 16:41:07+00:00,93.18333333333334,16984,9441,4531,VCT,11.00,128541,Team Liquid,2,129355,Natus Vincere,0,128541,Team Liquid,0.4,38,6.0,0.6,26,7.0,0.3333333333333333,1
1201791,GM vs TH,finished,best_of,3,False,2025-07-24 17:12:17+00:00,2025-07-24 20:10:02+00:00,177.75,16983,9441,4531,VCT,11.00,128622,Team Heretics,2,133115,Gentle Mates,1,128622,Team Heretics,0.4,56,6.0,0.0,22,7.0,1.0,1
1200543,Gen.G vs GE,finished,best_of,3,False,2025-07-25 08:04:58+00:00,2025-07-25 10:19:52+00:00,134.9,16962,9435,4531,VCT,11.00,128473,Gen.G Esports,2,129660,Global Esports,1,128473,Gen.G Esports,0.4,60,4.0,0.2,23,5.0,1.0,1
1200578,NOVA vs AG,finished,best_of,3,False,2025-07-25 09:08:38+00:00,2025-07-25 12:05:51+00:00,177.21666666666667,16965,9434,4531,VCT,,128974,All Gamers,2,133287,Nova Esports,1,128974,All Gamers,0.2,24,5.0,0.0,27,7.0,0.5,1
1200545,TLN vs DFM,finished,best_of,3,False,2025-07-25 10:53:30+00:00,2025-07-25 13:36:09+00:00,162.65,16963,9435,4531,VCT,11.00,131974,DetonatioN FocusMe,2,132132,Talon Esports,1,131974,DetonatioN FocusMe,0.2,23,6.0,0.6,33,5.0,0.0,1
1200542,TYLOO vs EDG,finished,best_of,3,False,2025-07-25 12:39:26+00:00,2025-07-25 14:32:34+00:00,113.13333333333334,16964,9434,4531,VCT,,128976,EDward Gaming,2,133288,TYLOO,0,128976,EDward Gaming,0.4,53,6.0,0.6,22,6.0,1.0,1
1201792,FUT vs VIT,finished,best_of,3,False,2025-07-25 15:05:49+00:00,2025-07-25 16:29:55+00:00,84.1,16983,9441,4531,VCT,11.00,128578,FUT Esports,0,128796,Team Vitality,2,128796,Team Vitality,0.4,39,7.0,0.2,38,8.0,0.3333333333333333,0
1201771,KOI vs FNC,finished,best_of,3,False,2025-07-25 17:08:14+00:00,2025-07-25 18:55:14+00:00,107.0,16984,9441,4531,VCT,10.09,128537,Fnatic,2,135651,KOI,0,128537,Fnatic,0.8,49,6.0,0.2,8,7.0,,1
1202594,2GAME vs G2,finished,best_of,3,False,2025-07-25 21:07:00+00:00,2025-07-25 22:47:20+00:00,100.33333333333333,16985,9442,4531,VCT,10.09,128538,G2 Esports,2,134470,2GAME Esports,0,128538,G2 Esports,0.4,58,4.0,0.2,8,5.0,,1
1202595,FUR vs SEN,finished,best_of,3,False,2025-07-25 23:12:30+00:00,2025-07-26 00:29:34+00:00,77.06666666666666,16985,9442,4531,VCT,10.09,128472,Sentinels,2,128477,FURIA Esports,0,128472,Sentinels,0.6,53,4.0,0.0,21,7.0,1.0,1
1200547,T1 vs ZETA,finished,best_of,3,False,2025-07-26 08:13:09+00:00,2025-07-26 09:42:18+00:00,89.15,16963,9435,4531,VCT,11.00,128647,T1,2,129326,ZETA DIVISION,0,128647,T1,0.2,41,7.0,0.2,24,6.0,1.0,1
1200544,TEC vs JDG,finished,best_of,3,False,2025-07-26 09:07:28+00:00,2025-07-26 12:01:16+00:00,173.8,16964,9434,4531,VCT,,133825,TEC Esports,1,134454,JD Gaming,2,134454,JD Gaming,0.0,28,2.0,0.2,24,7.0,0.5,0
1200549,RRQ vs NS,finished,best_of,3,False,2025-07-26 10:06:41+00:00,2025-07-26 12:32:18+00:00,145.61666666666667,16962,9435,4531,VCT,11.00,130638,Rex Regum Qeon,2,132692,Nongshim RedForce,1,130638,Rex Regum Qeon,0.4,30,5.0,0.6,13,8.0,0.0,1
1200546,BLG vs TE,finished,best_of,3,False,2025-07-26 12:36:04+00:00,2025-07-26 15:26:09+00:00,170.08333333333334,16964,9434,4531,VCT,,133379,Bilibili Gaming,1,133380,Trace Esports,2,133380,Trace Esports,0.6,39,3.0,0.6,43,7.0,0.2,0
1202596,100T vs KRÜ,finished,best_of,3,False,2025-07-26 21:06:21+00:00,2025-07-26 22:36:29+00:00,90.13333333333334,16986,9442,4531,VCT,11.00,128605,100 Thieves,2,128944,KRÜ Esports,0,128605,100 Thieves,0.4,35,5.0,0.4,34,6.0,0.0,1
1202597,NRG vs LOUD,finished,best_of,3,False,2025-07-26 23:16:29+00:00,2025-07-27 00:55:10+00:00,98.68333333333334,16986,9442,4531,VCT,11.00,128471,NRG,2,130338,LOUD,0,128471,NRG,0.2,23,6.0,0.2,30,7.0,1.0,1
1200551,DRX vs TS,finished,best_of,3,False,2025-07-27 08:07:01+00:00,2025-07-27 09:30:55+00:00,83.9,16962,9435,4531,VCT,10.09,129537,Team Secret,0,130137,Kiwoom DRX,2,130137,Kiwoom DRX,0.4,26,7.0,0.4,42,8.0,0.0,0
1200553,BOOM vs PR,finished,best_of,3,False,2025-07-27 10:00:53+00:00,2025-07-27 11:41:26+00:00,100.55,16963,9435,4531,VCT,10.09,128744,BOOM Esports,0,128917,Paper Rex,2,128917,Paper Rex,0.2,11,8.0,1.0,53,7.0,0.5,0
1200579,WOL vs DRG,finished,best_of,3,False,2025-07-27 09:07:53+00:00,2025-07-27 12:07:12+00:00,179.31666666666666,16965,9434,4531,VCT,,133279,Dragon Ranger Gaming,1,134335,Wolves Esports,2,134335,Wolves Esports,0.6,35,2.0,0.0,34,6.0,0.0,0
1200580,XLG vs FPX,finished,best_of,3,False,2025-07-27 12:45:26+00:00,2025-07-27 14:39:57+00:00,114.51666666666667,16965,9434,4531,VCT,,128540,FunPlus Phoenix,0,135470,XLG Gaming,2,135470,XLG Gaming,0.6,39,3.0,0.6,18,7.0,,0
1202598,C9 vs EG,finished,best_of,3,False,2025-07-27 21:06:14+00:00,2025-07-27 22:55:12+00:00,108.96666666666667,16985,9442,4531,VCT,10.09,128819,Cloud9,2,129181,Evil Geniuses,0,128819,Cloud9,0.4,26,9.0,0.8,24,7.0,0.5,1
1202599,MIBR vs LEV,finished,best_of,3,False,2025-07-27 23:24:21+00:00,2025-07-28 01:22:56+00:00,118.58333333333333,16986,9442,4531,VCT,10.09,128990,Leviatán Esports,2,130190,MIBR,0,128990,Leviatán Esports,0.2,39,8.0,0.0,33,7.0,0.3333333333333333,1
1201793,FUT vs GX,finished,best_of,3,False,2025-07-30 15:06:07+00:00,2025-07-30 17:39:07+00:00,153.0,16983,9441,4531,VCT,11.00,128578,FUT Esports,2,134423,GIANTX,1,128578,FUT Esports,0.4,40,5.0,0.6,22,6.0,1.0,1
1201794,GM vs BBL,finished,best_of,3,False,2025-07-30 18:11:23+00:00,2025-07-30 19:48:11+00:00,96.8,16983,9441,4531,VCT,11.00,128577,BBL Esports,2,133115,Gentle Mates,0,128577,BBL Esports,0.2,27,6.0,0.0,23,5.0,0.5,1
1200581,NOVA vs XLG,finished,best_of,3,False,2025-07-31 09:07:08+00:00,2025-07-31 10:41:33+00:00,94.41666666666667,16965,9434,4531,VCT,,133287,Nova Esports,0,135470,XLG Gaming,2,135470,XLG Gaming,0.0,28,5.0,0.6,19,3.0,0.0,0
1200548,EDG vs JDG,finished,best_of,3,False,2025-07-31 11:14:45+00:00,2025-07-31 13:54:14+00:00,159.48333333333332,16964,9434,4531,VCT,,128976,EDward Gaming,2,134454,JD Gaming,1,128976,EDward Gaming,0.6,54,5.0,0.4,25,5.0,1.0,1
1201772,TL vs APEKS,finished,best_of,3,False,2025-07-31 15:06:31+00:00,2025-07-31 18:11:00+00:00,184.48333333333332,16984,9441,4531,VCT,11.00,128541,Team Liquid,2,132560,Apeks,1,128541,Team Liquid,0.6,39,7.0,0.0,9,8.0,1.0,1
1201781,KOI vs KC,finished,best_of,3,False,2025-07-31 18:42:04+00:00,2025-07-31 20:59:37+00:00,137.55,16984,9441,4531,VCT,10.09,130922,Karmine Corp,2,135651,KOI,1,130922,Karmine Corp,0.2,34,8.0,0.2,9,6.0,1.0,1
1200555,Gen.G vs TS,finished,best_of,3,False,2025-08-01 08:07:23+00:00,2025-08-01 09:33:02+00:00,85.65,16962,9435,4531,VCT,10.09,128473,Gen.G Esports,2,129537,Team Secret,0,128473,Gen.G Esports,0.4,61,6.0,0.4,27,5.0,0.5,1
1200582,AG vs FPX,finished,best_of,3,False,2025-08-01 09:10:05+00:00,2025-08-01 11:09:14+00:00,119.15,16965,9434,4531,VCT,,128540,FunPlus Phoenix,0,128974,All Gamers,2,128974,All Gamers,0.6,40,4.0,0.4,25,6.0,1.0,0
1200557,TLN vs T1,finished,best_of,3,False,2025-08-01 10:02:41+00:00,2025-08-01 11:39:58+00:00,97.28333333333333,16963,9435,4531,VCT,10.09,128647,T1,0,132132,Talon Esports,2,132132,Talon Esports,0.4,42,6.0,0.6,34,6.0,0.3333333333333333,0
1200550,TE vs TEC,finished,best_of,3,False,2025-08-01 11:41:34+00:00,2025-08-01 13:29:18+00:00,107.73333333333333,16964,9434,4531,VCT,,133380,Trace Esports,0,133825,TEC Esports,2,133825,TEC Esports,0.6,44,5.0,0.0,29,6.0,1.0,0
1201773,NAVI vs FNC,finished,best_of,3,False,2025-08-01 15:07:23+00:00,2025-08-01 18:16:18+00:00,188.91666666666666,16984,9441,4531,VCT,11.00,128537,Fnatic,2,129355,Natus Vincere,1,128537,Fnatic,0.8,50,6.0,0.4,27,8.0,0.6666666666666666,1
1201795,VIT vs TH,finished,best_of,3,False,2025-08-01 18:52:32+00:00,2025-08-01 20:49:52+00:00,117.33333333333333,16983,9441,4531,VCT,11.00,128622,Team Heretics,2,128796,Team Vitality,0,128622,Team Heretics,0.4,57,8.0,0.4,39,7.0,0.2,1
1202600,2GAME vs FUR,finished,best_of,3,False,2025-08-01 21:07:05+00:00,2025-08-01 23:38:33+00:00,151.46666666666667,16985,9442,4531,VCT,11.00,128477,FURIA Esports,1,134470,2GAME Esports,2,134470,2GAME Esports,0.0,22,6.0,0.0,9,7.0,1.0,0
1202601,LEV vs NRG,finished,best_of,3,False,2025-08-02 00:21:48+00:00,2025-08-02 03:20:41+00:00,178.88333333333333,16986,9442,4531,VCT,11.00,128471,NRG,2,128990,Leviatán Esports,1,128471,NRG,0.4,24,6.0,0.4,40,5.0,0.5,1
1200558,BOOM vs DFM,finished,best_of,3,False,2025-08-02 08:05:07+00:00,2025-08-02 09:40:01+00:00,94.9,16963,9435,4531,VCT,11.00,128744,BOOM Esports,0,131974,DetonatioN FocusMe,2,131974,DetonatioN FocusMe,0.0,12,5.0,0.4,24,7.0,1.0,0
1200583,NOVA vs WOL,finished,best_of,3,False,2025-08-02 09:07:41+00:00,2025-08-02 11:56:12+00:00,168.51666666666668,16965,9434,4531,VCT,,133287,Nova Esports,2,134335,Wolves Esports,1,133287,Nova Esports,0.0,29,2.0,0.2,35,5.0,1.0,1
1200559,RRQ vs DRX,finished,best_of,3,False,2025-08-02 10:10:18+00:00,2025-08-02 12:07:08+00:00,116.83333333333333,16962,9435,4531,VCT,11.00,130137,Kiwoom DRX,2,130638,Rex Regum Qeon,0,130137,Kiwoom DRX,0.6,43,6.0,0.4,31,6.0,0.0,1
1200584,DRG vs XLG,finished,best_of,3,False,2025-08-02 12:31:02+00:00,2025-08-02 14:51:10+00:00,140.13333333333333,16965,9434,4531,VCT,,133279,Dragon Ranger Gaming,2,135470,XLG Gaming,1,133279,Dragon Ranger Gaming,0.4,36,6.0,0.8,20,2.0,,1
1202603,SEN vs C9,finished,best_of,3,False,2025-08-02 21:07:46+00:00,2025-08-02 22:49:36+00:00,101.83333333333333,16985,9442,4531,VCT,11.00,128472,Sentinels,2,128819,Cloud9,0,128472,Sentinels,0.6,54,7.0,0.4,27,5.0,1.0,1
1202604,MIBR vs 100T,finished,best_of,3,False,2025-08-02 23:15:05+00:00,2025-08-03 01:21:39+00:00,126.56666666666666,16986,9442,4531,VCT,10.09,128605,100 Thieves,0,130190,MIBR,2,130190,MIBR,0.6,36,7.0,0.0,34,5.0,0.6666666666666666,0
1200560,NS vs GE,finished,best_of,3,False,2025-08-03 08:05:55+00:00,2025-08-03 09:46:15+00:00,100.33333333333333,16962,9435,4531,VCT,10.09,129660,Global Esports,0,132692,Nongshim RedForce,2,132692,Nongshim RedForce,0.2,24,8.0,0.4,14,7.0,,0
1200552,TYLOO vs JDG,finished,best_of,3,False,2025-08-03 09:08:35+00:00,2025-08-03 11:35:24+00:00,146.81666666666666,16964,9434,4531,VCT,,133288,TYLOO,2,134454,JD Gaming,1,133288,TYLOO,0.6,23,8.0,0.2,26,2.0,0.0,1
1200561,PR vs ZETA,finished,best_of,3,False,2025-08-03 10:17:18+00:00,2025-08-03 11:47:46+00:00,90.46666666666667,16963,9435,4531,VCT,10.09,128917,Paper Rex,0,129326,ZETA DIVISION,2,129326,ZETA DIVISION,1.0,54,7.0,0.2,25,8.0,1.0,0
1200554,BLG vs EDG,finished,best_of,3,False,2025-08-03 12:08:35+00:00,2025-08-03 14:13:29+00:00,124.9,16964,9434,4531,VCT,,128976,EDward Gaming,0,133379,Bilibili Gaming,2,133379,Bilibili Gaming,0.6,55,3.0,0.6,40,7.0,0.75,0
1202605,G2 vs EG,finished,best_of,3,False,2025-08-03 21:07:32+00:00,2025-08-03 23:45:42+00:00,158.16666666666666,16985,9442,4531,VCT,10.09,128538,G2 Esports,2,129181,Evil Geniuses,1,128538,G2 Esports,0.6,59,9.0,0.6,25,7.0,0.6666666666666666,1
1202607,LOUD vs KRÜ,finished,best_of,3,False,2025-08-04 00:13:13+00:00,2025-08-04 02:41:35+00:00,148.36666666666667,16986,9442,4531,VCT,11.00,128944,KRÜ Esports,2,130338,LOUD,1,128944,KRÜ Esports,0.4,35,8.0,0.2,31,8.0,0.75,1
1201796,FUT vs TH,finished,best_of,3,False,2025-08-06 15:30:20+00:00,2025-08-06 17:07:49+00:00,97.48333333333333,16983,9441,4531,VCT,10.09,128578,FUT Esports,0,128622,Team Heretics,2,128622,Team Heretics,0.6,41,6.0,0.6,58,4.0,0.0,0
1201774,KOI vs APEKS,finished,best_of,3,False,2025-08-06 17:41:31+00:00,2025-08-06 20:05:09+00:00,143.63333333333333,16984,9441,4531,VCT,11.00,132560,Apeks,1,135651,KOI,2,135651,KOI,0.0,10,6.0,0.2,10,5.0,,0
1201797,GM vs GX,finished,best_of,3,False,2025-08-07 15:06:12+00:00,2025-08-07 17:33:31+00:00,147.31666666666666,16983,9441,4531,VCT,10.09,133115,Gentle Mates,1,134423,GIANTX,2,134423,GIANTX,0.0,24,7.0,0.6,23,7.0,0.0,0
1201775,NAVI vs KC,finished,best_of,3,False,2025-08-07 18:04:46+00:00,2025-08-07 20:00:28+00:00,115.7,16984,9441,4531,VCT,11.00,129355,Natus Vincere,2,130922,Karmine Corp,0,129355,Natus Vincere,0.4,28,6.0,0.4,35,6.0,0.6666666666666666,1
1200562,Gen.G vs NS,finished,best_of,3,False,2025-08-08 08:07:02+00:00,2025-08-08 10:01:39+00:00,114.61666666666666,16962,9435,4531,VCT,10.09,128473,Gen.G Esports,0,132692,Nongshim RedForce,2,132692,Nongshim RedForce,0.6,62,7.0,0.4,15,5.0,,0
1200563,TLN vs PR,finished,best_of,3,False,2025-08-08 10:32:11+00:00,2025-08-08 12:27:58+00:00,115.78333333333333,16963,9435,4531,VCT,10.09,128917,Paper Rex,2,132132,Talon Esports,0,128917,Paper Rex,0.8,55,5.0,0.6,35,7.0,1.0,1
1201798,VIT vs BBL,finished,best_of,3,False,2025-08-08 15:12:39+00:00,2025-08-08 18:10:50+00:00,178.18333333333334,16983,9441,4531,VCT,11.00,128577,BBL Esports,2,128796,Team Vitality,1,128577,BBL Esports,0.4,28,8.0,0.2,40,6.0,0.0,1
1201776,TL vs FNC,finished,best_of,3,False,2025-08-08 18:42:52+00:00,2025-08-08 20:23:55+00:00,101.05,16984,9441,4531,VCT,11.00,128537,Fnatic,0,128541,Team Liquid,2,128541,Team Liquid,0.8,51,7.0,0.8,40,8.0,1.0,0
1202608,C9 vs 2GAME,finished,best_of,3,False,2025-08-08 21:07:09+00:00,2025-08-08 22:32:39+00:00,85.5,16985,9442,4531,VCT,11.00,128819,Cloud9,2,134470,2GAME Esports,0,128819,Cloud9,0.4,28,5.0,0.2,10,6.0,,1
1202609,MIBR vs NRG,finished,best_of,3,False,2025-08-08 22:57:35+00:00,2025-08-09 01:08:47+00:00,131.2,16986,9442,4531,VCT,11.00,128471,NRG,2,130190,MIBR,0,128471,NRG,0.6,25,6.0,0.2,35,5.0,0.5,1
1200564,DRX vs GE,finished,best_of,3,False,2025-08-09 08:06:43+00:00,2025-08-09 09:59:09+00:00,112.43333333333334,16962,9435,4531,VCT,11.00,129660,Global Esports,0,130137,Kiwoom DRX,2,130137,Kiwoom DRX,0.2,25,6.0,0.6,44,6.0,0.0,0
1219511,Upper bracket quarterfinal 1: AG vs TYLOO,finished,best_of,3,False,2025-08-09 09:08:27+00:00,2025-08-09 10:54:45+00:00,106.3,17299,9434,4531,VCT,,128974,All Gamers,0,133288,TYLOO,2,133288,TYLOO,0.6,26,7.0,0.6,24,5.0,1.0,0
1219510,Upper bracket quarterfinal 2: EDG vs DRG,finished,best_of,3,False,2025-08-09 11:27:26+00:00,2025-08-09 13:17:23+00:00,109.95,17299,9434,4531,VCT,,128976,EDward Gaming,0,133279,Dragon Ranger Gaming,2,133279,Dragon Ranger Gaming,0.6,56,5.0,0.6,37,6.0,0.8333333333333334,0
1200565,BOOM vs ZETA,finished,best_of,3,False,2025-08-09 10:27:30+00:00,2025-08-09 13:27:24+00:00,179.9,16963,9435,4531,VCT,11.00,128744,BOOM Esports,1,129326,ZETA DIVISION,2,129326,ZETA DIVISION,0.0,13,7.0,0.2,26,6.0,,0
1202610,SEN vs EG,finished,best_of,3,False,2025-08-09 21:07:20+00:00,2025-08-09 22:46:20+00:00,99.0,16985,9442,4531,VCT,11.00,128472,Sentinels,2,129181,Evil Geniuses,0,128472,Sentinels,0.6,55,6.0,0.4,26,5.0,0.5,1
1202611,LEV vs KRÜ,finished,best_of,3,False,2025-08-09 23:16:36+00:00,2025-08-10 01:47:13+00:00,150.61666666666667,16986,9442,4531,VCT,11.00,128944,KRÜ Esports,1,128990,Leviatán Esports,2,128990,Leviatán Esports,0.4,36,5.0,0.2,41,7.0,0.0,0
1200567,RRQ vs TS,finished,best_of,3,False,2025-08-10 08:07:28+00:00,2025-08-10 10:37:43+00:00,150.25,16962,9435,4531,VCT,10.09,129537,Team Secret,1,130638,Rex Regum Qeon,2,130638,Rex Regum Qeon,0.4,28,9.0,0.4,32,7.0,0.3333333333333333,0
1219521,Lower bracket round 1 match 1: AG vs FPX,finished,best_of,3,False,2025-08-10 09:09:07+00:00,2025-08-10 11:50:09+00:00,161.03333333333333,17299,9434,4531,VCT,,128540,FunPlus Phoenix,1,128974,All Gamers,2,128974,All Gamers,0.6,41,9.0,0.6,27,1.0,0.5,0
1200568,T1 vs DFM,finished,best_of,3,False,2025-08-10 11:08:43+00:00,2025-08-10 12:38:36+00:00,89.88333333333334,16963,9435,4531,VCT,10.09,128647,T1,2,131974,DetonatioN FocusMe,0,128647,T1,0.4,43,9.0,0.6,25,8.0,0.0,1
1219520,Lower bracket round 1 match 2: EDG vs TE,finished,best_of,3,False,2025-08-10 12:24:31+00:00,2025-08-10 15:14:57+00:00,170.43333333333334,17299,9434,4531,VCT,,128976,EDward Gaming,2,133380,Trace Esports,1,128976,EDward Gaming,0.4,57,1.0,0.6,45,9.0,0.7142857142857143,1
1202612,FUR vs G2,finished,best_of,3,False,2025-08-10 21:07:13+00:00,2025-08-10 22:37:44+00:00,90.51666666666667,16985,9442,4531,VCT,11.00,128477,FURIA Esports,0,128538,G2 Esports,2,128538,G2 Esports,0.0,23,8.0,0.6,60,6.0,0.0,0
1202613,LOUD vs 100T,finished,best_of,3,False,2025-08-10 23:05:42+00:00,2025-08-11 01:48:44+00:00,163.03333333333333,16986,9442,4531,VCT,11.00,128605,100 Thieves,2,130338,LOUD,1,128605,100 Thieves,0.6,37,8.0,0.2,32,6.0,0.6666666666666666,1
1206525,Upper bracket quarterfinal 1: TLN vs NS,finished,best_of,3,False,2025-08-13 08:07:13+00:00,2025-08-13 10:08:58+00:00,121.75,17089,9435,4531,VCT,10.09,132132,Talon Esports,2,132692,Nongshim RedForce,0,132132,Talon Esports,0.6,36,4.0,0.6,16,5.0,1.0,1
1206526,Upper bracket quarterfinal 2: RRQ vs T1,finished,best_of,3,False,2025-08-13 10:36:56+00:00,2025-08-13 13:07:01+00:00,150.08333333333334,17089,9435,4531,VCT,10.09,128647,T1,2,130638,Rex Regum Qeon,1,128647,T1,0.6,44,3.0,0.6,33,3.0,0.5,1
1201777,KOI vs NAVI,finished,best_of,3,False,2025-08-13 15:06:02+00:00,2025-08-13 17:53:34+00:00,167.53333333333333,16984,9441,4531,VCT,11.00,129355,Natus Vincere,2,135651,KOI,1,129355,Natus Vincere,0.4,29,5.0,0.4,11,6.0,,1
1201778,APEKS vs FNC,finished,best_of,3,False,2025-08-13 18:26:20+00:00,2025-08-13 20:03:17+00:00,96.95,16984,9441,4531,VCT,11.00,128537,Fnatic,2,132560,Apeks,0,128537,Fnatic,0.6,52,4.0,0.0,11,6.0,1.0,1
1206529,Upper bracket semifinal 1: TLN vs DRX,finished,best_of,3,False,2025-08-14 08:07:07+00:00,2025-08-14 10:47:49+00:00,160.7,17089,9435,4531,VCT,10.09,130137,Kiwoom DRX,1,132132,Talon Esports,2,132132,Talon Esports,0.8,45,5.0,0.6,37,1.0,1.0,0
1206530,Upper bracket semifinal 2: T1 vs PR,finished,best_of,3,False,2025-08-14 11:18:08+00:00,2025-08-14 12:45:50+00:00,87.7,17089,9435,4531,VCT,10.09,128647,T1,0,128917,Paper Rex,2,128917,Paper Rex,0.8,45,0.0,0.8,56,6.0,0.16666666666666666,0
1201799,GX vs TH,finished,best_of,3,False,2025-08-14 15:06:28+00:00,2025-08-14 16:41:51+00:00,95.38333333333334,16983,9441,4531,VCT,10.09,128622,Team Heretics,2,134423,GIANTX,0,128622,Team Heretics,0.8,59,7.0,0.8,24,6.0,1.0,1
1201800,GM vs VIT,finished,best_of,3,False,2025-08-14 17:09:59+00:00,2025-08-14 19:39:16+00:00,149.28333333333333,16983,9441,4531,VCT,11.00,128796,Team Vitality,2,133115,Gentle Mates,1,128796,Team Vitality,0.2,41,6.0,0.0,25,7.0,0.6666666666666666,1
1206527,Lower bracket round 1 match 1: NS vs DFM,finished,best_of,3,False,2025-08-15 08:06:55+00:00,2025-08-15 09:36:27+00:00,89.53333333333333,17089,9435,4531,VCT,10.09,131974,DetonatioN FocusMe,0,132692,Nongshim RedForce,2,132692,Nongshim RedForce,0.6,26,4.0,0.4,17,1.0,,0
1206528,Lower bracket round 1 match 2: RRQ vs Gen.G,finished,best_of,3,False,2025-08-15 10:07:27+00:00,2025-08-15 12:46:28+00:00,159.01666666666668,17089,9435,4531,VCT,10.09,128473,Gen.G Esports,1,130638,Rex Regum Qeon,2,130638,Rex Regum Qeon,0.6,63,7.0,0.6,34,1.0,0.625,0
1201801,FUT vs BBL,finished,best_of,3,False,2025-08-15 15:11:20+00:00,2025-08-15 17:02:43+00:00,111.38333333333334,16983,9441,4531,VCT,11.00,128577,BBL Esports,2,128578,FUT Esports,0,128577,BBL Esports,0.4,29,6.0,0.4,42,8.0,0.6666666666666666,1
1201779,TL vs KC,finished,best_of,3,False,2025-08-15 17:33:57+00:00,2025-08-15 20:59:53+00:00,205.93333333333334,16984,9441,4531,VCT,11.00,128541,Team Liquid,1,130922,Karmine Corp,2,130922,Karmine Corp,0.8,41,7.0,0.4,36,8.0,1.0,0
1202614,KRÜ vs NRG,finished,best_of,3,False,2025-08-15 21:15:45+00:00,2025-08-15 23:43:14+00:00,147.48333333333332,16986,9442,4531,VCT,11.00,128471,NRG,2,128944,KRÜ Esports,1,128471,NRG,0.6,26,6.0,0.4,37,5.0,0.5,1
1202615,100T vs LEV,finished,best_of,3,False,2025-08-16 00:06:37+00:00,2025-08-16 02:42:15+00:00,155.63333333333333,16986,9442,4531,VCT,11.00,128605,100 Thieves,1,128990,Leviatán Esports,2,128990,Leviatán Esports,0.6,38,5.0,0.4,42,6.0,0.3333333333333333,0
1206531,Lower bracket quarterfinal 1: T1 vs NS,finished,best_of,3,False,2025-08-16 08:05:01+00:00,2025-08-16 09:41:29+00:00,96.46666666666667,17089,9435,4531,VCT,11.00,128647,T1,2,132692,Nongshim RedForce,0,128647,T1,0.6,46,1.0,0.6,18,1.0,1.0,1
1206532,Lower bracket quarterfinal 2: DRX vs RRQ,finished,best_of,3,False,2025-08-16 10:11:50+00:00,2025-08-16 11:53:43+00:00,101.88333333333334,17089,9435,4531,VCT,11.00,130137,Kiwoom DRX,0,130638,Rex Regum Qeon,2,130638,Rex Regum Qeon,0.8,46,2.0,0.6,35,0.0,0.3333333333333333,0
1202616,FUR vs EG,finished,best_of,3,False,2025-08-16 21:05:49+00:00,2025-08-16 22:54:06+00:00,108.28333333333333,16985,9442,4531,VCT,11.00,128477,FURIA Esports,0,129181,Evil Geniuses,2,129181,Evil Geniuses,0.0,24,6.0,0.2,27,7.0,0.0,0
1202617,2GAME vs SEN,finished,best_of,3,False,2025-08-16 23:22:23+00:00,2025-08-17 01:42:09+00:00,139.76666666666668,16985,9442,4531,VCT,11.00,128472,Sentinels,2,134470,2GAME Esports,1,128472,Sentinels,0.8,56,7.0,0.2,11,8.0,1.0,1
1206534,Upper bracket final: TLN vs PR,finished,best_of,3,False,2025-08-17 08:05:17+00:00,2025-08-17 09:35:57+00:00,90.66666666666667,17089,9435,4531,VCT,11.00,128917,Paper Rex,2,132132,Talon Esports,0,128917,Paper Rex,0.8,57,2.0,0.6,38,2.0,1.0,1
1206533,Lower bracket semifinal: T1 vs RRQ,finished,best_of,3,False,2025-08-17 10:03:37+00:00,2025-08-17 12:54:26+00:00,170.81666666666666,17089,9435,4531,VCT,11.00,128647,T1,1,130638,Rex Regum Qeon,2,130638,Rex Regum Qeon,0.6,47,1.0,0.6,36,1.0,0.6666666666666666,0
1202618,G2 vs C9,finished,best_of,3,False,2025-08-17 21:05:11+00:00,2025-08-17 23:04:31+00:00,119.33333333333333,16985,9442,4531,VCT,10.09,128538,G2 Esports,2,128819,Cloud9,0,128538,G2 Esports,0.6,61,7.0,0.6,29,9.0,1.0,1
1202619,MIBR vs LOUD,finished,best_of,3,False,2025-08-17 23:30:45+00:00,2025-08-18 01:31:37+00:00,120.86666666666666,16986,9442,4531,VCT,11.00,130190,MIBR,2,130338,LOUD,0,130190,MIBR,0.2,36,9.0,0.2,33,6.0,0.0,1
1219513,Upper bracket semifinal 1: BLG vs TYLOO,finished,best_of,3,False,2025-08-20 09:12:32+00:00,2025-08-20 11:50:25+00:00,157.88333333333333,17299,9434,4531,VCT,,133288,TYLOO,1,133379,Bilibili Gaming,2,133379,Bilibili Gaming,0.8,25,11.0,0.8,41,16.0,0.0,0
1219512,Upper bracket semifinal 2: XLG vs DRG,finished,best_of,3,False,2025-08-20 12:27:59+00:00,2025-08-20 15:12:11+00:00,164.2,17299,9434,4531,VCT,,133279,Dragon Ranger Gaming,2,135470,XLG Gaming,1,133279,Dragon Ranger Gaming,0.6,38,11.0,0.8,21,18.0,1.0,1
1219519,Lower bracket quarterfinal 2: TYLOO vs EDG,finished,best_of,3,False,2025-08-21 09:09:55+00:00,2025-08-21 10:43:26+00:00,93.51666666666667,17299,9434,4531,VCT,,128976,EDward Gaming,2,133288,TYLOO,0,128976,EDward Gaming,0.6,58,10.0,0.6,26,0.0,1.0,1
1219518,Lower bracket quarterfinal 1: XLG vs AG,finished,best_of,3,False,2025-08-21 11:33:15+00:00,2025-08-21 14:12:48+00:00,159.55,17299,9434,4531,VCT,,128974,All Gamers,1,135470,XLG Gaming,2,135470,XLG Gaming,0.6,28,11.0,0.6,22,0.0,0.0,0
1201802,Upper bracket quarterfinal 1: FNC vs BBL,finished,best_of,3,False,2025-08-21 15:06:56+00:00,2025-08-21 17:49:26+00:00,162.5,17002,9441,4531,VCT,11.00,128537,Fnatic,1,128577,BBL Esports,2,128577,BBL Esports,0.8,53,7.0,0.6,30,6.0,0.5,0
1201803,Upper bracket quarterfinal 2: GX vs NAVI,finished,best_of,3,False,2025-08-21 18:19:49+00:00,2025-08-21 20:38:07+00:00,138.3,17002,9441,4531,VCT,11.00,129355,Natus Vincere,1,134423,GIANTX,2,134423,GIANTX,0.6,30,8.0,0.6,25,7.0,0.5,0
1223346,Upper bracket quarterfinal 1: LEV vs C9,finished,best_of,3,False,2025-08-21 21:11:14+00:00,2025-08-22 00:18:27+00:00,187.21666666666667,17350,9442,4531,VCT,11.00,128819,Cloud9,2,128990,Leviatán Esports,1,128819,Cloud9,0.6,30,4.0,0.6,43,5.0,1.0,1
1223347,Upper bracket quarterfinal 2: G2 vs 100T,finished,best_of,3,False,2025-08-22 00:46:05+00:00,2025-08-22 02:09:32+00:00,83.45,17350,9442,4531,VCT,11.00,128538,G2 Esports,2,128605,100 Thieves,0,128538,G2 Esports,0.8,62,4.0,0.6,39,5.0,0.4,1
1219514,Upper bracket final: BLG vs DRG,finished,best_of,3,False,2025-08-22 09:13:17+00:00,2025-08-22 12:06:59+00:00,173.7,17299,9434,4531,VCT,,133279,Dragon Ranger Gaming,2,133379,Bilibili Gaming,1,133279,Dragon Ranger Gaming,0.6,39,1.0,0.8,42,2.0,0.0,1
1219517,Lower bracket semifinal: XLG vs EDG,finished,best_of,3,False,2025-08-22 12:45:09+00:00,2025-08-22 14:32:57+00:00,107.8,17299,9434,4531,VCT,,128976,EDward Gaming,2,135470,XLG Gaming,0,128976,EDward Gaming,0.6,59,1.0,0.6,23,1.0,0.5,1
1201804,Upper bracket semifinal 1: TH vs BBL,finished,best_of,3,False,2025-08-22 15:06:32+00:00,2025-08-22 16:51:22+00:00,104.83333333333333,17002,9441,4531,VCT,11.00,128577,BBL Esports,2,128622,Team Heretics,0,128577,BBL Esports,0.8,31,0.0,1.0,60,8.0,0.25,1
1201805,Upper bracket semifinal 2: TL vs GX,finished,best_of,3,False,2025-08-22 17:24:08+00:00,2025-08-22 20:00:19+00:00,156.18333333333334,17002,9441,4531,VCT,10.09,128541,Team Liquid,2,134423,GIANTX,1,128541,Team Liquid,0.8,42,6.0,0.6,26,0.0,1.0,1
1225889,Upper bracket semifinal 1: SEN vs C9,finished,best_of,3,False,2025-08-22 21:06:38+00:00,2025-08-23 00:10:56+00:00,184.3,17350,9442,4531,VCT,11.00,128472,Sentinels,2,128819,Cloud9,1,128472,Sentinels,1.0,57,5.0,0.6,31,0.0,1.0,1
1225890,Upper bracket semifinal 2: NRG vs G2,finished,best_of,3,False,2025-08-23 00:35:35+00:00,2025-08-23 03:20:12+00:00,164.61666666666667,17350,9442,4531,VCT,11.00,128471,NRG,1,128538,G2 Esports,2,128538,G2 Esports,0.8,27,7.0,1.0,63,1.0,0.0,0
1219516,Lower bracket final: BLG vs EDG,finished,best_of,5,False,2025-08-23 09:16:30+00:00,2025-08-23 13:16:02+00:00,239.53333333333333,17299,9434,4531,VCT,,128976,EDward Gaming,1,133379,Bilibili Gaming,3,133379,Bilibili Gaming,0.6,60,0.0,0.6,43,1.0,0.6,0
1201813,Lower bracket round 1 match 1: FNC vs KC,finished,best_of,3,False,2025-08-23 15:07:34+00:00,2025-08-23 18:24:26+00:00,196.86666666666667,17002,9441,4531,VCT,10.09,128537,Fnatic,2,130922,Karmine Corp,1,128537,Fnatic,0.6,54,2.0,0.6,37,7.0,0.8,1
1201814,Lower bracket round 1 match 2: NAVI vs VIT,finished,best_of,3,False,2025-08-23 18:56:57+00:00,2025-08-23 20:51:59+00:00,115.03333333333333,17002,9441,4531,VCT,11.02,128796,Team Vitality,0,129355,Natus Vincere,2,129355,Natus Vincere,0.4,42,9.0,0.4,31,2.0,0.3333333333333333,0
1225892,Lower bracket round 1 match 1: LEV vs KRÜ,finished,best_of,3,False,2025-08-23 21:06:56+00:00,2025-08-23 23:57:00+00:00,170.06666666666666,17350,9442,4531,VCT,11.04,128944,KRÜ Esports,1,128990,Leviatán Esports,2,128990,Leviatán Esports,0.4,38,8.0,0.6,44,1.0,0.0,0
1225893,Lower bracket round 1 match 2: 100T vs EG,finished,best_of,3,False,2025-08-24 00:22:16+00:00,2025-08-24 02:17:12+00:00,114.93333333333334,17350,9442,4531,VCT,11.00,128605,100 Thieves,2,129181,Evil Geniuses,0,128605,100 Thieves,0.4,40,2.0,0.4,28,7.0,1.0,1
1219515,Grand final: DRG vs BLG,finished,best_of,5,False,2025-08-24 09:33:23+00:00,2025-08-24 13:11:01+00:00,217.63333333333333,17299,9434,4531,VCT,,133279,Dragon Ranger Gaming,1,133379,Bilibili Gaming,3,133379,Bilibili Gaming,0.8,40,2.0,0.6,44,0.0,0.5,0
1201811,Lower bracket quarterfinal 1: GX vs FNC,finished,best_of,3,False,2025-08-24 15:07:16+00:00,2025-08-24 16:58:50+00:00,111.56666666666666,17002,9441,4531,VCT,10.09,128537,Fnatic,0,134423,GIANTX,2,134423,GIANTX,0.6,55,0.0,0.4,27,1.0,1.0,0
1201812,Lower bracket quarterfinal 2: TH vs NAVI,finished,best_of,3,False,2025-08-24 17:31:54+00:00,2025-08-24 19:02:44+00:00,90.83333333333333,17002,9441,4531,VCT,11.04,128622,Team Heretics,0,129355,Natus Vincere,2,129355,Natus Vincere,0.8,61,2.0,0.6,32,0.0,1.0,0
1225894,Lower bracket quarterfinal 1: NRG vs LEV,finished,best_of,3,False,2025-08-24 21:06:20+00:00,2025-08-24 22:20:47+00:00,74.45,17350,9442,4531,VCT,11.04,128471,NRG,2,128990,Leviatán Esports,0,128471,NRG,0.8,28,1.0,0.6,45,0.0,0.6666666666666666,1
1225895,Lower bracket quarterfinal 2: C9 vs 100T,finished,best_of,3,False,2025-08-24 22:47:22+00:00,2025-08-25 00:47:19+00:00,119.95,17350,9442,4531,VCT,11.00,128605,100 Thieves,0,128819,Cloud9,2,128819,Cloud9,0.4,41,0.0,0.4,32,2.0,1.0,0
1201806,Upper bracket final: BBL vs TL,finished,best_of,3,False,2025-08-29 15:07:42+00:00,2025-08-29 18:08:55+00:00,181.21666666666667,17002,9441,4531,VCT,11.00,128541,Team Liquid,2,128577,BBL Esports,1,128541,Team Liquid,0.8,43,6.0,1.0,32,7.0,0.75,1
1201810,Lower bracket semifinal: GX vs NAVI,finished,best_of,3,False,2025-08-29 18:42:48+00:00,2025-08-29 20:57:04+00:00,134.26666666666668,17002,9441,4531,VCT,11.00,129355,Natus Vincere,1,134423,GIANTX,2,134423,GIANTX,0.8,33,5.0,0.6,28,5.0,0.3333333333333333,0
1223348,Upper bracket final: SEN vs G2,finished,best_of,3,False,2025-08-29 21:08:49+00:00,2025-08-29 23:04:37+00:00,115.8,17350,9442,4531,VCT,11.00,128472,Sentinels,0,128538,G2 Esports,2,128538,G2 Esports,1.0,58,6.0,1.0,64,6.0,0.2857142857142857,0
1223352,Lower bracket semifinal: NRG vs C9,finished,best_of,3,False,2025-08-29 23:29:49+00:00,2025-08-30 02:15:03+00:00,165.23333333333332,17350,9442,4531,VCT,11.00,128471,NRG,2,128819,Cloud9,1,128471,NRG,0.8,29,5.0,0.6,33,5.0,0.25,1
1206535,Lower bracket final: TLN vs RRQ,finished,best_of,5,False,2025-08-30 06:35:01+00:00,2025-08-30 11:12:00+00:00,276.98333333333335,17089,9435,4531,VCT,11.00,130638,Rex Regum Qeon,3,132132,Talon Esports,2,130638,Rex Regum Qeon,0.8,37,12.0,0.6,39,13.0,0.5,1
1201808,Lower bracket final: BBL vs GX,finished,best_of,5,False,2025-08-30 16:06:10+00:00,2025-08-30 18:23:58+00:00,137.8,17002,9441,4531,VCT,10.09,128577,BBL Esports,0,134423,GIANTX,3,134423,GIANTX,0.8,33,1.0,0.6,29,0.0,0.3333333333333333,0
1223349,Lower bracket final: SEN vs NRG,finished,best_of,5,False,2025-08-30 22:13:49+00:00,2025-08-31 02:24:35+00:00,250.76666666666668,17350,9442,4531,VCT,11.00,128471,NRG,3,128472,Sentinels,1,128471,NRG,0.8,30,1.0,0.8,59,1.0,0.0,1
1206537,Grand final: PR vs RRQ,finished,best_of,5,False,2025-08-31 06:03:12+00:00,2025-08-31 09:13:30+00:00,190.3,17089,9435,4531,VCT,11.00,128917,Paper Rex,3,130638,Rex Regum Qeon,1,128917,Paper Rex,0.8,58,13.0,0.8,38,0.0,0.5,1
1201807,Grand final: TL vs GX,finished,best_of,5,False,2025-08-31 16:35:09+00:00,2025-08-31 19:20:03+00:00,164.9,17002,9441,4531,VCT,11.00,128541,Team Liquid,3,134423,GIANTX,0,128541,Team Liquid,0.8,44,2.0,0.8,30,1.0,1.0,1
1223351,Grand final: G2 vs NRG,finished,best_of,5,False,2025-08-31 21:08:14+00:00,2025-08-31 23:59:50+00:00,171.6,17350,9442,4531,VCT,11.00,128471,NRG,0,128538,G2 Esports,3,128538,G2 Esports,0.8,31,0.0,1.0,65,2.0,0.0,0
1233375,PR vs XLG,finished,best_of,3,False,2025-09-12 13:13:53+00:00,2025-09-12 14:50:59+00:00,97.1,17499,9640,4531,VCT,11.00,128917,Paper Rex,2,135470,XLG Gaming,0,128917,Paper Rex,0.8,59,12.0,0.4,24,21.0,,1
1233376,GX vs SEN,finished,best_of,3,False,2025-09-12 15:25:38+00:00,2025-09-12 17:55:05+00:00,149.45,17499,9640,4531,VCT,11.00,128472,Sentinels,1,134423,GIANTX,2,134423,GIANTX,0.6,60,12.0,0.6,31,11.0,,0
1233392,NRG vs EDG,finished,best_of,3,False,2025-09-13 13:10:01+00:00,2025-09-13 15:29:58+00:00,139.95,17501,9640,4531,VCT,11.00,128471,NRG,2,128976,EDward Gaming,0,128471,NRG,0.6,32,12.0,0.6,61,21.0,,1
1233388,TL vs DRX,finished,best_of,3,False,2025-09-13 15:59:47+00:00,2025-09-13 17:50:05+00:00,110.3,17501,9640,4531,VCT,10.09,128541,Team Liquid,0,130137,Kiwoom DRX,2,130137,Kiwoom DRX,0.8,45,12.0,0.6,47,28.0,,0
1233398,DRG vs T1,finished,best_of,3,False,2025-09-14 13:06:29+00:00,2025-09-14 15:53:00+00:00,166.51666666666668,17502,9640,4531,VCT,11.00,128647,T1,2,133279,Dragon Ranger Gaming,0,128647,T1,0.6,48,28.0,0.8,41,21.0,,1
1233399,G2 vs TH,finished,best_of,3,False,2025-09-14 16:22:04+00:00,2025-09-14 18:25:01+00:00,122.95,17502,9640,4531,VCT,11.00,128538,G2 Esports,0,128622,Team Heretics,2,128622,Team Heretics,1.0,66,13.0,0.6,62,20.0,0.6666666666666666,0
1233381,BLG vs MIBR,finished,best_of,3,False,2025-09-15 13:09:42+00:00,2025-09-15 14:42:01+00:00,92.31666666666666,17500,9640,4531,VCT,11.00,130190,MIBR,2,133379,Bilibili Gaming,0,130190,MIBR,0.4,37,28.0,0.8,45,22.0,,1
1233382,RRQ vs FNC,finished,best_of,3,False,2025-09-15 15:10:44+00:00,2025-09-15 17:03:24+00:00,112.66666666666667,17500,9640,4531,VCT,11.00,128537,Fnatic,2,130638,Rex Regum Qeon,0,128537,Fnatic,0.4,56,22.0,0.8,39,15.0,1.0,1
1233378,Winners match: PR vs GX,finished,best_of,3,False,2025-09-17 13:08:40+00:00,2025-09-17 15:47:15+00:00,158.58333333333334,17499,9640,4531,VCT,11.00,128917,Paper Rex,2,134423,GIANTX,1,128917,Paper Rex,1.0,60,5.0,0.8,32,4.0,,1
1233394,Winners match: DRX vs NRG,finished,best_of,3,False,2025-09-17 16:12:05+00:00,2025-09-17 19:05:46+00:00,173.68333333333334,17501,9640,4531,VCT,11.00,128471,NRG,2,130137,Kiwoom DRX,1,128471,NRG,0.8,33,4.0,0.6,48,4.0,,1
1233401,Winner's match: TH vs T1,finished,best_of,3,False,2025-09-18 13:07:15+00:00,2025-09-18 15:01:30+00:00,114.25,17502,9640,4531,VCT,10.09,128622,Team Heretics,2,128647,T1,0,128622,Team Heretics,0.6,63,3.0,0.6,49,3.0,,1
1233384,Winners match: MIBR vs FNC,finished,best_of,3,False,2025-09-18 15:29:05+00:00,2025-09-18 18:14:56+00:00,165.85,17500,9640,4531,VCT,10.09,128537,Fnatic,2,130190,MIBR,1,128537,Fnatic,0.6,57,3.0,0.6,38,3.0,,1
1233393,Elimination match: TL vs EDG,finished,best_of,3,False,2025-09-19 13:09:18+00:00,2025-09-19 15:56:40+00:00,167.36666666666667,17501,9640,4531,VCT,10.09,128541,Team Liquid,2,128976,EDward Gaming,1,128541,Team Liquid,0.6,46,5.0,0.6,62,6.0,0.0,1
1233377,Elimination match: XLG vs SEN,finished,best_of,3,False,2025-09-19 16:28:09+00:00,2025-09-19 19:28:32+00:00,180.38333333333333,17499,9640,4531,VCT,11.00,128472,Sentinels,1,135470,XLG Gaming,2,135470,XLG Gaming,0.4,61,7.0,0.2,25,7.0,1.0,0
1233383,Elimination match: BLG vs RRQ,finished,best_of,3,False,2025-09-20 13:08:27+00:00,2025-09-20 15:36:40+00:00,148.21666666666667,17500,9640,4531,VCT,11.00,130638,Rex Regum Qeon,2,133379,Bilibili Gaming,1,130638,Rex Regum Qeon,0.6,40,4.0,0.6,46,5.0,,1
1233400,Elimination match: G2 vs DRG,finished,best_of,3,False,2025-09-20 16:03:14+00:00,2025-09-20 17:43:03+00:00,99.81666666666666,17502,9640,4531,VCT,11.06,128538,G2 Esports,2,133279,Dragon Ranger Gaming,0,128538,G2 Esports,0.8,67,5.0,0.6,42,6.0,,1
1233397,Decider match: DRX vs TL,finished,best_of,3,False,2025-09-21 13:07:54+00:00,2025-09-21 14:55:35+00:00,107.68333333333334,17501,9640,4531,VCT,10.09,128541,Team Liquid,0,130137,Kiwoom DRX,2,130137,Kiwoom DRX,0.8,47,1.0,0.4,49,3.0,0.0,0
1233379,Decider match: GX vs XLG,finished,best_of,3,False,2025-09-21 15:21:23+00:00,2025-09-21 17:15:39+00:00,114.26666666666667,17499,9640,4531,VCT,10.09,134423,GIANTX,2,135470,XLG Gaming,0,134423,GIANTX,0.6,33,4.0,0.4,26,1.0,,1
1233402,Decider match: T1 vs G2,finished,best_of,3,False,2025-09-22 13:07:56+00:00,2025-09-22 14:53:19+00:00,105.38333333333334,17502,9640,4531,VCT,10.09,128538,G2 Esports,2,128647,T1,0,128538,G2 Esports,0.8,68,1.0,0.4,50,3.0,0.5,1
1233385,Decider match: MIBR vs RRQ,finished,best_of,3,False,2025-09-22 15:20:15+00:00,2025-09-22 16:53:44+00:00,93.48333333333333,17500,9640,4531,VCT,10.09,130190,MIBR,2,130638,Rex Regum Qeon,0,130190,MIBR,0.6,39,3.0,0.6,41,2.0,,1
1233403,Upper bracket quarterfinal 1: PR vs G2,finished,best_of,3,False,2025-09-25 13:08:28+00:00,2025-09-25 16:21:05+00:00,192.61666666666667,17503,9640,4531,VCT,10.09,128538,G2 Esports,1,128917,Paper Rex,2,128917,Paper Rex,0.8,69,3.0,1.0,61,8.0,0.6666666666666666,0
1233404,Upper bracket quarterfinal 2: FNC vs DRX,finished,best_of,3,False,2025-09-25 16:51:17+00:00,2025-09-25 19:46:30+00:00,175.21666666666667,17503,9640,4531,VCT,11.00,128537,Fnatic,2,130137,Kiwoom DRX,1,128537,Fnatic,0.6,58,7.0,0.4,50,4.0,0.0,1
1233406,Upper bracket quarterfinal 3: TH vs MIBR,finished,best_of,3,False,2025-09-26 13:09:12+00:00,2025-09-26 15:08:25+00:00,119.21666666666667,17503,9640,4531,VCT,11.00,128622,Team Heretics,0,130190,MIBR,2,130190,MIBR,0.6,64,8.0,0.6,40,3.0,,0
1233407,Upper bracket quarterfinal 4: NRG vs GX,finished,best_of,3,False,2025-09-26 15:37:30+00:00,2025-09-26 17:04:29+00:00,86.98333333333333,17503,9640,4531,VCT,11.00,128471,NRG,2,134423,GIANTX,0,128471,NRG,0.8,34,8.0,0.6,34,4.0,,1
1233416,Lower bracket round 1 match 1: DRX vs G2,finished,best_of,3,False,2025-09-27 13:09:00+00:00,2025-09-27 15:55:53+00:00,166.88333333333333,17503,9640,4531,VCT,11.00,128538,G2 Esports,1,130137,Kiwoom DRX,2,130137,Kiwoom DRX,0.6,70,1.0,0.4,51,1.0,,0
1233417,Lower bracket round 1 match 2: TH vs GX,finished,best_of,3,False,2025-09-27 16:22:25+00:00,2025-09-27 18:41:33+00:00,139.13333333333333,17503,9640,4531,VCT,10.09,128622,Team Heretics,2,134423,GIANTX,1,128622,Team Heretics,0.4,65,1.0,0.4,35,1.0,1.0,1
1233408,Upper bracket semifinal 1: FNC vs PR,finished,best_of,3,False,2025-09-28 13:09:55+00:00,2025-09-28 15:51:56+00:00,162.01666666666668,17503,9640,4531,VCT,10.09,128537,Fnatic,2,128917,Paper Rex,1,128537,Fnatic,0.8,59,2.0,1.0,62,2.0,0.0,1
1233409,Upper bracket semifinal 2: MIBR vs NRG,finished,best_of,3,False,2025-09-28 16:20:11+00:00,2025-09-28 19:41:43+00:00,201.53333333333333,17503,9640,4531,VCT,11.00,128471,NRG,2,130190,MIBR,1,128471,NRG,0.8,35,2.0,0.8,41,2.0,0.6666666666666666,1
1233415,Lower bracket quarterfinal 2: TH vs PR,finished,best_of,3,False,2025-09-29 13:07:34+00:00,2025-09-29 15:53:33+00:00,165.98333333333332,17503,9640,4531,VCT,10.09,128622,Team Heretics,1,128917,Paper Rex,2,128917,Paper Rex,0.6,66,1.0,0.8,63,1.0,0.0,0
1233414,Lower bracket quarterfinal 1: DRX vs MIBR,finished,best_of,3,False,2025-09-29 16:20:22+00:00,2025-09-29 19:32:50+00:00,192.46666666666667,17503,9640,4531,VCT,11.00,130137,Kiwoom DRX,2,130190,MIBR,1,130137,Kiwoom DRX,0.6,52,2.0,0.6,42,0.0,,1
1233410,Upper bracket final: FNC vs NRG,finished,best_of,3,False,2025-10-03 11:10:54+00:00,2025-10-03 13:10:30+00:00,119.6,17503,9640,4531,VCT,11.00,128471,NRG,2,128537,Fnatic,0,128471,NRG,0.8,36,4.0,0.8,60,4.0,,1
1233413,Lower bracket semifinal: DRX vs PR,finished,best_of,3,False,2025-10-03 13:38:24+00:00,2025-10-03 15:39:54+00:00,121.5,17503,9640,4531,VCT,11.00,128917,Paper Rex,0,130137,Kiwoom DRX,2,130137,Kiwoom DRX,0.8,64,3.0,0.6,53,3.0,0.6,0
1233412,Lower bracket final: FNC vs DRX,finished,best_of,5,False,2025-10-04 11:09:52+00:00,2025-10-04 14:57:39+00:00,227.78333333333333,17503,9640,4531,VCT,11.00,128537,Fnatic,3,130137,Kiwoom DRX,1,128537,Fnatic,0.8,61,1.0,0.8,54,0.0,0.5,1
1233411,Grand final: NRG vs FNC,finished,best_of,5,False,2025-10-05 11:29:42+00:00,2025-10-05 16:24:55+00:00,295.21666666666664,17503,9640,4531,VCT,10.09,128471,NRG,3,128537,Fnatic,2,128471,NRG,1.0,37,2.0,0.8,62,1.0,1.0,1
1288569,Upper bracket round 1 match 2: NV vs EG,finished,best_of,3,False,2026-01-15 22:08:05+00:00,2026-01-16 00:47:32+00:00,159.45,18653,10013,4531,VCT,11.09,128470,Team Envy,2,129181,Evil Geniuses,1,128470,Team Envy,,0,,0.2,29,144.0,,1
1288568,Upper bracket round 1 match 1: LOUD vs C9,finished,best_of,3,False,2026-01-16 01:14:25+00:00,2026-01-16 03:02:00+00:00,107.58333333333333,18653,10013,4531,VCT,11.09,128819,Cloud9,2,130338,LOUD,0,128819,Cloud9,0.4,34,139.0,0.2,34,151.0,1.0,1
1288570,Upper bracket round 1 match 3: KRÜ vs FUR,finished,best_of,3,False,2026-01-16 22:07:27+00:00,2026-01-17 00:39:29+00:00,152.03333333333333,18653,10013,4531,VCT,11.09,128477,FURIA Esports,2,128944,KRÜ Esports,1,128477,FURIA Esports,0.0,25,153.0,0.2,39,146.0,0.0,1
1288571,Upper bracket round 1 match 4: 100T vs LEV,finished,best_of,3,False,2026-01-17 01:09:27+00:00,2026-01-17 04:17:26+00:00,187.98333333333332,18653,10013,4531,VCT,11.09,128605,100 Thieves,2,128990,Leviatán Esports,1,128605,100 Thieves,0.4,42,145.0,0.6,46,145.0,0.25,1
1288572,Upper bracket quarterfinal 1: NRG vs C9,finished,best_of,3,False,2026-01-17 22:07:20+00:00,2026-01-17 23:35:03+00:00,87.71666666666667,18653,10013,4531,VCT,11.09,128471,NRG,2,128819,Cloud9,0,128471,NRG,1.0,38,104.0,0.6,35,1.0,0.4,1
1288573,Upper bracket quarterfinal 2: MIBR vs NV,finished,best_of,3,False,2026-01-18 00:01:59+00:00,2026-01-18 01:45:05+00:00,103.1,18653,10013,4531,VCT,11.09,128470,Team Envy,0,130190,MIBR,2,130190,MIBR,1.0,1,2.0,0.4,43,110.0,,0
1288574,Upper bracket quarterfinal 3: SEN vs FUR,finished,best_of,3,False,2026-01-18 22:06:57+00:00,2026-01-18 23:55:09+00:00,108.2,18653,10013,4531,VCT,11.09,128472,Sentinels,0,128477,FURIA Esports,2,128477,FURIA Esports,0.2,62,121.0,0.2,26,1.0,1.0,0
1288575,Upper bracket quarterfinal 4: G2 vs 100T,finished,best_of,3,False,2026-01-19 00:25:16+00:00,2026-01-19 03:06:22+00:00,161.1,18653,10013,4531,VCT,11.09,128538,G2 Esports,2,128605,100 Thieves,1,128538,G2 Esports,0.4,71,113.0,0.4,43,1.0,0.5,1
1290785,Upper bracket round 1 match 1: NAVI vs KC,finished,best_of,3,False,2026-01-20 16:08:20+00:00,2026-01-20 18:07:23+00:00,119.05,18719,10014,4531,VCT,11.09,129355,Natus Vincere,2,130922,Karmine Corp,0,129355,Natus Vincere,0.6,34,143.0,0.6,38,149.0,0.75,1
1290786,Upper bracket round 1 match 2: FUT vs GM,finished,best_of,3,False,2026-01-20 18:39:21+00:00,2026-01-20 20:14:11+00:00,94.83333333333333,18719,10014,4531,VCT,11.11,128578,FUT Esports,0,133115,Gentle Mates,2,133115,Gentle Mates,0.4,43,158.0,0.0,26,159.0,1.0,0
1290787,Upper bracket round 1 match 3: PCFIC vs BBL,finished,best_of,3,False,2026-01-21 16:10:16+00:00,2026-01-21 18:49:32+00:00,159.26666666666668,18719,10014,4531,VCT,12.01,128577,BBL Esports,2,134104,Pcific Esports,1,128577,BBL Esports,0.6,34,144.0,,0,,,1
1290788,Upper bracket round 1 match 4: ULF vs VIT,finished,best_of,3,False,2026-01-21 19:22:14+00:00,2026-01-21 20:30:52+00:00,68.63333333333334,18719,10014,4531,VCT,12.01,128796,Team Vitality,2,136660,ULF Esports,0,128796,Team Vitality,0.4,43,150.0,0.5,2,246.0,,1
1308123,Upper bracket round 1 match 1: NS vs TS,finished,best_of,3,False,2026-01-22 08:12:43+00:00,2026-01-22 09:41:57+00:00,89.23333333333333,19591,10046,4531,VCT,12.01,129537,Team Secret,0,132692,Nongshim RedForce,2,132692,Nongshim RedForce,0.2,29,164.0,0.6,19,159.0,0.0,0
1308124,Upper bracket round 1 match 2: ZETA vs FS,finished,best_of,3,False,2026-01-22 10:20:23+00:00,2026-01-22 11:29:44+00:00,69.35,19591,10046,4531,VCT,12.01,128912,FULL SENSE,2,129326,ZETA DIVISION,0,128912,FULL SENSE,,0,,0.4,27,165.0,,1
1308134,Upper bracket round 1 match 3: TE vs WOL,finished,best_of,3,False,2026-01-22 09:11:12+00:00,2026-01-22 11:54:26+00:00,163.23333333333332,19592,10047,4531,VCT,12.01,133380,Trace Esports,1,134335,Wolves Esports,2,134335,Wolves Esports,0.4,46,164.0,0.2,36,172.0,0.5,0
1308135,Upper bracket round 1 match 4: FPX vs TYLOO,finished,best_of,3,False,2026-01-22 12:38:50+00:00,2026-01-22 13:58:16+00:00,79.43333333333334,19592,10047,4531,VCT,,128540,FunPlus Phoenix,0,133288,TYLOO,2,133288,TYLOO,0.4,42,165.0,0.4,27,154.0,0.5,0
1290789,Upper bracket quarterfinal 1: TH vs NAVI,finished,best_of,3,False,2026-01-22 16:12:28+00:00,2026-01-22 19:05:49+00:00,173.35,18719,10014,4531,VCT,12.01,128622,Team Heretics,1,129355,Natus Vincere,2,129355,Natus Vincere,0.6,67,115.0,0.6,35,2.0,0.8,0
1290790,Upper bracket quarterfinal 2: GX vs GM,finished,best_of,3,False,2026-01-22 19:37:23+00:00,2026-01-22 21:30:16+00:00,112.88333333333334,18719,10014,4531,VCT,12.01,133115,Gentle Mates,2,134423,GIANTX,0,133115,Gentle Mates,0.2,27,2.0,0.4,36,117.0,0.0,1
1308125,Upper bracket round 1 match 3: VARREL vs GE,finished,best_of,3,False,2026-01-23 08:14:06+00:00,2026-01-23 09:43:24+00:00,89.3,19591,10046,4531,VCT,12.01,129660,Global Esports,2,134426,VARREL,0,129660,Global Esports,0.2,26,166.0,,0,,,1
1308131,Upper bracket round 1 match 1: AG vs NOVA,finished,best_of,3,False,2026-01-23 09:17:11+00:00,2026-01-23 11:25:53+00:00,128.7,19592,10047,4531,VCT,,128974,All Gamers,2,133287,Nova Esports,0,128974,All Gamers,0.6,29,154.0,0.2,30,173.0,0.6666666666666666,1
1308126,Upper bracket round 1 match 4: DFM vs Gen.G,finished,best_of,3,False,2026-01-23 10:15:24+00:00,2026-01-23 12:06:00+00:00,110.6,19591,10046,4531,VCT,12.01,128473,Gen.G Esports,0,131974,DetonatioN FocusMe,2,131974,DetonatioN FocusMe,0.4,64,160.0,0.4,27,161.0,1.0,0
1308132,Upper bracket round 1 match 2: JDG vs TEC,finished,best_of,3,False,2026-01-23 12:04:36+00:00,2026-01-23 14:46:12+00:00,161.6,19592,10047,4531,VCT,,133825,TEC Esports,1,134454,JD Gaming,2,134454,JD Gaming,0.2,30,175.0,0.2,27,173.0,0.4,0
1290791,Upper bracket quarterfinal 3: FNC vs BBL,finished,best_of,3,False,2026-01-23 16:07:42+00:00,2026-01-23 18:00:09+00:00,112.45,18719,10014,4531,VCT,12.01,128537,Fnatic,0,128577,BBL Esports,2,128577,BBL Esports,0.6,63,110.0,0.6,35,1.0,0.3333333333333333,0
1290792,Upper bracket quarterfinal 4: TL vs VIT,finished,best_of,3,False,2026-01-23 18:31:43+00:00,2026-01-23 21:41:57+00:00,190.23333333333332,18719,10014,4531,VCT,12.01,128541,Team Liquid,1,128796,Team Vitality,2,128796,Team Vitality,0.6,48,124.0,0.4,44,2.0,0.0,0
1288580,Mid bracket round 1 match 1: LOUD vs 100T,finished,best_of,3,False,2026-01-23 22:11:35+00:00,2026-01-24 00:52:08+00:00,160.55,18653,10013,4531,VCT,12.01,128605,100 Thieves,2,130338,LOUD,1,128605,100 Thieves,0.4,44,4.0,0.0,35,7.0,0.75,1
1288581,Mid bracket round 1 match 2: EG vs SEN,finished,best_of,3,False,2026-01-24 01:19:47+00:00,2026-01-24 03:25:43+00:00,125.93333333333334,18653,10013,4531,VCT,11.09,128472,Sentinels,2,129181,Evil Geniuses,0,128472,Sentinels,0.0,63,5.0,0.2,30,8.0,0.6666666666666666,1
1308127,Upper bracket quarterfinal 1: T1 vs NS,finished,best_of,3,False,2026-01-24 08:04:52+00:00,2026-01-24 10:27:34+00:00,142.7,19591,10046,4531,VCT,12.01,128647,T1,1,132692,Nongshim RedForce,2,132692,Nongshim RedForce,0.4,51,123.0,0.6,20,2.0,1.0,0
1308138,Upper bracket quarterfinal 3: XLG vs WOL,finished,best_of,3,False,2026-01-24 09:07:45+00:00,2026-01-24 11:12:08+00:00,124.38333333333334,19592,10047,4531,VCT,,134335,Wolves Esports,0,135470,XLG Gaming,2,135470,XLG Gaming,0.4,37,1.0,0.4,27,124.0,0.0,0
1308139,Upper bracket quarterfinal 4: EDG vs TYLOO,finished,best_of,3,False,2026-01-24 11:47:55+00:00,2026-01-24 13:28:59+00:00,101.06666666666666,19592,10047,4531,VCT,,128976,EDward Gaming,2,133288,TYLOO,0,128976,EDward Gaming,0.4,63,126.0,0.6,28,1.0,1.0,1
1308128,Upper bracket quarterfinal 2: DRX vs FS,finished,best_of,3,False,2026-01-24 10:57:30+00:00,2026-01-24 13:38:24+00:00,160.9,19591,10046,4531,VCT,12.01,128912,FULL SENSE,2,130137,Kiwoom DRX,1,128912,FULL SENSE,1.0,1,2.0,0.6,55,111.0,,1
1288582,Mid bracket round 1 match 3: KRÜ vs NV,finished,best_of,3,False,2026-01-24 22:04:37+00:00,2026-01-25 00:39:40+00:00,155.05,18653,10013,4531,VCT,12.01,128470,Team Envy,2,128944,KRÜ Esports,1,128470,Team Envy,0.5,2,6.0,0.2,40,8.0,,1
1288583,Mid bracket round 1 match 4: LEV vs C9,finished,best_of,3,False,2026-01-25 01:05:29+00:00,2026-01-25 02:44:39+00:00,99.16666666666667,18653,10013,4531,VCT,11.09,128819,Cloud9,2,128990,Leviatán Esports,0,128819,Cloud9,0.4,36,7.0,0.4,47,7.0,1.0,1
1308129,Upper bracket quarterfinal 3: PR vs GE,finished,best_of,3,False,2026-01-25 08:05:50+00:00,2026-01-25 10:42:29+00:00,156.65,19591,10046,4531,VCT,12.01,128917,Paper Rex,2,129660,Global Esports,1,128917,Paper Rex,0.6,65,113.0,0.2,27,2.0,1.0,1
1308136,Upper bracket quarterfinal 1: BLG vs AG,finished,best_of,3,False,2026-01-25 09:11:40+00:00,2026-01-25 11:00:26+00:00,108.76666666666667,19592,10047,4531,VCT,,128974,All Gamers,2,133379,Bilibili Gaming,0,128974,All Gamers,0.6,30,1.0,0.4,47,126.0,0.5,1
1308130,Upper bracket quarterfinal 4: RRQ vs DFM,finished,best_of,3,False,2026-01-25 11:11:52+00:00,2026-01-25 12:52:02+00:00,100.16666666666667,19591,10046,4531,VCT,12.01,130638,Rex Regum Qeon,2,131974,DetonatioN FocusMe,0,130638,Rex Regum Qeon,0.4,42,124.0,0.6,28,2.0,1.0,1
1308137,Upper bracket quarterfinal 2: DRG vs JDG,finished,best_of,3,False,2026-01-25 11:39:16+00:00,2026-01-25 14:34:26+00:00,175.16666666666666,19592,10047,4531,VCT,,133279,Dragon Ranger Gaming,2,134454,JD Gaming,1,133279,Dragon Ranger Gaming,0.4,43,126.0,0.4,28,1.0,1.0,1
1288584,Mid bracket round 2 match 1: 100T vs SEN,finished,best_of,3,False,2026-01-25 22:04:50+00:00,2026-01-26 00:35:01+00:00,150.18333333333334,18653,10013,4531,VCT,12.01,128472,Sentinels,0,128605,100 Thieves,2,128605,100 Thieves,0.2,64,1.0,0.6,45,1.0,0.8,0
1288585,Mid bracket round 2 match 2: NV vs C9,finished,best_of,3,False,2026-01-26 01:16:25+00:00,2026-01-26 04:53:37+00:00,217.2,18653,10013,4531,VCT,11.09,128470,Team Envy,1,128819,Cloud9,2,128819,Cloud9,0.6666666666666666,3,1.0,0.6,37,1.0,,0
1290796,Mid bracket round 1 match 1: TL vs KC,finished,best_of,3,False,2026-01-27 16:07:15+00:00,2026-01-27 18:49:55+00:00,162.66666666666666,18719,10014,4531,VCT,12.01,128541,Team Liquid,2,130922,Karmine Corp,1,128541,Team Liquid,0.4,49,3.0,0.4,39,7.0,0.6666666666666666,1
1290797,Mid bracket round 1 match 2: FNC vs FUT,finished,best_of,3,False,2026-01-27 19:22:05+00:00,2026-01-27 22:44:52+00:00,202.78333333333333,18719,10014,4531,VCT,12.01,128537,Fnatic,2,128578,FUT Esports,1,128537,Fnatic,0.4,64,4.0,0.2,44,7.0,0.5,1
1308143,Mid bracket round 1 match 1: NOVA vs TYLOO,finished,best_of,3,False,2026-01-28 09:05:06+00:00,2026-01-28 10:41:07+00:00,96.01666666666667,19592,10047,4531,VCT,,133287,Nova Esports,0,133288,TYLOO,2,133288,TYLOO,0.2,31,4.0,0.4,29,3.0,0.6666666666666666,0
1308144,Mid bracket round 1 match 2: TEC vs WOL,finished,best_of,3,False,2026-01-28 11:15:57+00:00,2026-01-28 14:02:51+00:00,166.9,19592,10047,4531,VCT,,133825,TEC Esports,2,134335,Wolves Esports,1,133825,TEC Esports,0.2,31,4.0,0.4,38,4.0,0.5,1
1290798,Mid bracket round 1 match 3: GX vs PCFIC,finished,best_of,3,False,2026-01-28 16:06:26+00:00,2026-01-28 19:05:41+00:00,179.25,18719,10014,4531,VCT,12.01,134104,Pcific Esports,1,134423,GIANTX,2,134423,GIANTX,0.0,1,7.0,0.2,37,5.0,,0
1290799,Mid bracket round 1 match 4: TH vs ULF,finished,best_of,3,False,2026-01-28 19:38:56+00:00,2026-01-28 21:22:24+00:00,103.46666666666667,18719,10014,4531,VCT,12.01,128622,Team Heretics,2,136660,ULF Esports,0,128622,Team Heretics,0.4,68,6.0,0.3333333333333333,3,7.0,,1
1331858,Mid bracket round 1 match 1: DFM vs TS,finished,best_of,3,False,2026-01-29 08:06:04+00:00,2026-01-29 09:34:32+00:00,88.46666666666667,19591,10046,4531,VCT,12.01,129537,Team Secret,0,131974,DetonatioN FocusMe,2,131974,DetonatioN FocusMe,0.2,30,6.0,0.4,29,3.0,1.0,0
1308145,Mid bracket round 1 match 3: TE vs JDG,finished,best_of,3,False,2026-01-29 09:08:58+00:00,2026-01-29 11:38:59+00:00,150.01666666666668,19592,10047,4531,VCT,,133380,Trace Esports,2,134454,JD Gaming,1,133380,Trace Esports,0.4,47,6.0,0.4,29,3.0,0.6666666666666666,1
1331859,Mid bracket round 1 match 2: GE vs ZETA,finished,best_of,3,False,2026-01-29 10:10:45+00:00,2026-01-29 11:49:32+00:00,98.78333333333333,19591,10046,4531,VCT,12.01,129326,ZETA DIVISION,0,129660,Global Esports,2,129660,Global Esports,0.4,28,7.0,0.2,28,4.0,1.0,0
1308146,Mid bracket round 1 match 4: FPX vs BLG,finished,best_of,3,False,2026-01-29 12:15:00+00:00,2026-01-29 14:27:02+00:00,132.03333333333333,19592,10047,4531,VCT,,128540,FunPlus Phoenix,0,133379,Bilibili Gaming,2,133379,Bilibili Gaming,0.2,43,7.0,0.4,48,4.0,0.6666666666666666,0
1290793,Upper bracket semifinal 1: NAVI vs GM,finished,best_of,3,False,2026-01-29 16:06:46+00:00,2026-01-29 17:48:02+00:00,101.26666666666667,18719,10014,4531,VCT,12.01,129355,Natus Vincere,0,133115,Gentle Mates,2,133115,Gentle Mates,0.8,36,6.0,0.4,28,6.0,1.0,0
1290794,Upper bracket semifinal 2: BBL vs VIT,finished,best_of,3,False,2026-01-29 18:21:45+00:00,2026-01-29 20:15:45+00:00,114.0,18719,10014,4531,VCT,12.01,128577,BBL Esports,2,128796,Team Vitality,0,128577,BBL Esports,0.6,36,6.0,0.6,45,5.0,0.5,1
1331860,Mid bracket round 1 match 3: DRX vs VARREL,finished,best_of,3,False,2026-01-30 08:07:52+00:00,2026-01-30 10:56:29+00:00,168.61666666666667,19591,10046,4531,VCT,12.01,130137,Kiwoom DRX,2,134426,VARREL,1,130137,Kiwoom DRX,0.6,56,5.0,0.0,1,7.0,,1
1308147,Mid bracket round 2 match 1: TYLOO vs TEC,finished,best_of,3,False,2026-01-30 09:07:19+00:00,2026-01-30 12:05:16+00:00,177.95,19592,10047,4531,VCT,,133288,TYLOO,2,133825,TEC Esports,1,133288,TYLOO,0.4,30,2.0,0.4,32,1.0,0.5,1
1331861,Mid bracket round 1 match 4: T1 vs Gen.G,finished,best_of,3,False,2026-01-30 11:27:26+00:00,2026-01-30 14:02:59+00:00,155.55,19591,10046,4531,VCT,12.01,128473,Gen.G Esports,1,128647,T1,2,128647,T1,0.4,65,7.0,0.2,52,6.0,0.5,0
1308148,Mid bracket round 2 match 2: TE vs BLG,finished,best_of,3,False,2026-01-30 12:42:47+00:00,2026-01-30 14:33:53+00:00,111.1,19592,10047,4531,VCT,,133379,Bilibili Gaming,2,133380,Trace Esports,0,133379,Bilibili Gaming,0.4,49,1.0,0.4,48,1.0,0.16666666666666666,1
1290800,Mid bracket round 2 match 1: TL vs FNC,finished,best_of,3,False,2026-01-30 16:10:51+00:00,2026-01-30 17:53:17+00:00,102.43333333333334,18719,10014,4531,VCT,12.01,128537,Fnatic,2,128541,Team Liquid,0,128537,Fnatic,0.4,65,2.0,0.4,50,2.0,0.75,1
1290801,Mid bracket round 2 match 2: GX vs TH,finished,best_of,3,False,2026-01-30 18:25:25+00:00,2026-01-30 20:10:32+00:00,105.11666666666666,18719,10014,4531,VCT,12.01,128622,Team Heretics,0,134423,GIANTX,2,134423,GIANTX,0.4,69,1.0,0.4,38,2.0,1.0,0
1288576,Upper bracket semifinal 1: NRG vs MIBR,finished,best_of,3,False,2026-01-30 22:05:56+00:00,2026-01-31 01:32:39+00:00,206.71666666666667,18653,10013,4531,VCT,12.01,128471,NRG,1,130190,MIBR,2,130190,MIBR,1.0,39,13.0,0.6,44,12.0,0.75,0
1288577,Upper bracket semifinal 2: FUR vs G2,finished,best_of,3,False,2026-01-31 02:15:32+00:00,2026-01-31 04:44:25+00:00,148.88333333333333,18653,10013,4531,VCT,12.01,128477,FURIA Esports,2,128538,G2 Esports,1,128477,FURIA Esports,0.4,27,12.0,0.6,72,12.0,0.0,1
1331855,Upper bracket semifinal 1: NS vs FS,finished,best_of,3,False,2026-01-31 08:05:57+00:00,2026-01-31 09:44:14+00:00,98.28333333333333,19591,10046,4531,VCT,12.01,128912,FULL SENSE,0,132692,Nongshim RedForce,2,132692,Nongshim RedForce,1.0,2,6.0,0.6,21,6.0,,0
1308153,Lower bracket round 1 match 1: NOVA vs WOL,finished,best_of,3,False,2026-01-31 09:08:48+00:00,2026-01-31 11:37:45+00:00,148.95,19592,10047,4531,VCT,,133287,Nova Esports,1,134335,Wolves Esports,2,134335,Wolves Esports,0.2,32,3.0,0.4,39,2.0,1.0,0
1331856,Upper bracket semifinal 2: PR vs RRQ,finished,best_of,3,False,2026-01-31 10:13:25+00:00,2026-01-31 11:45:23+00:00,91.96666666666667,19591,10046,4531,VCT,12.01,128917,Paper Rex,0,130638,Rex Regum Qeon,2,130638,Rex Regum Qeon,0.6,66,6.0,0.4,43,5.0,0.6666666666666666,0
1308140,Upper bracket semifinal 1: AG vs DRG,finished,best_of,3,False,2026-01-31 12:14:45+00:00,2026-01-31 15:29:39+00:00,194.9,19592,10047,4531,VCT,,128974,All Gamers,2,133279,Dragon Ranger Gaming,1,128974,All Gamers,0.6,31,6.0,0.4,44,6.0,0.3333333333333333,1
1288590,Lower bracket round 1 match 1: LOUD vs EG,finished,best_of,3,False,2026-01-31 22:06:19+00:00,2026-02-01 00:19:11+00:00,132.86666666666667,18653,10013,4531,VCT,12.01,129181,Evil Geniuses,2,130338,LOUD,0,129181,Evil Geniuses,0.2,31,7.0,0.0,36,7.0,0.5,1
1288591,Lower bracket round 1 match 2: KRÜ vs LEV,finished,best_of,3,False,2026-02-01 00:43:11+00:00,2026-02-01 02:33:09+00:00,109.96666666666667,18653,10013,4531,VCT,12.01,128944,KRÜ Esports,0,128990,Leviatán Esports,2,128990,Leviatán Esports,0.0,41,7.0,0.2,48,6.0,0.0,0
1331862,Mid bracket round 2 match 1: DFM vs GE,finished,best_of,3,False,2026-02-01 08:06:02+00:00,2026-02-01 10:32:59+00:00,146.95,19591,10046,4531,VCT,12.01,129660,Global Esports,1,131974,DetonatioN FocusMe,2,131974,DetonatioN FocusMe,0.4,29,2.0,0.4,30,3.0,0.6666666666666666,0
1308154,Lower bracket round 1 match 2: JDG vs FPX,finished,best_of,3,False,2026-02-01 09:08:31+00:00,2026-02-01 11:30:32+00:00,142.01666666666668,19592,10047,4531,VCT,,128540,FunPlus Phoenix,1,134454,JD Gaming,2,134454,JD Gaming,0.0,44,2.0,0.2,30,2.0,1.0,0
1331863,Mid bracket round 2 match 2: DRX vs T1,finished,best_of,3,False,2026-02-01 11:03:50+00:00,2026-02-01 12:51:41+00:00,107.85,19591,10046,4531,VCT,12.01,128647,T1,2,130137,Kiwoom DRX,0,128647,T1,0.4,53,1.0,0.6,57,2.0,0.2,1
1308141,Upper bracket semifinal 2: XLG vs EDG,finished,best_of,3,False,2026-02-01 12:06:34+00:00,2026-02-01 13:47:38+00:00,101.06666666666666,19592,10047,4531,VCT,,128976,EDward Gaming,0,135470,XLG Gaming,2,135470,XLG Gaming,0.4,64,8.0,0.4,28,8.0,0.6666666666666666,0
1288586,Mid bracket quarterfinal 1: NRG vs 100T,finished,best_of,3,False,2026-02-01 22:06:45+00:00,2026-02-02 00:05:59+00:00,119.23333333333333,18653,10013,4531,VCT,12.01,128471,NRG,2,128605,100 Thieves,0,128471,NRG,0.8,40,1.0,0.6,46,6.0,0.25,1
1288587,Mid bracket quarterfinal 2: G2 vs C9,finished,best_of,3,False,2026-02-02 00:27:23+00:00,2026-02-02 02:14:15+00:00,106.86666666666666,18653,10013,4531,VCT,12.01,128538,G2 Esports,2,128819,Cloud9,0,128538,G2 Esports,0.4,73,1.0,0.6,38,6.0,1.0,1
1308155,Lower bracket round 2 match 1: TE vs WOL,finished,best_of,3,False,2026-02-03 09:07:38+00:00,2026-02-03 11:59:37+00:00,171.98333333333332,19592,10047,4531,VCT,,133380,Trace Esports,2,134335,Wolves Esports,1,133380,Trace Esports,0.2,49,3.0,0.4,40,3.0,0.3333333333333333,1
1308149,Mid bracket quarterfinal 1: DRG vs TYLOO,finished,best_of,3,False,2026-02-03 12:35:21+00:00,2026-02-03 15:15:22+00:00,160.01666666666668,19592,10047,4531,VCT,,133279,Dragon Ranger Gaming,2,133288,TYLOO,1,133279,Dragon Ranger Gaming,0.2,45,2.0,0.6,31,4.0,0.3333333333333333,1
1290806,Lower bracket round 1 match 1: KC vs FUT,finished,best_of,3,False,2026-02-03 16:03:48+00:00,2026-02-03 19:06:10+00:00,182.36666666666667,18719,10014,4531,VCT,12.02,128578,FUT Esports,1,130922,Karmine Corp,2,130922,Karmine Corp,0.2,45,6.0,0.2,40,7.0,0.75,0
1290807,Lower bracket round 1 match 2: PCFIC vs ULF,finished,best_of,3,False,2026-02-03 19:38:01+00:00,2026-02-03 21:28:15+00:00,110.23333333333333,18719,10014,4531,VCT,12.01,134104,Pcific Esports,0,136660,ULF Esports,2,136660,ULF Esports,0.0,2,6.0,0.25,4,6.0,,0
1308156,Lower bracket round 2 match 2: TEC vs JDG,finished,best_of,3,False,2026-02-04 09:06:56+00:00,2026-02-04 11:52:03+00:00,165.11666666666667,19592,10047,4531,VCT,,133825,TEC Esports,1,134454,JD Gaming,2,134454,JD Gaming,0.4,33,4.0,0.4,31,3.0,0.3333333333333333,0
1308150,Mid bracket quarterfinal 2: EDG vs BLG,finished,best_of,3,False,2026-02-04 12:34:33+00:00,2026-02-04 15:09:21+00:00,154.8,19592,10047,4531,VCT,,128976,EDward Gaming,1,133379,Bilibili Gaming,2,133379,Bilibili Gaming,0.2,65,3.0,0.4,50,5.0,0.5,0
1290802,Mid bracket quarterfinal 1: NAVI vs FNC,finished,best_of,3,False,2026-02-04 16:05:05+00:00,2026-02-04 19:24:38+00:00,199.55,18719,10014,4531,VCT,12.02,128537,Fnatic,2,129355,Natus Vincere,1,128537,Fnatic,0.6,66,5.0,0.6,37,6.0,0.75,1
1290803,Mid bracket quarterfinal 2: VIT vs GX,finished,best_of,3,False,2026-02-04 19:55:07+00:00,2026-02-04 21:30:04+00:00,94.95,18719,10014,4531,VCT,12.01,128796,Team Vitality,2,134423,GIANTX,0,128796,Team Vitality,0.6,46,6.0,0.4,39,5.0,0.6666666666666666,1
1331868,Lower bracket round 1 match 1: TS vs ZETA,finished,best_of,3,False,2026-02-05 08:05:33+00:00,2026-02-05 10:26:54+00:00,141.35,19591,10046,4531,VCT,12.01,129326,ZETA DIVISION,2,129537,Team Secret,1,129326,ZETA DIVISION,0.4,29,6.0,0.0,31,7.0,0.3333333333333333,1
1308157,Lower bracket round 3 match 1: TYLOO vs TE,finished,best_of,3,False,2026-02-05 09:09:17+00:00,2026-02-05 10:57:00+00:00,107.71666666666667,19592,10047,4531,VCT,,133288,TYLOO,2,133380,Trace Esports,0,133288,TYLOO,0.6,32,1.0,0.4,50,1.0,0.3333333333333333,1
1308158,Lower bracket round 3 match 2: JDG vs EDG,finished,best_of,3,False,2026-02-05 11:36:18+00:00,2026-02-05 13:56:50+00:00,140.53333333333333,19592,10047,4531,VCT,,128976,EDward Gaming,2,134454,JD Gaming,1,128976,EDward Gaming,0.2,66,0.0,0.6,32,1.0,1.0,1
1331869,Lower bracket round 1 match 2: VARREL vs Gen.G,finished,best_of,3,False,2026-02-05 11:01:26+00:00,2026-02-05 14:22:27+00:00,201.01666666666668,19591,10046,4531,VCT,12.01,128473,Gen.G Esports,2,134426,VARREL,1,128473,Gen.G Esports,0.2,66,6.0,0.0,2,6.0,,1
1290808,Lower bracket round 2 match 1 : TH vs KC,finished,best_of,3,False,2026-02-05 16:06:19+00:00,2026-02-05 18:39:52+00:00,153.55,18719,10014,4531,VCT,12.01,128622,Team Heretics,2,130922,Karmine Corp,1,128622,Team Heretics,0.4,70,5.0,0.4,41,1.0,0.6666666666666666,1
1290809,Lower bracket round 2 match 2: TL vs ULF,finished,best_of,3,False,2026-02-05 19:11:10+00:00,2026-02-05 21:59:39+00:00,168.48333333333332,18719,10014,4531,VCT,12.01,128541,Team Liquid,2,136660,ULF Esports,1,128541,Team Liquid,0.4,51,6.0,0.4,5,2.0,,1
1331864,Mid bracket quarterfinal 1: FS vs DFM,finished,best_of,3,False,2026-02-06 08:05:52+00:00,2026-02-06 10:36:26+00:00,150.56666666666666,19591,10046,4531,VCT,12.01,128912,FULL SENSE,1,131974,DetonatioN FocusMe,2,131974,DetonatioN FocusMe,0.6666666666666666,3,6.0,0.6,31,5.0,,0
1308151,Mid bracket semifinal: DRG vs BLG,finished,best_of,3,False,2026-02-06 09:08:01+00:00,2026-02-06 10:38:25+00:00,90.4,19592,10047,4531,VCT,,133279,Dragon Ranger Gaming,0,133379,Bilibili Gaming,2,133379,Bilibili Gaming,0.4,46,2.0,0.6,51,1.0,0.3333333333333333,0
1331865,Mid bracket quarterfinal 2: PR vs T1,finished,best_of,3,False,2026-02-06 11:06:13+00:00,2026-02-06 13:43:04+00:00,156.85,19591,10046,4531,VCT,12.01,128647,T1,2,128917,Paper Rex,1,128647,T1,0.4,54,5.0,0.4,67,6.0,0.14285714285714285,1
1308159,Lower bracket quarterfinal: TYLOO vs EDG,finished,best_of,3,False,2026-02-06 11:17:20+00:00,2026-02-06 13:52:36+00:00,155.26666666666668,19592,10047,4531,VCT,,128976,EDward Gaming,2,133288,TYLOO,1,128976,EDward Gaming,0.4,67,0.0,0.6,33,1.0,1.0,1
1290810,Lower bracket round 3 match 1: NAVI vs TH,finished,best_of,3,False,2026-02-06 16:08:42+00:00,2026-02-06 17:38:43+00:00,90.01666666666667,18719,10014,4531,VCT,12.02,128622,Team Heretics,2,129355,Natus Vincere,0,128622,Team Heretics,0.4,71,0.0,0.4,38,1.0,0.6666666666666666,1
1290811,Lower bracket round 3 match 2: GX vs TL,finished,best_of,3,False,2026-02-06 18:08:49+00:00,2026-02-06 20:50:44+00:00,161.91666666666666,18719,10014,4531,VCT,12.01,128541,Team Liquid,2,134423,GIANTX,1,128541,Team Liquid,0.4,52,0.0,0.4,40,1.0,1.0,1
1288592,Lower bracket round 2 match 1: NV vs EG,finished,best_of,3,False,2026-02-06 22:06:52+00:00,2026-02-07 00:02:43+00:00,115.85,18653,10013,4531,VCT,12.01,128470,Team Envy,0,129181,Evil Geniuses,2,129181,Evil Geniuses,0.5,4,11.0,0.4,32,5.0,1.0,0
1288593,Lower bracket round 2 match 2: SEN vs LEV,finished,best_of,3,False,2026-02-07 00:24:38+00:00,2026-02-07 02:30:53+00:00,126.25,18653,10013,4531,VCT,11.09,128472,Sentinels,0,128990,Leviatán Esports,2,128990,Leviatán Esports,0.2,65,12.0,0.4,49,5.0,0.5,0
1308160,Lower bracket semifinal: DRG vs EDG,finished,best_of,3,False,2026-02-07 07:09:09+00:00,2026-02-07 09:40:28+00:00,151.31666666666666,19592,10047,4531,VCT,,128976,EDward Gaming,2,133279,Dragon Ranger Gaming,1,128976,EDward Gaming,0.6,68,0.0,0.4,47,0.0,0.7142857142857143,1
1331870,Lower bracket round 2 match 1 : DRX vs ZETA,finished,best_of,3,False,2026-02-07 08:05:32+00:00,2026-02-07 10:40:37+00:00,155.08333333333334,19591,10046,4531,VCT,12.01,129326,ZETA DIVISION,1,130137,Kiwoom DRX,2,130137,Kiwoom DRX,0.6,30,2.0,0.4,58,5.0,0.0,0
1331871,Lower bracket round 2 match 2: GE vs Gen.G,finished,best_of,3,False,2026-02-07 11:10:35+00:00,2026-02-07 14:12:10+00:00,181.58333333333334,19591,10046,4531,VCT,12.01,128473,Gen.G Esports,1,129660,Global Esports,2,129660,Global Esports,0.2,67,1.0,0.4,30,6.0,1.0,0
1308142,Upper bracket final: AG vs XLG,finished,best_of,5,False,2026-02-07 10:34:25+00:00,2026-02-07 15:31:28+00:00,297.05,19592,10047,4531,VCT,,128974,All Gamers,3,135470,XLG Gaming,2,128974,All Gamers,0.8,32,7.0,0.6,29,6.0,0.0,1
1288594,Lower bracket round 3 match 1: 100T vs EG,finished,best_of,3,False,2026-02-07 20:41:13+00:00,2026-02-07 23:00:05+00:00,138.86666666666667,18653,10013,4531,VCT,12.01,128605,100 Thieves,2,129181,Evil Geniuses,0,128605,100 Thieves,0.6,47,5.0,0.4,33,0.0,1.0,1
1288595,Lower bracket round 3 match 2: C9 vs LEV,finished,best_of,3,False,2026-02-07 23:21:07+00:00,2026-02-08 00:57:04+00:00,95.95,18653,10013,4531,VCT,11.09,128819,Cloud9,2,128990,Leviatán Esports,0,128819,Cloud9,0.6,39,5.0,0.4,50,0.0,1.0,1
1288588,Mid bracket semifinal: NRG vs G2,finished,best_of,3,False,2026-02-08 01:20:36+00:00,2026-02-08 02:45:19+00:00,84.71666666666667,18653,10013,4531,VCT,11.09,128471,NRG,0,128538,G2 Esports,2,128538,G2 Esports,0.8,41,6.0,0.4,74,6.0,0.0,0
1331872,Lower bracket round 3 match 1: FS vs DRX,finished,best_of,3,False,2026-02-08 08:05:24+00:00,2026-02-08 09:48:00+00:00,102.6,19591,10046,4531,VCT,12.01,128912,FULL SENSE,0,130137,Kiwoom DRX,2,130137,Kiwoom DRX,0.5,4,1.0,0.4,59,0.0,1.0,0
1331873,Lower bracket round 3 match 2: PR vs GE,finished,best_of,3,False,2026-02-08 10:17:38+00:00,2026-02-08 12:55:31+00:00,157.88333333333333,19591,10046,4531,VCT,12.01,128917,Paper Rex,2,129660,Global Esports,1,128917,Paper Rex,0.4,68,1.0,0.6,31,0.0,1.0,1
1308152,Mid bracket final: XLG vs BLG,finished,best_of,5,False,2026-02-08 09:14:12+00:00,2026-02-08 14:30:44+00:00,316.53333333333336,19592,10047,4531,VCT,,133379,Bilibili Gaming,2,135470,XLG Gaming,3,135470,XLG Gaming,0.8,52,2.0,0.6,30,0.0,0.6666666666666666,0
1308161,Lower bracket final: BLG vs EDG,finished,best_of,5,False,2026-02-09 09:16:45+00:00,2026-02-09 12:59:55+00:00,223.16666666666666,19592,10047,4531,VCT,,128976,EDward Gaming,3,133379,Bilibili Gaming,1,128976,EDward Gaming,0.6,69,2.0,0.8,53,0.0,0.42857142857142855,1
1331874,Lower bracket quarterfinal: DRX vs PR,finished,best_of,3,False,2026-02-12 08:05:23+00:00,2026-02-12 10:48:26+00:00,163.05,19591,10046,4531,VCT,12.01,128917,Paper Rex,2,130137,Kiwoom DRX,1,128917,Paper Rex,0.4,69,3.0,0.6,60,4.0,0.5,1
1290812,Lower bracket quarterfinal: TH vs TL,finished,best_of,3,False,2026-02-12 17:16:42+00:00,2026-02-12 18:52:13+00:00,95.51666666666667,18719,10014,4531,VCT,12.01,128541,Team Liquid,2,128622,Team Heretics,0,128541,Team Liquid,0.6,53,5.0,0.6,72,6.0,0.3333333333333333,1
1331866,Mid bracket semifinal: DFM vs T1,finished,best_of,3,False,2026-02-13 07:05:35+00:00,2026-02-13 08:50:14+00:00,104.65,19591,10046,4531,VCT,12.01,128647,T1,2,131974,DetonatioN FocusMe,0,128647,T1,0.6,55,6.0,0.8,32,6.0,0.5,1
1331857,Upper bracket final: NS vs RRQ,finished,best_of,5,False,2026-02-13 09:25:26+00:00,2026-02-13 14:03:49+00:00,278.3833333333333,19591,10046,4531,VCT,12.01,130638,Rex Regum Qeon,2,132692,Nongshim RedForce,3,132692,Nongshim RedForce,0.6,44,13.0,0.8,22,13.0,0.3333333333333333,0
1290804,Mid bracket semifinal: FNC vs VIT,finished,best_of,3,False,2026-02-13 13:06:54+00:00,2026-02-13 14:44:32+00:00,97.63333333333334,18719,10014,4531,VCT,12.01,128537,Fnatic,2,128796,Team Vitality,0,128537,Fnatic,0.6,67,8.0,0.6,47,8.0,1.0,1
1290795,Upper bracket final: GM vs BBL,finished,best_of,5,False,2026-02-13 15:20:21+00:00,2026-02-13 20:44:34+00:00,324.21666666666664,18719,10014,4531,VCT,12.01,128577,BBL Esports,3,133115,Gentle Mates,2,128577,BBL Esports,0.6,37,15.0,0.6,29,15.0,0.6666666666666666,1
1288596,Lower bracket quarterfinal: 100T vs C9,finished,best_of,3,False,2026-02-13 20:07:56+00:00,2026-02-13 23:04:36+00:00,176.66666666666666,18653,10013,4531,VCT,12.01,128605,100 Thieves,2,128819,Cloud9,1,128605,100 Thieves,0.6,48,6.0,0.6,40,5.0,0.5,1
1288578,Upper bracket final: MIBR vs FUR,finished,best_of,5,False,2026-02-13 23:32:02+00:00,2026-02-14 04:40:22+00:00,308.3333333333333,18653,10013,4531,VCT,12.01,128477,FURIA Esports,3,130190,MIBR,2,128477,FURIA Esports,0.6,28,13.0,0.6,45,14.0,0.3333333333333333,1
1331875,Lower bracket semifinal: PR vs DFM,finished,best_of,3,False,2026-02-14 07:05:42+00:00,2026-02-14 08:27:56+00:00,82.23333333333333,19591,10046,4531,VCT,12.01,128917,Paper Rex,2,131974,DetonatioN FocusMe,0,128917,Paper Rex,0.6,70,1.0,0.6,33,0.0,0.75,1
1331867,Mid bracket final: T1 vs RRQ,finished,best_of,5,False,2026-02-14 08:56:48+00:00,2026-02-14 11:51:57+00:00,175.15,19591,10046,4531,VCT,12.01,128647,T1,3,130638,Rex Regum Qeon,0,128647,T1,0.8,56,1.0,0.6,45,0.0,0.5,1
1290813,Lower bracket semifinal: VIT vs TL,finished,best_of,3,False,2026-02-14 13:07:08+00:00,2026-02-14 15:39:44+00:00,152.6,18719,10014,4531,VCT,12.01,128541,Team Liquid,2,128796,Team Vitality,1,128541,Team Liquid,0.8,54,1.0,0.6,48,1.0,0.0,1
1288597,Lower bracket semifinal: NRG vs 100T,finished,best_of,3,False,2026-02-14 20:07:25+00:00,2026-02-14 21:48:29+00:00,101.06666666666666,18653,10013,4531,VCT,12.01,128471,NRG,2,128605,100 Thieves,0,128471,NRG,0.6,42,6.0,0.8,49,0.0,0.4,1
1290805,Mid bracket final: GM vs FNC,finished,best_of,5,False,2026-02-14 16:15:20+00:00,2026-02-14 21:53:07+00:00,337.78333333333336,18719,10014,4531,VCT,12.01,128537,Fnatic,2,133115,Gentle Mates,3,133115,Gentle Mates,0.8,68,1.0,0.6,30,1.0,1.0,0
1288589,Mid bracket final: MIBR vs G2,finished,best_of,5,False,2026-02-14 22:23:57+00:00,2026-02-15 00:53:50+00:00,149.88333333333333,18653,10013,4531,VCT,12.01,128538,G2 Esports,3,130190,MIBR,0,128538,G2 Esports,0.6,75,6.0,0.4,46,0.0,0.75,1
1331876,Lower bracket final: RRQ vs PR,finished,best_of,5,False,2026-02-15 07:05:29+00:00,2026-02-15 11:02:04+00:00,236.58333333333334,19591,10046,4531,VCT,12.01,128917,Paper Rex,3,130638,Rex Regum Qeon,1,128917,Paper Rex,0.6,71,1.0,0.4,46,0.0,0.5,1
1290814,Lower bracket final: FNC vs TL,finished,best_of,5,False,2026-02-15 17:11:56+00:00,2026-02-15 20:13:26+00:00,181.5,18719,10014,4531,VCT,12.01,128537,Fnatic,0,128541,Team Liquid,3,128541,Team Liquid,0.8,69,0.0,0.8,55,1.0,0.8,0
1288598,Lower bracket final: MIBR vs NRG,finished,best_of,5,False,2026-02-15 22:07:11+00:00,2026-02-16 02:41:03+00:00,273.8666666666667,18653,10013,4531,VCT,12.01,128471,NRG,3,130190,MIBR,2,128471,NRG,0.6,43,1.0,0.4,47,1.0,0.6,1
1365998,Upper bracket quarterfinal 2: FUT vs JL,finished,best_of,3,False,2026-02-19 18:10:08+00:00,2026-02-19 20:23:33+00:00,133.41666666666666,20200,10239,4531,VCT,12.01,128578,FUT Esports,2,132476,Joblife,0,128578,FUT Esports,0.0,46,16.0,0.0,2,351.0,,1
1365997,Upper bracket quarterfinal 1: FKS vs UCAM,finished,best_of,3,False,2026-02-19 18:09:31+00:00,2026-02-19 20:59:41+00:00,170.16666666666666,20200,10239,4531,VCT,12.01,129100,UCAM Esports Club,1,130400,FOKUS,2,130400,FOKUS,0.5,2,275.0,0.4,8,272.0,,0
1366008,Upper bracket quarterfinal 2: ULF vs BJK,finished,best_of,3,False,2026-02-19 21:05:44+00:00,2026-02-19 22:51:59+00:00,106.25,20201,10239,4531,VCT,12.01,128669,Beşiktaş Esports,0,136660,ULF Esports,2,136660,ULF Esports,,0,,0.4,6,14.0,,0
1366007,Upper bracket quarterfinal 1: EP vs STS,finished,best_of,3,False,2026-02-19 21:36:54+00:00,2026-02-20 00:45:26+00:00,188.53333333333333,20201,10239,4531,VCT,12.01,130973,Enterprise Esports,1,136671,Stallions Esports,2,136671,Stallions Esports,0.8,8,270.0,,0,,,0
1366009,Upper bracket semifinal  1: GX vs STS,finished,best_of,3,False,2026-02-20 18:12:17+00:00,2026-02-20 19:36:17+00:00,84.0,20201,10239,4531,VCT,12.01,134423,GIANTX,2,136671,Stallions Esports,0,134423,GIANTX,0.4,41,13.0,1.0,1,0.0,,1
1366010,Upper bracket semifinal  2: NAVI vs ULF,finished,best_of,3,False,2026-02-20 18:09:36+00:00,2026-02-20 19:47:45+00:00,98.15,20201,10239,4531,VCT,12.01,129355,Natus Vincere,0,136660,ULF Esports,2,136660,ULF Esports,0.4,39,14.0,0.4,7,0.0,,0
1365999,Upper bracket semifinal 1: VIT vs FKS,finished,best_of,3,False,2026-02-20 20:12:29+00:00,2026-02-20 21:54:53+00:00,102.4,20200,10239,4531,VCT,12.01,128796,Team Vitality,2,130400,FOKUS,0,128796,Team Vitality,0.4,49,6.0,0.6,9,1.0,,1
1366000,Upper bracket semifinal 2: KC vs FUT,finished,best_of,3,False,2026-02-20 20:26:04+00:00,2026-02-20 23:20:37+00:00,174.55,20200,10239,4531,VCT,12.01,128578,FUT Esports,2,130922,Karmine Corp,1,128578,FUT Esports,0.2,47,1.0,0.2,42,15.0,0.6,1
1366006,Lower bracket quarterfinal 2: STS vs JL,finished,best_of,3,False,2026-02-21 18:13:20+00:00,2026-02-21 19:31:35+00:00,78.25,20200,10239,4531,VCT,12.01,132476,Joblife,2,136671,Stallions Esports,0,132476,Joblife,0.0,3,1.0,0.5,2,0.0,,1
1366005,Lower bracket quarterfinal 1: NAVI vs UCAM,finished,best_of,3,False,2026-02-21 18:06:57+00:00,2026-02-21 20:52:30+00:00,165.55,20200,10239,4531,VCT,12.01,129100,UCAM Esports Club,2,129355,Natus Vincere,1,129100,UCAM Esports Club,0.3333333333333333,3,1.0,0.2,40,1.0,,1
1366017,Lower bracket quarterfinal 2: FKS vs BJK,finished,best_of,3,False,2026-02-21 20:10:53+00:00,2026-02-21 22:45:44+00:00,154.85,20201,10239,4531,VCT,12.01,128669,Beşiktaş Esports,2,130400,FOKUS,1,128669,Beşiktaş Esports,0.0,1,1.0,0.4,10,1.0,,1
1366016,Lower bracket quarterfinal 1: KC vs EP,finished,best_of,3,False,2026-02-21 21:31:56+00:00,2026-02-21 23:15:14+00:00,103.3,20201,10239,4531,VCT,12.01,130922,Karmine Corp,0,130973,Enterprise Esports,2,130973,Enterprise Esports,0.2,43,0.0,0.6,9,1.0,,0
1366015,Lower bracket semifinal: EP vs JL,finished,best_of,3,False,2026-02-22 18:06:37+00:00,2026-02-22 19:47:10+00:00,100.55,20201,10239,4531,VCT,12.01,130973,Enterprise Esports,2,132476,Joblife,0,130973,Enterprise Esports,0.6,10,0.0,0.25,4,1.0,,1
1366011,Upper bracket final: VIT vs ULF,finished,best_of,3,False,2026-02-22 18:44:29+00:00,2026-02-22 20:04:54+00:00,80.41666666666667,20201,10239,4531,VCT,12.01,128796,Team Vitality,2,136660,ULF Esports,0,128796,Team Vitality,0.4,50,1.0,0.6,8,2.0,1.0,1
1366001,Upper bracket final: GX vs FUT,finished,best_of,3,False,2026-02-22 20:47:19+00:00,2026-02-22 22:27:19+00:00,100.0,20200,10239,4531,VCT,12.01,128578,FUT Esports,2,134423,GIANTX,0,128578,FUT Esports,0.4,48,1.0,0.6,42,2.0,1.0,1
1366004,Lower bracket semifinal: UCAM vs BJK,finished,best_of,3,False,2026-02-22 20:25:38+00:00,2026-02-22 23:17:39+00:00,172.01666666666668,20200,10239,4531,VCT,12.01,128669,Beşiktaş Esports,1,129100,UCAM Esports Club,2,129100,UCAM Esports Club,0.5,2,1.0,0.5,4,1.0,,0
1366003,Lower bracket final: ULF vs UCAM,finished,best_of,3,False,2026-02-24 18:06:29+00:00,2026-02-24 20:45:20+00:00,158.85,20200,10239,4531,VCT,12.01,129100,UCAM Esports Club,2,136660,ULF Esports,1,129100,UCAM Esports Club,0.6,5,1.0,0.6,9,2.0,,1
1366014,Lower bracket final: GX vs EP,finished,best_of,3,False,2026-02-24 21:23:11+00:00,2026-02-24 23:25:38+00:00,122.45,20201,10239,4531,VCT,12.01,130973,Enterprise Esports,2,134423,GIANTX,1,130973,Enterprise Esports,0.8,11,2.0,0.4,43,2.0,,1
1366013,Grand final: VIT vs UCAM,finished,best_of,3,False,2026-02-25 18:06:30+00:00,2026-02-25 19:43:41+00:00,97.18333333333334,20201,10239,4531,VCT,12.03,128796,Team Vitality,2,129100,UCAM Esports Club,0,128796,Team Vitality,0.6,51,2.0,0.6,6,0.0,,1
1366002,Grand final: FUT vs EP,finished,best_of,3,False,2026-02-25 20:26:08+00:00,2026-02-25 22:03:24+00:00,97.26666666666667,20200,10239,4531,VCT,12.01,128578,FUT Esports,0,130973,Enterprise Esports,2,130973,Enterprise Esports,0.6,49,2.0,0.8,12,0.0,,0
1367374,Round 1: GM vs EDG,finished,best_of,3,False,2026-02-28 17:07:17+00:00,2026-02-28 19:05:02+00:00,117.75,20214,10243,4531,VCT,12.01,128976,EDward Gaming,0,133115,Gentle Mates,2,133115,Gentle Mates,0.8,70,19.0,0.8,31,13.0,,0
1367377,Round 1: XLG vs NRG,finished,best_of,3,False,2026-02-28 19:38:22+00:00,2026-02-28 21:15:13+00:00,96.85,20214,10243,4531,VCT,12.01,128471,NRG,2,135470,XLG Gaming,0,128471,NRG,0.6,44,12.0,0.6,31,20.0,,1
1367376,Round 1: G2 vs PR,finished,best_of,3,False,2026-03-01 17:07:34+00:00,2026-03-01 18:38:46+00:00,91.2,20214,10243,4531,VCT,12.01,128538,G2 Esports,0,128917,Paper Rex,2,128917,Paper Rex,0.8,76,14.0,0.8,72,14.0,0.5,0
1367375,Round 1: T1 vs TL,finished,best_of,3,False,2026-03-01 19:11:25+00:00,2026-03-01 21:06:34+00:00,115.15,20214,10243,4531,VCT,12.01,128541,Team Liquid,2,128647,T1,0,128541,Team Liquid,1.0,56,14.0,1.0,57,15.0,,1
1381503,Round 2: PR vs NRG,finished,best_of,3,False,2026-03-02 18:06:18+00:00,2026-03-02 21:03:52+00:00,177.56666666666666,20214,10243,4531,VCT,12.01,128471,NRG,1,128917,Paper Rex,2,128917,Paper Rex,0.8,45,1.0,1.0,73,1.0,,0
1381504,Round 2: TL vs GM,finished,best_of,3,False,2026-03-02 21:32:49+00:00,2026-03-02 23:05:29+00:00,92.66666666666667,20214,10243,4531,VCT,12.01,128541,Team Liquid,0,133115,Gentle Mates,2,133115,Gentle Mates,1.0,57,1.0,0.8,32,2.0,0.5,0
1381505,Round 2: T1 vs EDG,finished,best_of,3,False,2026-03-03 18:06:13+00:00,2026-03-03 19:39:37+00:00,93.4,20214,10243,4531,VCT,12.01,128647,T1,2,128976,EDward Gaming,0,128647,T1,0.8,58,1.0,0.8,71,3.0,0.5,1
1381506,Round 2: G2 vs XLG,finished,best_of,3,False,2026-03-03 20:08:11+00:00,2026-03-03 21:38:30+00:00,90.31666666666666,20214,10243,4531,VCT,12.01,128538,G2 Esports,2,135470,XLG Gaming,0,128538,G2 Esports,0.6,77,2.0,0.6,32,3.0,1.0,1
1368478,Round 3: NRG vs TL,finished,best_of,3,False,2026-03-04 18:07:18+00:00,2026-03-04 19:49:44+00:00,102.43333333333334,20214,10243,4531,VCT,12.01,128471,NRG,2,128541,Team Liquid,0,128471,NRG,0.6,46,1.0,0.8,58,1.0,,1
1368479,Round 3: G2 vs T1,finished,best_of,3,False,2026-03-04 20:18:17+00:00,2026-03-04 22:19:47+00:00,121.5,20214,10243,4531,VCT,12.01,128538,G2 Esports,2,128647,T1,0,128538,G2 Esports,0.8,78,1.0,0.8,59,1.0,0.6666666666666666,1
1368482,Upper bracket quarterfinal 3: FUR vs PR,finished,best_of,3,False,2026-03-06 18:07:23+00:00,2026-03-06 20:33:57+00:00,146.56666666666666,20224,10243,4531,VCT,12.01,128477,FURIA Esports,1,128917,Paper Rex,2,128917,Paper Rex,0.8,29,20.0,1.0,74,3.0,,0
1368480,Upper bracket quarterfinal 1: NS vs GM,finished,best_of,3,False,2026-03-06 21:05:24+00:00,2026-03-06 22:41:52+00:00,96.46666666666667,20224,10243,4531,VCT,12.01,132692,Nongshim RedForce,2,133115,Gentle Mates,0,132692,Nongshim RedForce,0.8,23,21.0,0.8,33,3.0,,1
1368483,Upper bracket quarterfinal 4: BBL vs NRG,finished,best_of,3,False,2026-03-07 17:07:09+00:00,2026-03-07 20:08:28+00:00,181.31666666666666,20224,10243,4531,VCT,12.01,128471,NRG,2,128577,BBL Esports,1,128471,NRG,0.8,47,3.0,0.8,38,21.0,,1
1368481,Upper bracket quarterfinal 2: AG vs G2,finished,best_of,3,False,2026-03-07 20:39:55+00:00,2026-03-07 22:14:05+00:00,94.16666666666667,20224,10243,4531,VCT,12.01,128538,G2 Esports,2,128974,All Gamers,0,128538,G2 Esports,0.8,79,2.0,0.8,33,28.0,,1
1368493,Lower bracket round 1 match 2: FUR vs BBL,finished,best_of,3,False,2026-03-08 17:08:29+00:00,2026-03-08 20:01:15+00:00,172.76666666666668,20224,10243,4531,VCT,12.01,128477,FURIA Esports,1,128577,BBL Esports,2,128577,BBL Esports,0.8,30,1.0,0.8,39,0.0,,0
1368492,Lower bracket round 1 match 1: GM vs AG,finished,best_of,3,False,2026-03-08 20:35:07+00:00,2026-03-08 23:08:10+00:00,153.05,20224,10243,4531,VCT,12.01,128974,All Gamers,2,133115,Gentle Mates,1,128974,All Gamers,0.8,34,1.0,0.6,34,2.0,,1
1368484,Upper bracket semifinal 1: NS vs G2,finished,best_of,3,False,2026-03-09 18:06:56+00:00,2026-03-09 20:53:30+00:00,166.56666666666666,20224,10243,4531,VCT,12.01,128538,G2 Esports,1,132692,Nongshim RedForce,2,132692,Nongshim RedForce,0.8,80,1.0,1.0,24,2.0,,0
1368485,Upper bracket semifinal 2: PR vs NRG,finished,best_of,3,False,2026-03-09 21:20:28+00:00,2026-03-09 23:28:57+00:00,128.48333333333332,20224,10243,4531,VCT,12.01,128471,NRG,2,128917,Paper Rex,0,128471,NRG,0.8,48,2.0,1.0,75,3.0,0.0,1
1368491,Lower bracket quarterfinal 2: G2 vs BBL,finished,best_of,3,False,2026-03-10 18:08:08+00:00,2026-03-10 19:44:48+00:00,96.66666666666667,20224,10243,4531,VCT,12.01,128538,G2 Esports,2,128577,BBL Esports,0,128538,G2 Esports,0.6,81,0.0,0.8,40,1.0,,1
1368490,Lower bracket quarterfinal 1: PR vs AG,finished,best_of,3,False,2026-03-10 20:12:21+00:00,2026-03-10 22:47:52+00:00,155.51666666666668,20224,10243,4531,VCT,12.01,128917,Paper Rex,2,128974,All Gamers,1,128917,Paper Rex,0.8,76,0.0,0.8,35,1.0,,1
1368486,Upper bracket final: NS vs NRG,finished,best_of,3,False,2026-03-13 17:06:33+00:00,2026-03-13 18:58:21+00:00,111.8,20224,10243,4531,VCT,12.01,128471,NRG,0,132692,Nongshim RedForce,2,132692,Nongshim RedForce,0.8,49,3.0,1.0,25,3.0,,0
1368489,Lower bracket semifinal: PR vs G2,finished,best_of,3,False,2026-03-13 19:30:05+00:00,2026-03-13 22:04:06+00:00,154.01666666666668,20224,10243,4531,VCT,12.01,128538,G2 Esports,1,128917,Paper Rex,2,128917,Paper Rex,0.8,82,3.0,0.8,77,2.0,0.4,0
1368488,Lower bracket final: NRG vs PR,finished,best_of,5,False,2026-03-14 17:06:34+00:00,2026-03-14 20:52:48+00:00,226.23333333333332,20224,10243,4531,VCT,12.01,128471,NRG,1,128917,Paper Rex,3,128917,Paper Rex,0.6,50,1.0,0.8,78,0.0,0.5,0
1368487,Grand final: NS vs PR,finished,best_of,5,False,2026-03-15 18:20:38+00:00,2026-03-15 20:33:04+00:00,132.43333333333334,20224,10243,4531,VCT,12.01,128917,Paper Rex,0,132692,Nongshim RedForce,3,132692,Nongshim RedForce,0.8,79,0.0,1.0,26,2.0,,0
1395550,MDR vs MIR,finished,best_of,3,False,2026-03-19 16:05:02+00:00,2026-03-19 17:37:31+00:00,92.48333333333333,20402,10318,4947,VCL,12.05,130451,Mandatory,2,136677,MIR,0,130451,Mandatory,0.6,5,375.0,,0,,,1
1395541,EP vs BAR,finished,best_of,3,False,2026-03-19 16:04:27+00:00,2026-03-19 17:46:52+00:00,102.41666666666667,20400,10318,4947,VCL,12.05,130973,Enterprise Esports,2,134124,Barça eSports,0,130973,Enterprise Esports,0.8,13,21.0,,0,,,1
1395544,UCAM vs PL,finished,best_of,3,False,2026-03-19 18:08:03+00:00,2026-03-19 19:42:33+00:00,94.5,20401,10318,4947,VCL,12.05,129100,UCAM Esports Club,2,136225,Pixel Lumina,0,129100,UCAM Esports Club,0.6,7,21.0,0.0,2,302.0,,1
1395516,MISA vs SGE,finished,best_of,3,False,2026-03-19 17:56:22+00:00,2026-03-19 20:02:51+00:00,126.48333333333333,20399,10318,4947,VCL,12.05,134406,Eintracht Frankfurt,0,137017,Misa Esports,2,137017,Misa Esports,,0,,,0,,,0
1395517,MISA vs TL.A,finished,best_of,3,False,2026-03-20 16:05:04+00:00,2026-03-20 17:54:28+00:00,109.4,20399,10318,4947,VCL,12.05,136328,Team Liquid Academy,0,137017,Misa Esports,2,137017,Misa Esports,0.5,2,380.0,1.0,1,0.0,,0
1395551,S2G vs MIR,finished,best_of,3,False,2026-03-20 18:17:50+00:00,2026-03-20 19:37:38+00:00,79.8,20402,10318,4947,VCL,12.05,132005,S2G Esports,2,136677,MIR,0,132005,S2G Esports,,0,,0.0,1,1.0,,1
1395542,EP vs FKS,finished,best_of,3,False,2026-03-20 18:08:05+00:00,2026-03-20 20:18:40+00:00,130.58333333333334,20400,10318,4947,VCL,12.05,130400,FOKUS,1,130973,Enterprise Esports,2,130973,Enterprise Esports,0.2,11,26.0,1.0,14,1.0,0.0,0
1395519,SGE vs TL.A,finished,best_of,3,False,2026-03-21 16:04:54+00:00,2026-03-21 18:32:24+00:00,147.5,20399,10318,4947,VCL,12.05,134406,Eintracht Frankfurt,1,136328,Team Liquid Academy,2,136328,Team Liquid Academy,0.0,1,1.0,0.3333333333333333,3,1.0,,0
1395546,JL vs PL,finished,best_of,3,False,2026-03-21 16:05:07+00:00,2026-03-21 18:57:08+00:00,172.01666666666668,20401,10318,4947,VCL,12.05,132476,Joblife,1,136225,Pixel Lumina,2,136225,Pixel Lumina,0.2,5,26.0,0.0,3,1.0,,0
1395552,MDR vs GNGA,finished,best_of,3,False,2026-03-21 19:24:21+00:00,2026-03-21 20:49:58+00:00,85.61666666666666,20402,10318,4947,VCL,12.05,130451,Mandatory,2,136696,GnG Amazigh,0,130451,Mandatory,0.6,6,2.0,,0,,,1
1395543,BAR vs FKS,finished,best_of,3,False,2026-03-21 18:54:04+00:00,2026-03-21 22:02:00+00:00,187.93333333333334,20400,10318,4947,VCL,12.05,130400,FOKUS,2,134124,Barça eSports,1,130400,FOKUS,0.2,12,1.0,0.0,1,2.0,,1
1395548,UCAM vs JL,finished,best_of,3,False,2026-03-22 16:06:32+00:00,2026-03-22 17:38:50+00:00,92.3,20401,10318,4947,VCL,12.05,129100,UCAM Esports Club,2,132476,Joblife,0,129100,UCAM Esports Club,0.8,8,2.0,0.2,6,0.0,,1
1395553,S2G vs MDR,finished,best_of,3,False,2026-03-22 16:04:46+00:00,2026-03-22 17:56:39+00:00,111.88333333333334,20402,10318,4947,VCL,12.05,130451,Mandatory,2,132005,S2G Esports,0,130451,Mandatory,0.6,7,0.0,1.0,1,1.0,,1
1395554,GNGA vs MIR,finished,best_of,3,False,2026-03-22 17:55:03+00:00,2026-03-22 20:41:52+00:00,166.81666666666666,20402,10318,4947,VCL,12.05,136677,MIR,1,136696,GnG Amazigh,2,136696,GnG Amazigh,0.0,2,2.0,0.0,1,0.0,,0
1395555,S2G vs GNGA,finished,best_of,3,False,2026-03-23 16:06:19+00:00,2026-03-23 17:52:52+00:00,106.55,20402,10318,4947,VCL,12.05,132005,S2G Esports,2,136696,GnG Amazigh,0,132005,S2G Esports,0.5,2,0.0,0.5,2,0.0,,1
1396298,Upper bracket semifinal 1: UCAM vs MDR,finished,best_of,3,False,2026-03-26 16:03:47+00:00,2026-03-26 18:52:24+00:00,168.61666666666667,20407,10318,4947,VCL,12.05,129100,UCAM Esports Club,2,130451,Mandatory,1,129100,UCAM Esports Club,0.8,9,4.0,0.8,8,4.0,,1
1396299,Upper bracket semifinal 2: EP vs MISA,finished,best_of,3,False,2026-03-26 19:16:59+00:00,2026-03-26 22:14:16+00:00,177.28333333333333,20407,10318,4947,VCL,12.05,130973,Enterprise Esports,2,137017,Misa Esports,1,130973,Enterprise Esports,1.0,15,6.0,1.0,2,6.0,,1
1396301,Lower bracket semifinal: MDR vs MISA,finished,best_of,3,False,2026-03-27 16:09:44+00:00,2026-03-27 18:43:36+00:00,153.86666666666667,20407,10318,4947,VCL,12.05,130451,Mandatory,2,137017,Misa Esports,1,130451,Mandatory,0.6,9,0.0,0.6666666666666666,3,0.0,,1
1396300,Upper bracket final: EP vs UCAM,finished,best_of,3,False,2026-03-27 19:06:14+00:00,2026-03-27 21:43:37+00:00,157.38333333333333,20407,10318,4947,VCL,12.05,129100,UCAM Esports Club,0,130973,Enterprise Esports,2,130973,Enterprise Esports,0.8,10,1.0,1.0,16,0.0,0.0,0
1396302,Lower bracket final: MDR vs UCAM,finished,best_of,5,False,2026-03-28 16:05:50+00:00,2026-03-28 20:42:09+00:00,276.31666666666666,20407,10318,4947,VCL,12.05,129100,UCAM Esports Club,2,130451,Mandatory,3,130451,Mandatory,0.6,11,0.0,0.8,10,1.0,1.0,0
1396303,Grand final: MDR vs EP,finished,best_of,5,False,2026-03-29 15:05:31+00:00,2026-03-29 17:35:06+00:00,149.58333333333334,20407,10318,4947,VCL,12.05,130451,Mandatory,0,130973,Enterprise Esports,3,130973,Enterprise Esports,0.8,11,0.0,1.0,17,1.0,,0
1399039,TEC vs AG,finished,best_of,3,False,2026-03-31 09:11:07+00:00,2026-03-31 12:09:12+00:00,178.08333333333334,20433,10329,4531,VCT,12.05,128974,All Gamers,2,133825,TEC Esports,1,128974,All Gamers,0.6,36,20.0,0.4,34,55.0,1.0,1
1399040,NOVA vs EDG,finished,best_of,3,False,2026-03-31 12:47:51+00:00,2026-03-31 14:00:45+00:00,72.9,20434,10329,4531,VCT,,128976,EDward Gaming,2,133287,Nova Esports,0,128976,EDward Gaming,0.6,72,27.0,0.2,33,59.0,0.6666666666666666,1
1399041,JDG vs FPX,finished,best_of,3,False,2026-04-01 09:08:30+00:00,2026-04-01 11:45:45+00:00,157.25,20433,10329,4531,VCT,,128540,FunPlus Phoenix,1,134454,JD Gaming,2,134454,JD Gaming,0.0,45,59.0,0.4,33,54.0,0.5,0
1399042,DRG vs XLG,finished,best_of,3,False,2026-04-01 12:25:33+00:00,2026-04-01 14:09:44+00:00,104.18333333333334,20434,10329,4531,VCT,,133279,Dragon Ranger Gaming,0,135470,XLG Gaming,2,135470,XLG Gaming,0.4,48,53.0,0.4,33,28.0,1.0,0
1399202,FNC vs EF,finished,best_of,3,False,2026-04-01 15:09:07+00:00,2026-04-01 17:59:51+00:00,170.73333333333332,20436,10330,4531,VCT,12.05,128537,Fnatic,2,129662,Eternal Fire,1,128537,Fnatic,0.6,70,44.0,0.6,6,387.0,,1
1399203,TL vs KC,finished,best_of,3,False,2026-04-01 18:37:04+00:00,2026-04-01 20:30:43+00:00,113.65,20435,10330,4531,VCT,12.05,128541,Team Liquid,2,130922,Karmine Corp,0,128541,Team Liquid,0.6,59,28.0,0.2,44,38.0,0.75,1
1399043,WOL vs TE,finished,best_of,3,False,2026-04-02 09:09:25+00:00,2026-04-02 11:00:30+00:00,111.08333333333333,20434,10329,4531,VCT,,133380,Trace Esports,2,134335,Wolves Esports,0,133380,Trace Esports,0.4,51,56.0,0.4,41,57.0,0.5,1
1399044,BLG vs TYLOO,finished,best_of,3,False,2026-04-02 11:38:19+00:00,2026-04-02 14:14:34+00:00,156.25,20433,10329,4531,VCT,,133288,TYLOO,2,133379,Bilibili Gaming,1,133288,TYLOO,0.6,34,55.0,0.6,54,52.0,0.0,1
1399204,VIT vs GX,finished,best_of,3,False,2026-04-02 15:07:35+00:00,2026-04-02 16:32:11+00:00,84.6,20436,10330,4531,VCT,12.05,128796,Team Vitality,2,134423,GIANTX,0,128796,Team Vitality,0.6,52,35.0,0.2,44,36.0,0.75,1
1399205,GM vs FUT,finished,best_of,3,False,2026-04-02 17:12:30+00:00,2026-04-02 19:57:23+00:00,164.88333333333333,20435,10330,4531,VCT,12.05,128578,FUT Esports,2,133115,Gentle Mates,1,128578,FUT Esports,0.6,50,35.0,0.6,35,24.0,0.75,1
1402215,Gen.G vs GE,finished,best_of,3,False,2026-04-03 08:11:52+00:00,2026-04-03 09:46:58+00:00,95.1,20468,10354,4531,VCT,12.05,128473,Gen.G Esports,0,129660,Global Esports,2,129660,Global Esports,0.2,68,54.0,0.4,32,53.0,0.75,0
1399045,DRG vs NOVA,finished,best_of,3,False,2026-04-03 09:05:50+00:00,2026-04-03 10:37:50+00:00,92.0,20434,10329,4531,VCT,,133279,Dragon Ranger Gaming,2,133287,Nova Esports,0,133279,Dragon Ranger Gaming,0.2,49,1.0,0.2,34,2.0,0.8,1
1402216,T1 vs VARREL,finished,best_of,3,False,2026-04-03 10:21:18+00:00,2026-04-03 12:04:25+00:00,103.11666666666666,20469,10354,4531,VCT,12.05,128647,T1,2,134426,VARREL,0,128647,T1,0.6,60,29.0,0.0,3,56.0,,1
1399046,FPX vs AG,finished,best_of,3,False,2026-04-03 11:15:49+00:00,2026-04-03 13:01:22+00:00,105.55,20433,10329,4531,VCT,,128540,FunPlus Phoenix,2,128974,All Gamers,0,128540,FunPlus Phoenix,0.0,46,2.0,0.6,37,3.0,0.3333333333333333,1
1399206,TH vs NAVI,finished,best_of,3,False,2026-04-03 15:09:37+00:00,2026-04-03 18:29:51+00:00,200.23333333333332,20435,10330,4531,VCT,12.05,128622,Team Heretics,1,129355,Natus Vincere,2,129355,Natus Vincere,0.6,73,49.0,0.0,41,40.0,0.7142857142857143,0
1399207,BBL vs PCFIC,finished,best_of,3,False,2026-04-03 19:09:22+00:00,2026-04-03 20:59:13+00:00,109.85,20436,10330,4531,VCT,12.05,128577,BBL Esports,2,134104,Pcific Esports,0,128577,BBL Esports,0.6,41,24.0,0.0,3,58.0,1.0,1
1402217,NS vs PR,finished,best_of,3,False,2026-04-04 08:09:49+00:00,2026-04-04 10:45:30+00:00,155.68333333333334,20468,10354,4531,VCT,12.05,128917,Paper Rex,2,132692,Nongshim RedForce,1,128917,Paper Rex,0.6,80,19.0,1.0,27,19.0,0.0,1
1399047,TYLOO vs TEC,finished,best_of,3,False,2026-04-04 09:06:03+00:00,2026-04-04 10:56:24+00:00,110.35,20433,10329,4531,VCT,,133288,TYLOO,2,133825,TEC Esports,0,133288,TYLOO,0.6,35,1.0,0.2,35,3.0,0.6,1
1402218,FS vs DFM,finished,best_of,3,False,2026-04-04 11:14:29+00:00,2026-04-04 12:47:47+00:00,93.3,20469,10354,4531,VCT,12.06,128912,FULL SENSE,2,131974,DetonatioN FocusMe,0,128912,FULL SENSE,0.4,5,55.0,0.6,34,49.0,0.0,1
1399048,WOL vs EDG,finished,best_of,3,False,2026-04-04 11:34:08+00:00,2026-04-04 13:20:11+00:00,106.05,20434,10329,4531,VCT,,128976,EDward Gaming,2,134335,Wolves Esports,0,128976,EDward Gaming,0.6,73,3.0,0.2,42,2.0,0.5,1
1402219,TS vs DRX,finished,best_of,3,False,2026-04-05 08:05:41+00:00,2026-04-05 09:59:54+00:00,114.21666666666667,20468,10354,4531,VCT,12.05,129537,Team Secret,0,130137,Kiwoom DRX,2,130137,Kiwoom DRX,0.0,32,58.0,0.6,61,51.0,0.0,0
1399049,TE vs XLG,finished,best_of,3,False,2026-04-05 09:06:46+00:00,2026-04-05 11:58:37+00:00,171.85,20434,10329,4531,VCT,,133380,Trace Esports,1,135470,XLG Gaming,2,135470,XLG Gaming,0.6,52,3.0,0.4,34,3.0,0.0,0
1402220,RRQ vs ZETA,finished,best_of,3,False,2026-04-05 10:28:41+00:00,2026-04-05 12:53:49+00:00,145.13333333333333,20469,10354,4531,VCT,12.05,129326,ZETA DIVISION,1,130638,Rex Regum Qeon,2,130638,Rex Regum Qeon,0.4,31,57.0,0.4,47,49.0,0.0,0
1399050,BLG vs JDG,finished,best_of,3,False,2026-04-05 12:35:05+00:00,2026-04-05 14:00:49+00:00,85.73333333333333,20433,10329,4531,VCT,,133379,Bilibili Gaming,2,134454,JD Gaming,0,133379,Bilibili Gaming,0.4,55,2.0,0.6,34,4.0,1.0,1
1399051,FPX vs TYLOO,finished,best_of,3,False,2026-04-07 09:09:04+00:00,2026-04-07 12:00:44+00:00,171.66666666666666,20433,10329,4531,VCT,,128540,FunPlus Phoenix,2,133288,TYLOO,1,128540,FunPlus Phoenix,0.2,47,3.0,0.6,36,3.0,0.3333333333333333,1
1399052,TEC vs BLG,finished,best_of,3,False,2026-04-07 12:39:22+00:00,2026-04-07 14:36:02+00:00,116.66666666666667,20433,10329,4531,VCT,,133379,Bilibili Gaming,0,133825,TEC Esports,2,133825,TEC Esports,0.4,56,2.0,0.2,36,3.0,0.6666666666666666,0
1399053,XLG vs NOVA,finished,best_of,3,False,2026-04-08 09:08:38+00:00,2026-04-08 10:53:31+00:00,104.88333333333334,20434,10329,4531,VCT,,133287,Nova Esports,0,135470,XLG Gaming,2,135470,XLG Gaming,0.0,35,5.0,0.6,35,2.0,0.0,0
1399054,EDG vs TE,finished,best_of,3,False,2026-04-08 11:33:19+00:00,2026-04-08 13:16:42+00:00,103.38333333333334,20434,10329,4531,VCT,,128976,EDward Gaming,2,133380,Trace Esports,0,128976,EDward Gaming,0.6,74,3.0,0.4,53,3.0,0.75,1
1399208,PCFIC vs GX,finished,best_of,3,False,2026-04-08 15:05:37+00:00,2026-04-08 17:58:41+00:00,173.06666666666666,20436,10330,4531,VCT,12.05,134104,Pcific Esports,1,134423,GIANTX,2,134423,GIANTX,0.0,4,4.0,0.2,45,6.0,0.0,0
1399209,BBL vs EF,finished,best_of,3,False,2026-04-08 18:33:06+00:00,2026-04-08 20:11:50+00:00,98.73333333333333,20436,10330,4531,VCT,12.05,128577,BBL Esports,0,129662,Eternal Fire,2,129662,Eternal Fire,0.6,42,4.0,0.4,7,7.0,,0
1399055,JDG vs AG,finished,best_of,3,False,2026-04-09 09:06:10+00:00,2026-04-09 10:53:00+00:00,106.83333333333333,20433,10329,4531,VCT,,128974,All Gamers,2,134454,JD Gaming,0,128974,All Gamers,0.4,38,5.0,0.6,35,3.0,0.0,1
1399056,DRG vs WOL,finished,best_of,3,False,2026-04-09 11:31:19+00:00,2026-04-09 14:03:28+00:00,152.15,20434,10329,4531,VCT,,133279,Dragon Ranger Gaming,2,134335,Wolves Esports,1,133279,Dragon Ranger Gaming,0.4,50,6.0,0.2,43,5.0,0.0,1
1399210,FNC vs VIT,finished,best_of,3,False,2026-04-09 15:06:53+00:00,2026-04-09 16:58:29+00:00,111.6,20436,10330,4531,VCT,12.05,128537,Fnatic,2,128796,Team Vitality,0,128537,Fnatic,0.6,71,7.0,0.8,53,7.0,1.0,1
1399211,TL vs TH,finished,best_of,3,False,2026-04-09 17:30:13+00:00,2026-04-09 19:20:33+00:00,110.33333333333333,20435,10330,4531,VCT,12.05,128541,Team Liquid,2,128622,Team Heretics,0,128541,Team Liquid,0.6,60,7.0,0.4,74,6.0,0.5,1
1402221,DFM vs T1,finished,best_of,3,False,2026-04-10 08:05:36+00:00,2026-04-10 10:01:46+00:00,116.16666666666667,20469,10354,4531,VCT,12.05,128647,T1,2,131974,DetonatioN FocusMe,0,128647,T1,0.6,61,6.0,0.4,35,5.0,0.6666666666666666,1
1399057,NOVA vs TE,finished,best_of,3,False,2026-04-10 09:05:59+00:00,2026-04-10 11:07:56+00:00,121.95,20434,10329,4531,VCT,,133287,Nova Esports,0,133380,Trace Esports,2,133380,Trace Esports,0.0,36,2.0,0.4,54,1.0,0.0,0
1402222,NS vs DRX,finished,best_of,3,False,2026-04-10 10:33:35+00:00,2026-04-10 13:21:39+00:00,168.06666666666666,20468,10354,4531,VCT,12.05,130137,Kiwoom DRX,2,132692,Nongshim RedForce,1,130137,Kiwoom DRX,0.6,62,5.0,0.8,28,6.0,1.0,1
1399058,FPX vs BLG,finished,best_of,3,False,2026-04-10 11:44:59+00:00,2026-04-10 14:15:29+00:00,150.5,20433,10329,4531,VCT,,128540,FunPlus Phoenix,1,133379,Bilibili Gaming,2,133379,Bilibili Gaming,0.4,48,3.0,0.2,57,2.0,0.5,0
1399212,FUT vs NAVI,finished,best_of,3,False,2026-04-10 15:06:25+00:00,2026-04-10 17:51:06+00:00,164.68333333333334,20435,10330,4531,VCT,12.05,128578,FUT Esports,2,129355,Natus Vincere,1,128578,FUT Esports,0.8,51,7.0,0.2,42,6.0,1.0,1
1399213,GM vs KC,finished,best_of,3,False,2026-04-10 18:21:16+00:00,2026-04-10 21:02:56+00:00,161.66666666666666,20435,10330,4531,VCT,12.05,130922,Karmine Corp,1,133115,Gentle Mates,2,133115,Gentle Mates,0.2,45,9.0,0.4,36,8.0,1.0,0
1411837,SEN vs KRÜ,finished,best_of,3,False,2026-04-10 21:13:34+00:00,2026-04-10 23:07:15+00:00,113.68333333333334,20565,10410,4531,VCT,12.05,128472,Sentinels,0,128944,KRÜ Esports,2,128944,KRÜ Esports,0.2,66,62.0,0.0,42,68.0,0.5,0
1411838,G2 vs MIBR,finished,best_of,3,False,2026-04-10 23:48:12+00:00,2026-04-11 01:56:04+00:00,127.86666666666666,20564,10410,4531,VCT,12.05,128538,G2 Esports,0,130190,MIBR,2,130190,MIBR,0.6,83,28.0,0.4,48,53.0,0.8,0
1402223,TS vs GE,finished,best_of,3,False,2026-04-11 08:05:49+00:00,2026-04-11 09:57:48+00:00,111.98333333333333,20468,10354,4531,VCT,12.05,129537,Team Secret,0,129660,Global Esports,2,129660,Global Esports,0.0,33,5.0,0.6,33,8.0,0.6666666666666666,0
1399059,AG vs TYLOO,finished,best_of,3,False,2026-04-11 09:07:50+00:00,2026-04-11 11:42:15+00:00,154.41666666666666,20433,10329,4531,VCT,,128974,All Gamers,1,133288,TYLOO,2,133288,TYLOO,0.6,39,2.0,0.6,37,3.0,0.5,0
1402224,RRQ vs VARREL,finished,best_of,3,False,2026-04-11 10:25:47+00:00,2026-04-11 12:37:38+00:00,131.85,20469,10354,4531,VCT,12.05,130638,Rex Regum Qeon,2,134426,VARREL,0,130638,Rex Regum Qeon,0.4,48,5.0,0.0,4,8.0,,1
1399060,EDG vs DRG,finished,best_of,3,False,2026-04-11 12:22:47+00:00,2026-04-11 14:56:29+00:00,153.7,20434,10329,4531,VCT,,128976,EDward Gaming,2,133279,Dragon Ranger Gaming,1,128976,EDward Gaming,0.6,75,3.0,0.4,51,2.0,0.75,1
1411841,100T vs EG,finished,best_of,3,False,2026-04-11 21:32:34+00:00,2026-04-12 00:09:12+00:00,156.63333333333333,20565,10410,4531,VCT,12.05,128605,100 Thieves,2,129181,Evil Geniuses,0,128605,100 Thieves,0.6,50,56.0,0.4,34,63.0,1.0,1
1411839,NV vs LOUD,finished,best_of,3,False,2026-04-12 00:39:18+00:00,2026-04-12 03:16:39+00:00,157.35,20564,10410,4531,VCT,12.05,128470,Team Envy,1,130338,LOUD,2,130338,LOUD,0.4,5,64.0,0.0,37,70.0,,0
1402225,FS vs ZETA,finished,best_of,3,False,2026-04-12 08:05:48+00:00,2026-04-12 09:25:16+00:00,79.46666666666667,20469,10354,4531,VCT,12.05,128912,FULL SENSE,2,129326,ZETA DIVISION,0,128912,FULL SENSE,0.4,6,7.0,0.2,32,6.0,1.0,1
1399061,JDG vs TEC,finished,best_of,3,False,2026-04-12 09:06:04+00:00,2026-04-12 10:59:46+00:00,113.7,20433,10329,4531,VCT,,133825,TEC Esports,0,134454,JD Gaming,2,134454,JD Gaming,0.2,37,4.0,0.4,36,3.0,0.2857142857142857,0
1402226,Gen.G vs PR,finished,best_of,3,False,2026-04-12 10:02:23+00:00,2026-04-12 12:37:02+00:00,154.65,20468,10354,4531,VCT,12.05,128473,Gen.G Esports,2,128917,Paper Rex,1,128473,Gen.G Esports,0.2,69,9.0,0.8,81,8.0,0.625,1
1399062,XLG vs WOL,finished,best_of,3,False,2026-04-12 11:39:39+00:00,2026-04-12 14:29:43+00:00,170.06666666666666,20434,10329,4531,VCT,,134335,Wolves Esports,1,135470,XLG Gaming,2,135470,XLG Gaming,0.2,44,3.0,0.6,36,4.0,0.0,0
1411843,C9 vs LEV,finished,best_of,3,False,2026-04-12 21:06:50+00:00,2026-04-12 22:33:43+00:00,86.88333333333334,20564,10410,4531,VCT,12.05,128819,Cloud9,0,128990,Leviatán Esports,2,128990,Leviatán Esports,0.6,41,57.0,0.4,51,63.0,1.0,0
1411842,FUR vs NRG,finished,best_of,3,False,2026-04-12 23:13:07+00:00,2026-04-13 01:00:50+00:00,107.71666666666667,20565,10410,4531,VCT,12.05,128471,NRG,0,128477,FURIA Esports,2,128477,FURIA Esports,0.6,51,29.0,0.6,31,35.0,1.0,0
1399063,TYLOO vs JDG,finished,best_of,3,False,2026-04-14 09:09:29+00:00,2026-04-14 11:18:14+00:00,128.75,20433,10329,4531,VCT,,133288,TYLOO,0,134454,JD Gaming,2,134454,JD Gaming,0.6,38,2.0,0.4,37,2.0,0.5,0
1399064,TE vs DRG,finished,best_of,3,False,2026-04-14 11:57:57+00:00,2026-04-14 14:43:18+00:00,165.35,20434,10329,4531,VCT,,133279,Dragon Ranger Gaming,2,133380,Trace Esports,1,133279,Dragon Ranger Gaming,0.4,52,2.0,0.4,55,4.0,0.6666666666666666,1
1399065,TEC vs FPX,finished,best_of,3,False,2026-04-15 09:07:11+00:00,2026-04-15 10:35:50+00:00,88.65,20433,10329,4531,VCT,,128540,FunPlus Phoenix,0,133825,TEC Esports,2,133825,TEC Esports,0.4,49,4.0,0.2,38,2.0,0.6666666666666666,0
1399066,AG vs BLG,finished,best_of,3,False,2026-04-15 11:14:47+00:00,2026-04-15 13:47:45+00:00,152.96666666666667,20433,10329,4531,VCT,,128974,All Gamers,2,133379,Bilibili Gaming,1,128974,All Gamers,0.4,40,4.0,0.4,58,4.0,0.6666666666666666,1
1399214,BBL vs GX,finished,best_of,3,False,2026-04-15 15:07:31+00:00,2026-04-15 17:53:34+00:00,166.05,20436,10330,4531,VCT,12.05,128577,BBL Esports,1,134423,GIANTX,2,134423,GIANTX,0.4,43,6.0,0.4,46,6.0,0.25,0
1399215,GM vs NAVI,finished,best_of,3,False,2026-04-15 18:22:49+00:00,2026-04-15 20:27:39+00:00,124.83333333333333,20435,10330,4531,VCT,12.05,129355,Natus Vincere,0,133115,Gentle Mates,2,133115,Gentle Mates,0.2,43,5.0,0.4,37,4.0,0.5,0
1399067,NOVA vs WOL,finished,best_of,3,False,2026-04-16 09:05:38+00:00,2026-04-16 10:46:18+00:00,100.66666666666667,20434,10329,4531,VCT,,133287,Nova Esports,2,134335,Wolves Esports,0,133287,Nova Esports,0.0,37,5.0,0.0,45,3.0,0.75,1
1399068,EDG vs XLG,finished,best_of,3,False,2026-04-16 11:24:42+00:00,2026-04-16 13:52:06+00:00,147.4,20434,10329,4531,VCT,,128976,EDward Gaming,1,135470,XLG Gaming,2,135470,XLG Gaming,0.8,76,4.0,0.8,37,3.0,0.5,0
1399216,EF vs VIT,finished,best_of,3,False,2026-04-16 15:10:06+00:00,2026-04-16 16:59:45+00:00,109.65,20436,10330,4531,VCT,12.05,128796,Team Vitality,0,129662,Eternal Fire,2,129662,Eternal Fire,0.8,54,7.0,0.4,8,7.0,,0
1399217,KC vs TH,finished,best_of,3,False,2026-04-16 17:29:43+00:00,2026-04-16 19:42:12+00:00,132.48333333333332,20435,10330,4531,VCT,12.05,128622,Team Heretics,2,130922,Karmine Corp,1,128622,Team Heretics,0.4,75,7.0,0.0,46,5.0,0.75,1
1402227,FS vs VARREL,finished,best_of,3,False,2026-04-17 08:06:35+00:00,2026-04-17 09:56:35+00:00,110.0,20469,10354,4531,VCT,12.05,128912,FULL SENSE,2,134426,VARREL,0,128912,FULL SENSE,0.4,7,5.0,0.0,5,5.0,,1
1402228,TS vs PR,finished,best_of,3,False,2026-04-17 10:25:54+00:00,2026-04-17 12:15:01+00:00,109.11666666666666,20468,10354,4531,VCT,12.05,128917,Paper Rex,2,129537,Team Secret,0,128917,Paper Rex,0.6,82,4.0,0.0,34,6.0,0.0,1
1399218,FUT vs TL,finished,best_of,3,False,2026-04-17 15:07:11+00:00,2026-04-17 17:08:46+00:00,121.58333333333333,20435,10330,4531,VCT,12.05,128541,Team Liquid,0,128578,FUT Esports,2,128578,FUT Esports,0.6,61,7.0,0.8,52,6.0,0.5,0
1399219,PCFIC vs FNC,finished,best_of,3,False,2026-04-17 17:39:16+00:00,2026-04-17 19:18:29+00:00,99.21666666666667,20436,10330,4531,VCT,12.05,128537,Fnatic,2,134104,Pcific Esports,0,128537,Fnatic,0.6,72,8.0,0.0,5,9.0,,1
1411844,C9 vs NV,finished,best_of,3,False,2026-04-17 21:06:52+00:00,2026-04-17 23:44:40+00:00,157.8,20564,10410,4531,VCT,12.05,128470,Team Envy,2,128819,Cloud9,1,128470,Team Envy,0.2,6,5.0,0.4,42,5.0,0.0,1
1411845,FUR vs EG,finished,best_of,3,False,2026-04-18 00:07:30+00:00,2026-04-18 03:02:31+00:00,175.01666666666668,20565,10410,4531,VCT,12.05,128477,FURIA Esports,2,129181,Evil Geniuses,1,128477,FURIA Esports,0.6,32,5.0,0.4,35,6.0,0.0,1
1402229,KRX vs GE,finished,best_of,3,False,2026-04-18 08:05:58+00:00,2026-04-18 09:52:59+00:00,107.01666666666667,20468,10354,4531,VCT,12.05,129660,Global Esports,0,130137,Kiwoom DRX,2,130137,Kiwoom DRX,0.6,34,6.0,0.8,63,7.0,0.0,0
1399073,Qualification match 3: TYLOO vs DRG,finished,best_of,3,False,2026-04-18 09:10:54+00:00,2026-04-18 10:50:25+00:00,99.51666666666667,20432,10329,4531,VCT,,133279,Dragon Ranger Gaming,0,133288,TYLOO,2,133288,TYLOO,0.6,53,3.0,0.6,39,3.0,0.5,0
1402230,ZETA vs DFM,finished,best_of,3,False,2026-04-18 10:22:46+00:00,2026-04-18 12:52:20+00:00,149.56666666666666,20469,10354,4531,VCT,12.05,129326,ZETA DIVISION,1,131974,DetonatioN FocusMe,2,131974,DetonatioN FocusMe,0.2,33,6.0,0.2,36,8.0,0.0,0
1399072,Qualification match 2: JDG vs EDG,finished,best_of,3,False,2026-04-18 11:35:36+00:00,2026-04-18 14:21:08+00:00,165.53333333333333,20432,10329,4531,VCT,,128976,EDward Gaming,2,134454,JD Gaming,1,128976,EDward Gaming,0.8,77,2.0,0.6,38,4.0,1.0,1
1411848,G2 vs LEV,finished,best_of,3,False,2026-04-18 21:06:56+00:00,2026-04-19 00:09:42+00:00,182.76666666666668,20564,10410,4531,VCT,12.05,128538,G2 Esports,1,128990,Leviatán Esports,2,128990,Leviatán Esports,0.4,84,7.0,0.6,52,6.0,0.5714285714285714,0
1411849,MIBR vs LOUD,finished,best_of,3,False,2026-04-19 00:31:20+00:00,2026-04-19 02:04:37+00:00,93.28333333333333,20564,10410,4531,VCT,12.05,130190,MIBR,2,130338,LOUD,0,130190,MIBR,0.4,49,8.0,0.2,38,6.0,0.5,1
1402231,RRQ vs T1,finished,best_of,3,False,2026-04-19 08:05:08+00:00,2026-04-19 09:57:45+00:00,112.61666666666666,20469,10354,4531,VCT,12.07,128647,T1,2,130638,Rex Regum Qeon,0,128647,T1,0.6,62,8.0,0.4,49,7.0,0.6,1
1399074,Qualification match 4: TEC vs TE,finished,best_of,3,False,2026-04-19 09:09:22+00:00,2026-04-19 11:57:50+00:00,168.46666666666667,20432,10329,4531,VCT,,133380,Trace Esports,2,133825,TEC Esports,1,133380,Trace Esports,0.4,56,4.0,0.4,39,4.0,0.6666666666666666,1
1402232,NS vs Gen.G,finished,best_of,3,False,2026-04-19 10:27:18+00:00,2026-04-19 12:01:24+00:00,94.1,20468,10354,4531,VCT,12.07,128473,Gen.G Esports,0,132692,Nongshim RedForce,2,132692,Nongshim RedForce,0.4,70,6.0,0.6,29,8.0,0.0,0
1399071,Qualification match 1: AG vs XLG,finished,best_of,3,False,2026-04-19 12:39:35+00:00,2026-04-19 15:21:55+00:00,162.33333333333334,20432,10329,4531,VCT,,128974,All Gamers,1,135470,XLG Gaming,2,135470,XLG Gaming,0.6,41,4.0,1.0,38,3.0,0.2,0
1411846,NRG vs KRÜ,finished,best_of,3,False,2026-04-19 21:06:14+00:00,2026-04-19 22:56:32+00:00,110.3,20565,10410,4531,VCT,12.05,128471,NRG,0,128944,KRÜ Esports,2,128944,KRÜ Esports,0.4,52,6.0,0.2,43,8.0,0.6666666666666666,0
1411847,100T vs SEN,finished,best_of,3,False,2026-04-19 23:19:45+00:00,2026-04-20 01:50:25+00:00,150.66666666666666,20565,10410,4531,VCT,12.05,128472,Sentinels,2,128605,100 Thieves,0,128472,Sentinels,0.2,67,9.0,0.6,51,8.0,0.6666666666666666,1
1399220,EF vs PCFIC,finished,best_of,3,False,2026-04-22 15:07:06+00:00,2026-04-22 17:47:30+00:00,160.4,20436,10330,4531,VCT,12.05,129662,Eternal Fire,2,134104,Pcific Esports,1,129662,Eternal Fire,0.6,9,6.0,0.0,6,4.0,,1
1399224,NAVI vs TL,finished,best_of,3,False,2026-04-22 18:16:52+00:00,2026-04-22 21:01:40+00:00,164.8,20435,10330,4531,VCT,12.05,128541,Team Liquid,2,129355,Natus Vincere,1,128541,Team Liquid,0.4,62,5.0,0.2,44,7.0,0.5,1
1399222,GX vs FNC,finished,best_of,3,False,2026-04-23 15:07:14+00:00,2026-04-23 17:32:13+00:00,144.98333333333332,20436,10330,4531,VCT,12.05,128537,Fnatic,2,134423,GIANTX,1,128537,Fnatic,0.6,73,5.0,0.4,47,7.0,0.6666666666666666,1
1399223,KC vs FUT,finished,best_of,3,False,2026-04-23 18:01:27+00:00,2026-04-23 20:41:00+00:00,159.55,20435,10330,4531,VCT,12.07,128578,FUT Esports,2,130922,Karmine Corp,1,128578,FUT Esports,0.8,53,6.0,0.0,47,7.0,0.6666666666666666,1
1402233,RRQ vs FS,finished,best_of,3,False,2026-04-24 08:06:01+00:00,2026-04-24 10:37:53+00:00,151.86666666666667,20469,10354,4531,VCT,12.05,128912,FULL SENSE,1,130638,Rex Regum Qeon,2,130638,Rex Regum Qeon,0.6,8,7.0,0.4,50,5.0,,0
1402234,PR vs GE,finished,best_of,3,False,2026-04-24 11:08:27+00:00,2026-04-24 12:34:17+00:00,85.83333333333333,20468,10354,4531,VCT,12.05,128917,Paper Rex,2,129660,Global Esports,0,128917,Paper Rex,0.6,83,7.0,0.6,35,6.0,1.0,1
1399221,GM vs TH,finished,best_of,3,False,2026-04-24 15:07:25+00:00,2026-04-24 16:43:11+00:00,95.76666666666667,20435,10330,4531,VCT,12.05,128622,Team Heretics,2,133115,Gentle Mates,0,128622,Team Heretics,0.4,76,7.0,0.4,38,8.0,1.0,1
1399225,BBL vs VIT,finished,best_of,3,False,2026-04-24 17:12:52+00:00,2026-04-24 19:56:53+00:00,164.01666666666668,20436,10330,4531,VCT,12.05,128577,BBL Esports,2,128796,Team Vitality,1,128577,BBL Esports,0.4,44,9.0,0.6,55,8.0,0.6666666666666666,1
1411850,LEV vs NV,finished,best_of,3,False,2026-04-24 21:05:33+00:00,2026-04-24 22:18:02+00:00,72.48333333333333,20564,10410,4531,VCT,12.05,128470,Team Envy,0,128990,Leviatán Esports,2,128990,Leviatán Esports,0.4,7,6.0,0.8,53,5.0,,0
1411852,G2 vs LOUD,finished,best_of,3,False,2026-04-24 22:40:55+00:00,2026-04-25 00:34:35+00:00,113.66666666666667,20564,10410,4531,VCT,12.05,128538,G2 Esports,2,130338,LOUD,0,128538,G2 Esports,0.2,85,6.0,0.2,39,5.0,0.0,1
1402235,Gen.G vs KRX,finished,best_of,3,False,2026-04-25 08:06:27+00:00,2026-04-25 11:08:28+00:00,182.01666666666668,20468,10354,4531,VCT,12.05,128473,Gen.G Esports,1,130137,Kiwoom DRX,2,130137,Kiwoom DRX,0.4,71,5.0,0.8,64,7.0,0.625,0
1402236,DFM vs VARREL,finished,best_of,3,False,2026-04-25 11:36:21+00:00,2026-04-25 14:33:13+00:00,176.86666666666667,20469,10354,4531,VCT,12.05,131974,DetonatioN FocusMe,2,134426,VARREL,1,131974,DetonatioN FocusMe,0.2,37,7.0,0.0,6,8.0,,1
1411853,FUR vs KRÜ,finished,best_of,3,False,2026-04-25 21:05:20+00:00,2026-04-25 22:39:00+00:00,93.66666666666667,20565,10410,4531,VCT,12.05,128477,FURIA Esports,0,128944,KRÜ Esports,2,128944,KRÜ Esports,0.6,33,7.0,0.4,44,5.0,0.5,0
1411854,NRG vs 100T,finished,best_of,3,False,2026-04-25 23:02:50+00:00,2026-04-26 01:40:32+00:00,157.7,20565,10410,4531,VCT,12.05,128471,NRG,2,128605,100 Thieves,1,128471,NRG,0.2,53,6.0,0.6,52,5.0,0.5,1
1402237,T1 vs ZETA,finished,best_of,3,False,2026-04-26 08:05:37+00:00,2026-04-26 09:39:07+00:00,93.5,20469,10354,4531,VCT,12.05,128647,T1,2,129326,ZETA DIVISION,0,128647,T1,0.8,63,6.0,0.2,34,7.0,1.0,1
1402238,NS vs TS,finished,best_of,3,False,2026-04-26 10:07:43+00:00,2026-04-26 12:31:54+00:00,144.18333333333334,20468,10354,4531,VCT,12.05,129537,Team Secret,1,132692,Nongshim RedForce,2,132692,Nongshim RedForce,0.0,35,9.0,0.6,30,7.0,0.0,0
1411855,EG vs SEN,finished,best_of,3,False,2026-04-26 21:05:00+00:00,2026-04-26 23:00:19+00:00,115.31666666666666,20565,10410,4531,VCT,12.05,128472,Sentinels,2,129181,Evil Geniuses,0,128472,Sentinels,0.4,68,6.0,0.4,36,8.0,0.75,1
1411856,MIBR vs C9,finished,best_of,3,False,2026-04-26 23:23:10+00:00,2026-04-27 01:24:49+00:00,121.65,20564,10410,4531,VCT,12.05,128819,Cloud9,2,130190,MIBR,0,128819,Cloud9,0.2,43,9.0,0.4,50,7.0,0.4,1
1399226,TH vs FUT,finished,best_of,3,False,2026-04-29 15:06:37+00:00,2026-04-29 16:41:38+00:00,95.01666666666667,20435,10330,4531,VCT,12.05,128578,FUT Esports,0,128622,Team Heretics,2,128622,Team Heretics,0.8,54,5.0,0.4,77,4.0,0.0,0
1399230,VIT vs PCFIC,finished,best_of,3,False,2026-04-29 17:15:03+00:00,2026-04-29 18:52:53+00:00,97.83333333333333,20436,10330,4531,VCT,12.05,128796,Team Vitality,2,134104,Pcific Esports,0,128796,Team Vitality,0.4,56,4.0,0.0,7,7.0,,1
1399227,NAVI vs KC,finished,best_of,3,False,2026-04-30 15:06:56+00:00,2026-04-30 16:46:34+00:00,99.63333333333334,20435,10330,4531,VCT,12.05,129355,Natus Vincere,2,130922,Karmine Corp,0,129355,Natus Vincere,0.2,45,7.0,0.0,48,6.0,0.8,1
1399229,BBL vs FNC,finished,best_of,3,False,2026-04-30 17:17:27+00:00,2026-04-30 18:40:49+00:00,83.36666666666666,20436,10330,4531,VCT,12.05,128537,Fnatic,2,128577,BBL Esports,0,128537,Fnatic,0.8,74,7.0,0.4,45,5.0,0.25,1
1402239,Gen.G vs TS,finished,best_of,3,False,2026-05-01 08:05:19+00:00,2026-05-01 10:55:34+00:00,170.25,20468,10354,4531,VCT,12.05,128473,Gen.G Esports,1,129537,Team Secret,2,129537,Team Secret,0.2,72,5.0,0.0,36,4.0,0.6666666666666666,0
1445671,Upper bracket quarterfinal 1: XLG vs TEC,finished,best_of,3,False,2026-05-01 09:12:31+00:00,2026-05-01 10:55:58+00:00,103.45,20780,10329,4531,VCT,,133825,TEC Esports,0,135470,XLG Gaming,2,135470,XLG Gaming,0.4,40,11.0,1.0,39,11.0,,0
1402240,VARREL vs ZETA,finished,best_of,3,False,2026-05-01 11:25:24+00:00,2026-05-01 13:58:28+00:00,153.06666666666666,20469,10354,4531,VCT,12.05,129326,ZETA DIVISION,2,134426,VARREL,1,129326,ZETA DIVISION,0.0,35,5.0,0.0,7,5.0,,1
1445672,Upper bracket quarterfinal 2: JDG vs TYLOO,finished,best_of,3,False,2026-05-01 11:31:14+00:00,2026-05-01 14:08:09+00:00,156.91666666666666,20780,10329,4531,VCT,,133288,TYLOO,1,134454,JD Gaming,2,134454,JD Gaming,0.6,40,13.0,0.4,39,12.0,0.3333333333333333,0
1399232,GX vs EF,finished,best_of,3,False,2026-05-01 15:06:49+00:00,2026-05-01 16:42:19+00:00,95.5,20436,10330,4531,VCT,12.05,129662,Eternal Fire,2,134423,GIANTX,0,129662,Eternal Fire,0.6,10,8.0,0.4,48,7.0,,1
1399228,GM vs TL,finished,best_of,3,False,2026-05-01 17:12:52+00:00,2026-05-01 18:44:53+00:00,92.01666666666667,20435,10330,4531,VCT,12.05,128541,Team Liquid,2,133115,Gentle Mates,0,128541,Team Liquid,0.6,63,8.0,0.4,39,7.0,0.3333333333333333,1
1411857,EG vs NRG,finished,best_of,3,False,2026-05-01 21:06:51+00:00,2026-05-01 22:53:04+00:00,106.21666666666667,20565,10410,4531,VCT,12.05,128471,NRG,2,129181,Evil Geniuses,0,128471,NRG,0.2,54,5.0,0.2,37,4.0,0.0,1
1411858,LEV vs MIBR,finished,best_of,3,False,2026-05-01 23:22:31+00:00,2026-05-02 01:08:03+00:00,105.53333333333333,20564,10410,4531,VCT,12.05,128990,Leviatán Esports,0,130190,MIBR,2,130190,MIBR,0.8,54,7.0,0.4,51,4.0,0.5,0
1445673,Upper bracket quarterfinal 3: AG vs TE,finished,best_of,3,False,2026-05-02 09:08:56+00:00,2026-05-02 10:45:58+00:00,97.03333333333333,20780,10329,4531,VCT,,128974,All Gamers,2,133380,Trace Esports,0,128974,All Gamers,0.4,42,12.0,0.4,57,12.0,0.0,1
1402241,T1 vs FS,finished,best_of,3,False,2026-05-02 08:05:34+00:00,2026-05-02 10:46:03+00:00,160.48333333333332,20469,10354,4531,VCT,12.05,128647,T1,2,128912,FULL SENSE,1,128647,T1,0.8,64,6.0,0.6,9,8.0,,1
1445674,Upper bracket quarterfinal 4: EDG vs DRG,finished,best_of,3,False,2026-05-02 11:24:53+00:00,2026-05-02 13:51:07+00:00,146.23333333333332,20780,10329,4531,VCT,,128976,EDward Gaming,2,133279,Dragon Ranger Gaming,1,128976,EDward Gaming,0.8,78,13.0,0.6,54,14.0,0.7777777777777778,1
1402242,NS vs GE,finished,best_of,3,False,2026-05-02 11:19:13+00:00,2026-05-02 14:03:09+00:00,163.93333333333334,20468,10354,4531,VCT,12.05,129660,Global Esports,2,132692,Nongshim RedForce,1,129660,Global Esports,0.4,36,8.0,0.6,31,6.0,0.0,1
1411859,KRÜ vs 100T,finished,best_of,3,False,2026-05-02 21:05:07+00:00,2026-05-02 23:35:32+00:00,150.41666666666666,20565,10410,4531,VCT,12.05,128605,100 Thieves,2,128944,KRÜ Esports,1,128605,100 Thieves,0.4,53,6.0,0.6,45,7.0,0.25,1
1411860,FUR vs SEN,finished,best_of,3,False,2026-05-03 00:01:22+00:00,2026-05-03 02:25:07+00:00,143.75,20565,10410,4531,VCT,12.05,128472,Sentinels,1,128477,FURIA Esports,2,128477,FURIA Esports,0.4,69,6.0,0.4,34,7.0,0.6666666666666666,0
1402243,PR vs KRX,finished,best_of,3,False,2026-05-03 08:05:36+00:00,2026-05-03 09:26:22+00:00,80.76666666666667,20468,10354,4531,VCT,12.05,128917,Paper Rex,2,130137,Kiwoom DRX,0,128917,Paper Rex,0.6,84,8.0,0.8,65,7.0,0.5714285714285714,1
1445684,Lower bracket round 1 match 1: TEC vs TYLOO,finished,best_of,3,False,2026-05-03 09:06:33+00:00,2026-05-03 12:01:11+00:00,174.63333333333333,20780,10329,4531,VCT,,133288,TYLOO,2,133825,TEC Esports,1,133288,TYLOO,0.4,41,1.0,0.4,41,2.0,0.6666666666666666,1
1402244,RRQ vs DFM,finished,best_of,3,False,2026-05-03 09:58:31+00:00,2026-05-03 12:45:43+00:00,167.2,20469,10354,4531,VCT,12.05,130638,Rex Regum Qeon,2,131974,DetonatioN FocusMe,1,130638,Rex Regum Qeon,0.6,51,9.0,0.4,38,7.0,1.0,1
1445685,Lower bracket round 1 match 2: TE vs DRG,finished,best_of,3,False,2026-05-03 12:40:04+00:00,2026-05-03 14:10:19+00:00,90.25,20780,10329,4531,VCT,,133279,Dragon Ranger Gaming,2,133380,Trace Esports,0,133279,Dragon Ranger Gaming,0.4,55,1.0,0.4,58,1.0,0.75,1
1411861,LOUD vs C9,finished,best_of,3,False,2026-05-03 21:05:00+00:00,2026-05-03 23:36:58+00:00,151.96666666666667,20564,10410,4531,VCT,12.05,128819,Cloud9,1,130338,LOUD,2,130338,LOUD,0.4,44,6.0,0.2,40,8.0,1.0,0
1411862,G2 vs NV,finished,best_of,3,False,2026-05-04 00:04:58+00:00,2026-05-04 01:25:41+00:00,80.71666666666667,20564,10410,4531,VCT,12.05,128470,Team Envy,0,128538,G2 Esports,2,128538,G2 Esports,0.2,8,9.0,0.4,86,9.0,,0
1445675,Upper bracket semifinal 1: XLG vs JDG,finished,best_of,3,False,2026-05-04 09:06:40+00:00,2026-05-04 10:26:06+00:00,79.43333333333334,20780,10329,4531,VCT,,134454,JD Gaming,0,135470,XLG Gaming,2,135470,XLG Gaming,0.6,40,2.0,1.0,40,2.0,0.0,0
1445676,Upper bracket semifinal 2: AG vs EDG,finished,best_of,3,False,2026-05-04 11:14:38+00:00,2026-05-04 12:48:45+00:00,94.11666666666666,20780,10329,4531,VCT,,128974,All Gamers,0,128976,EDward Gaming,2,128976,EDward Gaming,0.6,43,2.0,0.8,79,1.0,0.0,0
1445683,Lower bracket quarterfinal 2: DRG vs JDG,finished,best_of,3,False,2026-05-05 09:08:12+00:00,2026-05-05 10:42:19+00:00,94.11666666666666,20780,10329,4531,VCT,,133279,Dragon Ranger Gaming,2,134454,JD Gaming,0,133279,Dragon Ranger Gaming,0.4,56,1.0,0.6,41,1.0,1.0,1
1445682,Lower bracket quarterfinal 1: TYLOO vs AG,finished,best_of,3,False,2026-05-05 11:19:55+00:00,2026-05-05 14:09:38+00:00,169.71666666666667,20780,10329,4531,VCT,,128974,All Gamers,2,133288,TYLOO,1,128974,All Gamers,0.4,44,1.0,0.6,42,2.0,0.3333333333333333,1
1475177,Upper bracket round 1 match 1: RRQ vs GE,finished,best_of,3,False,2026-05-07 08:10:36+00:00,2026-05-07 10:06:49+00:00,116.21666666666667,20936,10354,4531,VCT,12.05,129660,Global Esports,2,130638,Rex Regum Qeon,0,129660,Global Esports,0.6,37,4.0,0.8,52,3.0,1.0,1
1475178,Upper bracket round 1 match 2: KRX vs FS,finished,best_of,3,False,2026-05-07 10:35:48+00:00,2026-05-07 12:20:34+00:00,104.76666666666667,20936,10354,4531,VCT,12.05,128912,FULL SENSE,2,130137,Kiwoom DRX,0,128912,FULL SENSE,0.6,10,5.0,0.8,66,4.0,0.5,1
1411905,Upper bracket round 1 match 1: EF vs TH,finished,best_of,3,False,2026-05-07 15:10:25+00:00,2026-05-07 17:26:12+00:00,135.78333333333333,20569,10330,4531,VCT,12.05,128622,Team Heretics,1,129662,Eternal Fire,2,129662,Eternal Fire,0.6,78,8.0,0.8,11,6.0,,0
1411906,Upper bracket round 1 match 2: TL vs VIT,finished,best_of,3,False,2026-05-07 17:57:24+00:00,2026-05-07 20:42:57+00:00,165.55,20569,10330,4531,VCT,12.05,128541,Team Liquid,1,128796,Team Vitality,2,128796,Team Vitality,0.8,64,6.0,0.4,57,8.0,0.25,0
1475179,Upper bracket semifinal 1: PR vs GE,finished,best_of,3,False,2026-05-08 08:07:51+00:00,2026-05-08 10:29:45+00:00,141.9,20936,10354,4531,VCT,12.05,128917,Paper Rex,1,129660,Global Esports,2,129660,Global Esports,0.8,85,5.0,0.6,38,1.0,1.0,0
1445677,Upper bracket final: XLG vs EDG,finished,best_of,3,False,2026-05-08 09:07:18+00:00,2026-05-08 10:47:57+00:00,100.65,20780,10329,4531,VCT,,128976,EDward Gaming,2,135470,XLG Gaming,0,128976,EDward Gaming,0.8,80,3.0,1.0,41,4.0,0.4,1
1475180,Upper bracket semifinal 2: T1 vs FS,finished,best_of,3,False,2026-05-08 11:11:50+00:00,2026-05-08 13:03:32+00:00,111.7,20936,10354,4531,VCT,12.05,128647,T1,0,128912,FULL SENSE,2,128912,FULL SENSE,1.0,65,6.0,0.6,11,1.0,1.0,0
1445681,Lower bracket semifinal: AG vs DRG,finished,best_of,3,False,2026-05-08 11:25:10+00:00,2026-05-08 14:05:12+00:00,160.03333333333333,20780,10329,4531,VCT,,128974,All Gamers,1,133279,Dragon Ranger Gaming,2,133279,Dragon Ranger Gaming,0.6,45,2.0,0.6,57,3.0,0.5,0
1411907,Upper bracket semifinal 1: FUT vs EF,finished,best_of,3,False,2026-05-08 15:06:57+00:00,2026-05-08 17:27:05+00:00,140.13333333333333,20569,10330,4531,VCT,12.05,128578,FUT Esports,2,129662,Eternal Fire,1,128578,FUT Esports,0.8,55,9.0,1.0,12,1.0,,1
1411908,Upper bracket semifinal 2: FNC vs VIT,finished,best_of,3,False,2026-05-08 17:58:25+00:00,2026-05-08 19:48:38+00:00,110.21666666666667,20569,10330,4531,VCT,12.05,128537,Fnatic,0,128796,Team Vitality,2,128796,Team Vitality,1.0,75,8.0,0.4,58,0.0,1.0,0
1411863,KRÜ vs EG,finished,best_of,3,False,2026-05-08 21:07:53+00:00,2026-05-09 00:01:09+00:00,173.26666666666668,20565,10410,4531,VCT,12.05,128944,KRÜ Esports,2,129181,Evil Geniuses,1,128944,KRÜ Esports,0.6,46,6.0,0.0,38,7.0,0.3333333333333333,1
1411864,FUR vs 100T,finished,best_of,3,False,2026-05-09 00:20:02+00:00,2026-05-09 03:04:11+00:00,164.15,20565,10410,4531,VCT,12.05,128477,FURIA Esports,1,128605,100 Thieves,2,128605,100 Thieves,0.6,35,6.0,0.4,54,6.0,1.0,0
1475181,Lower bracket round 1 match 1: RRQ vs DFM,finished,best_of,3,False,2026-05-09 08:06:02+00:00,2026-05-09 10:58:01+00:00,171.98333333333332,20936,10354,4531,VCT,12.05,130638,Rex Regum Qeon,2,131974,DetonatioN FocusMe,1,130638,Rex Regum Qeon,0.6,53,2.0,0.4,39,5.0,1.0,1
1445680,Lower bracket final: XLG vs DRG,finished,best_of,5,False,2026-05-09 09:07:31+00:00,2026-05-09 12:36:29+00:00,208.96666666666667,20780,10329,4531,VCT,,133279,Dragon Ranger Gaming,1,135470,XLG Gaming,3,135470,XLG Gaming,0.6,58,0.0,0.8,42,1.0,0.6666666666666666,0
1475182,Lower bracket round 1 match 2: KRX vs NS,finished,best_of,3,False,2026-05-09 11:30:06+00:00,2026-05-09 14:08:09+00:00,158.05,20936,10354,4531,VCT,12.05,130137,Kiwoom DRX,2,132692,Nongshim RedForce,1,130137,Kiwoom DRX,0.6,67,2.0,0.4,32,7.0,1.0,1
1411915,Lower bracket round 1 match 1: TH vs BBL,finished,best_of,3,False,2026-05-09 15:09:50+00:00,2026-05-09 17:02:10+00:00,112.33333333333333,20569,10330,4531,VCT,12.05,128577,BBL Esports,0,128622,Team Heretics,2,128622,Team Heretics,0.4,46,8.0,0.6,79,1.0,0.4,0
1411916,Lower bracket round 1 match 2: TL vs GM,finished,best_of,3,False,2026-05-09 17:36:36+00:00,2026-05-09 20:19:46+00:00,163.16666666666666,20569,10330,4531,VCT,12.05,128541,Team Liquid,1,133115,Gentle Mates,2,133115,Gentle Mates,0.6,65,1.0,0.4,40,8.0,0.5,0
1411865,G2 vs C9,finished,best_of,3,False,2026-05-09 21:07:25+00:00,2026-05-09 22:55:36+00:00,108.18333333333334,20564,10410,4531,VCT,12.05,128538,G2 Esports,2,128819,Cloud9,0,128538,G2 Esports,0.4,87,5.0,0.2,45,5.0,1.0,1
1411866,NV vs MIBR,finished,best_of,3,False,2026-05-09 23:16:19+00:00,2026-05-10 00:27:29+00:00,71.16666666666667,20564,10410,4531,VCT,12.05,128470,Team Envy,2,130190,MIBR,0,128470,Team Envy,0.2,9,5.0,0.6,52,7.0,0.0,1
1475208,Lower bracket quarterfinal 1: T1 vs RRQ,finished,best_of,3,False,2026-05-10 08:05:43+00:00,2026-05-10 10:48:00+00:00,162.28333333333333,20936,10354,4531,VCT,12.05,128647,T1,2,130638,Rex Regum Qeon,1,128647,T1,0.8,66,1.0,0.6,54,0.0,0.6666666666666666,1
1475242,Lower bracket quarterfinal 2: PR vs KRX,finished,best_of,3,False,2026-05-10 11:28:24+00:00,2026-05-10 13:45:31+00:00,137.11666666666667,20936,10354,4531,VCT,12.05,128917,Paper Rex,2,130137,Kiwoom DRX,1,128917,Paper Rex,0.6,86,2.0,0.6,68,0.0,0.625,1
1445679,Grand final: EDG vs XLG,finished,best_of,5,False,2026-05-10 09:27:48+00:00,2026-05-10 14:00:37+00:00,272.81666666666666,20780,10329,4531,VCT,,128976,EDward Gaming,3,135470,XLG Gaming,2,128976,EDward Gaming,0.8,81,2.0,0.8,43,1.0,0.5,1
1411913,Lower bracket quarterfinal 1: FNC vs TH,finished,best_of,3,False,2026-05-10 15:08:08+00:00,2026-05-10 18:08:52+00:00,180.73333333333332,20569,10330,4531,VCT,12.05,128537,Fnatic,1,128622,Team Heretics,2,128622,Team Heretics,0.8,76,1.0,0.8,80,1.0,0.42857142857142855,0
1411914,Lower bracket quarterfinal 2: EF vs GM,finished,best_of,3,False,2026-05-10 18:38:08+00:00,2026-05-10 20:09:52+00:00,91.73333333333333,20569,10330,4531,VCT,12.05,129662,Eternal Fire,2,133115,Gentle Mates,0,129662,Eternal Fire,0.8,13,2.0,0.6,41,0.0,,1
1411867,LOUD vs LEV,finished,best_of,3,False,2026-05-10 21:08:42+00:00,2026-05-10 23:49:57+00:00,161.25,20564,10410,4531,VCT,12.05,128990,Leviatán Esports,1,130338,LOUD,2,130338,LOUD,0.6,55,8.0,0.4,41,7.0,0.3333333333333333,0
1411868,SEN vs NRG,finished,best_of,3,False,2026-05-11 00:12:54+00:00,2026-05-11 03:54:01+00:00,221.11666666666667,20565,10410,4531,VCT,12.05,128471,NRG,2,128472,Sentinels,1,128471,NRG,0.4,55,9.0,0.4,70,8.0,0.3333333333333333,1
1411869,Upper bracket quarterfinal 1: FUR vs LEV,finished,best_of,3,False,2026-05-14 21:08:49+00:00,2026-05-14 23:29:19+00:00,140.5,20566,10410,4531,VCT,12.05,128477,FURIA Esports,1,128990,Leviatán Esports,2,128990,Leviatán Esports,0.6,36,5.0,0.6,56,3.0,0.0,0
1411870,Upper bracket quarterfinal 2: G2 vs 100T,finished,best_of,3,False,2026-05-14 23:54:52+00:00,2026-05-15 01:26:49+00:00,91.95,20566,10410,4531,VCT,12.05,128538,G2 Esports,2,128605,100 Thieves,0,128538,G2 Esports,0.6,88,5.0,0.6,55,5.0,0.5714285714285714,1
1480498,Upper bracket final: GE vs FS,finished,best_of,3,False,2026-05-15 10:08:25+00:00,2026-05-15 11:50:57+00:00,102.53333333333333,20936,10354,4531,VCT,12.05,128912,FULL SENSE,2,129660,Global Esports,0,128912,FULL SENSE,0.6,12,6.0,0.6,39,7.0,,1
1480497,Lower bracket semifinal: T1 vs PR,finished,best_of,3,False,2026-05-15 12:41:45+00:00,2026-05-15 15:28:05+00:00,166.33333333333334,20936,10354,4531,VCT,12.05,128647,T1,1,128917,Paper Rex,2,128917,Paper Rex,0.8,67,5.0,0.8,87,5.0,0.25,0
1411909,Upper bracket final: FUT vs VIT,finished,best_of,3,False,2026-05-15 15:08:45+00:00,2026-05-15 18:26:16+00:00,197.51666666666668,20569,10330,4531,VCT,12.05,128578,FUT Esports,1,128796,Team Vitality,2,128796,Team Vitality,0.8,56,7.0,0.6,59,6.0,0.25,0
1411912,Lower bracket semifinal: TH vs EF,finished,best_of,3,False,2026-05-15 18:57:30+00:00,2026-05-15 21:41:50+00:00,164.33333333333334,20569,10330,4531,VCT,12.05,128622,Team Heretics,2,129662,Eternal Fire,1,128622,Team Heretics,0.8,81,5.0,0.8,14,5.0,0.0,1
1411871,Upper bracket semifinal 1: MIBR vs LEV,finished,best_of,3,False,2026-05-15 21:08:12+00:00,2026-05-15 23:43:37+00:00,155.41666666666666,20566,10410,4531,VCT,12.05,128990,Leviatán Esports,2,130190,MIBR,1,128990,Leviatán Esports,0.6,57,1.0,0.6,53,5.0,0.4,1
1411872,Upper bracket semifinal 2: KRÜ vs G2,finished,best_of,3,False,2026-05-16 00:10:13+00:00,2026-05-16 02:03:16+00:00,113.05,20566,10410,4531,VCT,12.05,128538,G2 Esports,2,128944,KRÜ Esports,0,128538,G2 Esports,0.8,89,1.0,0.8,47,7.0,1.0,1
1480499,Lower bracket final: GE vs PR,finished,best_of,5,False,2026-05-16 10:08:55+00:00,2026-05-16 12:43:58+00:00,155.05,20936,10354,4531,VCT,12.05,128917,Paper Rex,3,129660,Global Esports,0,128917,Paper Rex,0.8,88,0.0,0.6,40,1.0,0.8333333333333334,1
1411911,Lower bracket final: FUT vs TH,finished,best_of,5,False,2026-05-16 16:09:30+00:00,2026-05-16 19:29:55+00:00,200.41666666666666,20569,10330,4531,VCT,12.05,128578,FUT Esports,1,128622,Team Heretics,3,128622,Team Heretics,0.6,57,1.0,0.8,82,0.0,0.0,0
1411874,Lower bracket round 1 match 1: FUR vs NRG,finished,best_of,3,False,2026-05-16 21:07:35+00:00,2026-05-16 22:47:39+00:00,100.06666666666666,20566,10410,4531,VCT,12.05,128471,NRG,2,128477,FURIA Esports,0,128471,NRG,0.6,56,5.0,0.4,37,1.0,0.75,1
1411875,Lower bracket round 1 match 2: 100T vs LOUD,finished,best_of,3,False,2026-05-16 23:22:07+00:00,2026-05-17 00:49:11+00:00,87.06666666666666,20566,10410,4531,VCT,12.05,128605,100 Thieves,2,130338,LOUD,0,128605,100 Thieves,0.4,56,1.0,0.6,42,6.0,0.8,1
1480500,Grand final: FS vs PR,finished,best_of,5,False,2026-05-17 10:14:09+00:00,2026-05-17 13:00:23+00:00,166.23333333333332,20936,10354,4531,VCT,12.05,128912,FULL SENSE,0,128917,Paper Rex,3,128917,Paper Rex,0.6,13,2.0,0.8,89,1.0,,0
1411910,Grand final: VIT vs TH,finished,best_of,5,False,2026-05-17 16:11:16+00:00,2026-05-17 21:39:16+00:00,328.0,20569,10330,4531,VCT,12.05,128622,Team Heretics,3,128796,Team Vitality,2,128622,Team Heretics,0.8,83,1.0,0.8,60,2.0,0.3333333333333333,1
1411876,Lower bracket quarterfinal 1: KRÜ vs NRG,finished,best_of,3,False,2026-05-17 21:07:49+00:00,2026-05-17 22:36:57+00:00,89.13333333333334,20566,10410,4531,VCT,12.05,128471,NRG,2,128944,KRÜ Esports,0,128471,NRG,0.8,57,0.0,0.6,48,1.0,0.5,1
1411877,Lower bracket quarterfinal 2: MIBR vs 100T,finished,best_of,3,False,2026-05-17 23:03:12+00:00,2026-05-18 00:47:42+00:00,104.5,20566,10410,4531,VCT,12.05,128605,100 Thieves,2,130190,MIBR,0,128605,100 Thieves,0.6,57,0.0,0.4,54,2.0,0.5,1
1493646,UCAM vs QE,finished,best_of,3,False,2026-05-18 15:08:32+00:00,2026-05-18 17:01:05+00:00,112.55,21020,10612,4947,VCL,12.05,129100,UCAM Esports Club,2,136040,AlQadsiah Esports,0,129100,UCAM Esports Club,0.6,12,50.0,,0,,,1
1493640,BJK vs NAVI.J,finished,best_of,3,False,2026-05-18 15:10:02+00:00,2026-05-18 18:12:17+00:00,182.25,21018,10612,4947,VCL,12.05,128669,Beşiktaş Esports,2,138429,NAVI Junior,1,128669,Beşiktaş Esports,0.3333333333333333,3,84.0,,0,,,1
1493938,JL vs GLS,finished,best_of,3,False,2026-05-18 17:39:24+00:00,2026-05-18 19:18:44+00:00,99.33333333333333,21021,10612,4947,VCL,12.05,132476,Joblife,2,137812,Ghools Esports,0,132476,Joblife,0.2,7,57.0,,0,,,1
1493643,RBN vs EP,finished,best_of,3,False,2026-05-18 18:41:40+00:00,2026-05-18 20:43:41+00:00,122.01666666666667,21019,10612,4947,VCL,12.05,130973,Enterprise Esports,0,138449, REBORN,2,138449, REBORN,1.0,18,50.0,,0,,,0
1493644,FKS vs RBN,finished,best_of,3,False,2026-05-19 15:04:34+00:00,2026-05-19 17:46:52+00:00,162.3,21019,10612,4947,VCL,12.05,130400,FOKUS,1,138449, REBORN,2,138449, REBORN,0.4,13,58.0,1.0,1,0.0,,0
1493647,MIR vs WIP,finished,best_of,3,False,2026-05-19 15:04:52+00:00,2026-05-19 17:55:11+00:00,170.31666666666666,21020,10612,4947,VCL,12.05,136677,MIR,1,137160,WIP Esports,2,137160,WIP Esports,0.0,3,57.0,,0,,,0
1493939,TL.A vs BAR,finished,best_of,3,False,2026-05-19 18:14:39+00:00,2026-05-19 19:47:08+00:00,92.48333333333333,21021,10612,4947,VCL,12.05,134124,Barça eSports,0,136328,Team Liquid Academy,2,136328,Team Liquid Academy,0.0,2,58.0,0.5,4,59.0,,0
1493641,NAVI.J vs CGN,finished,best_of,3,False,2026-05-19 18:09:11+00:00,2026-05-19 21:09:31+00:00,180.33333333333334,21018,10612,4947,VCL,12.05,130398,CGN Esports,1,138429,NAVI Junior,2,138429,NAVI Junior,0.5,4,364.0,0.0,1,1.0,,0
1493645,FKS vs EP,finished,best_of,3,False,2026-05-20 15:05:28+00:00,2026-05-20 16:56:57+00:00,111.48333333333333,21019,10612,4947,VCL,12.05,130400,FOKUS,2,130973,Enterprise Esports,0,130400,FOKUS,0.2,14,0.0,0.8,19,1.0,0.0,1
1493944,GLS vs BAR,finished,best_of,3,False,2026-05-20 15:08:35+00:00,2026-05-20 18:12:43+00:00,184.13333333333333,21021,10612,4947,VCL,12.05,134124,Barça eSports,1,137812,Ghools Esports,2,137812,Ghools Esports,0.0,3,0.0,0.0,1,1.0,,0
1493648,UCAM vs MIR,finished,best_of,3,False,2026-05-20 18:31:47+00:00,2026-05-20 20:12:00+00:00,100.21666666666667,21020,10612,4947,VCL,12.05,129100,UCAM Esports Club,2,136677,MIR,0,129100,UCAM Esports Club,0.6,13,2.0,0.0,4,1.0,,1
1493642,BJK vs CGN,finished,best_of,3,False,2026-05-20 17:21:29+00:00,2026-05-20 20:27:53+00:00,186.4,21018,10612,4947,VCL,12.05,128669,Beşiktaş Esports,1,130398,CGN Esports,2,130398,CGN Esports,0.5,4,2.0,0.4,5,0.0,,0
1493650,UCAM vs WIP,finished,best_of,3,False,2026-05-21 15:39:25+00:00,2026-05-21 17:22:18+00:00,102.88333333333334,21020,10612,4947,VCL,12.05,129100,UCAM Esports Club,2,137160,WIP Esports,0,129100,UCAM Esports Club,0.6,14,0.0,1.0,1,1.0,,1
1493649,MIR vs QE,finished,best_of,3,False,2026-05-21 15:03:51+00:00,2026-05-21 18:05:38+00:00,181.78333333333333,21020,10612,4947,VCL,12.05,136040,AlQadsiah Esports,1,136677,MIR,2,136677,MIR,0.0,1,3.0,0.0,5,0.0,,0
1493946,JL vs BAR,finished,best_of,3,False,2026-05-21 17:42:59+00:00,2026-05-21 19:06:03+00:00,83.06666666666666,21021,10612,4947,VCL,12.05,132476,Joblife,2,134124,Barça eSports,0,132476,Joblife,0.4,8,2.0,0.0,4,1.0,,1
1493945,TL.A vs GLS,finished,best_of,3,False,2026-05-21 18:24:40+00:00,2026-05-21 19:57:10+00:00,92.5,21021,10612,4947,VCL,12.05,136328,Team Liquid Academy,2,137812,Ghools Esports,0,136328,Team Liquid Academy,0.6,5,2.0,0.5,2,1.0,,1
1493947,JL vs TL.A,finished,best_of,3,False,2026-05-22 15:05:44+00:00,2026-05-22 16:49:32+00:00,103.8,21021,10612,4947,VCL,12.05,132476,Joblife,2,136328,Team Liquid Academy,0,132476,Joblife,0.4,9,0.0,0.6,6,0.0,,1
1493651,QE vs WIP,finished,best_of,3,False,2026-05-22 17:11:05+00:00,2026-05-22 18:58:39+00:00,107.56666666666666,21020,10612,4947,VCL,12.05,136040,AlQadsiah Esports,2,137160,WIP Esports,0,136040,AlQadsiah Esports,0.0,2,1.0,0.5,2,1.0,,1
1411873,Upper bracket final: LEV vs G2,finished,best_of,3,False,2026-05-22 21:08:25+00:00,2026-05-22 23:40:57+00:00,152.53333333333333,20566,10410,4531,VCT,12.05,128538,G2 Esports,1,128990,Leviatán Esports,2,128990,Leviatán Esports,1.0,90,6.0,0.6,58,6.0,0.5,0
1411878,Lower bracket semifinal: NRG vs 100T,finished,best_of,3,False,2026-05-23 00:08:08+00:00,2026-05-23 02:00:07+00:00,111.98333333333333,20566,10410,4531,VCT,12.05,128471,NRG,2,128605,100 Thieves,0,128471,NRG,1.0,58,5.0,0.8,58,5.0,0.5714285714285714,1
1411879,Lower bracket final: G2 vs NRG,finished,best_of,5,False,2026-05-23 21:06:56+00:00,2026-05-24 02:23:52+00:00,316.93333333333334,20566,10410,4531,VCT,12.05,128471,NRG,2,128538,G2 Esports,3,128538,G2 Esports,1.0,59,1.0,0.8,91,1.0,0.0,0
1411880,Grand final: LEV vs G2,finished,best_of,5,False,2026-05-24 21:11:08+00:00,2026-05-25 02:35:02+00:00,323.9,20566,10410,4531,VCT,12.05,128538,G2 Esports,3,128990,Leviatán Esports,2,128538,G2 Esports,0.8,92,1.0,0.6,59,2.0,0.4444444444444444,1
1493948,Upper bracket quarterfinal 1: RBN vs NAVI.J,finished,best_of,3,False,2026-05-25 15:07:33+00:00,2026-05-25 16:53:43+00:00,106.16666666666667,21022,10612,4947,VCL,12.05,138429,NAVI Junior,2,138449, REBORN,0,138429,NAVI Junior,0.5,2,5.0,1.0,2,5.0,,1
1493949,Upper bracket quarterfinal 2: JL vs UCAM,finished,best_of,3,False,2026-05-25 17:19:50+00:00,2026-05-25 19:09:45+00:00,109.91666666666667,21022,10612,4947,VCL,12.05,129100,UCAM Esports Club,2,132476,Joblife,0,129100,UCAM Esports Club,0.6,15,4.0,0.6,10,3.0,1.0,1
1493952,Lower bracket semifinal: RBN vs JL,finished,best_of,3,False,2026-05-26 15:07:44+00:00,2026-05-26 16:30:42+00:00,82.96666666666667,21022,10612,4947,VCL,12.05,132476,Joblife,0,138449, REBORN,2,138449, REBORN,0.6,11,0.0,0.6666666666666666,3,0.0,,0
1493950,Upper bracket final: NAVI.J vs UCAM,finished,best_of,3,False,2026-05-26 17:10:39+00:00,2026-05-26 18:53:11+00:00,102.53333333333333,21022,10612,4947,VCL,12.05,129100,UCAM Esports Club,0,138429,NAVI Junior,2,138429,NAVI Junior,0.8,16,0.0,0.6666666666666666,3,1.0,,0
1493953,Lower bracket final: UCAM vs RBN,finished,best_of,5,False,2026-05-27 15:06:16+00:00,2026-05-27 17:09:53+00:00,123.61666666666666,21022,10612,4947,VCL,12.05,129100,UCAM Esports Club,0,138449, REBORN,3,138449, REBORN,0.8,17,0.0,0.75,4,1.0,,0
1493951,Grand final: NAVI.J vs RBN,finished,best_of,5,False,2026-05-28 15:06:19+00:00,2026-05-28 18:43:00+00:00,216.68333333333334,21022,10612,4947,VCL,12.05,138429,NAVI Junior,1,138449, REBORN,3,138449, REBORN,0.75,4,1.0,0.8,5,1.0,1.0,0
1510127,Round 1: XLG vs NRG,finished,best_of,3,False,2026-06-06 14:11:24+00:00,2026-06-06 16:05:51+00:00,114.45,21119,10648,4531,VCT,12.05,128471,NRG,2,135470,XLG Gaming,0,128471,NRG,0.8,60,13.0,0.6,44,27.0,1.0,1
1510128,Round 1: VIT vs DRG,finished,best_of,3,False,2026-06-06 16:33:53+00:00,2026-06-06 18:14:43+00:00,100.83333333333333,21119,10648,4531,VCT,12.05,128796,Team Vitality,2,133279,Dragon Ranger Gaming,0,128796,Team Vitality,0.8,61,19.0,0.6,59,28.0,,1
1510129,Round 1: FS vs FUT,finished,best_of,3,False,2026-06-07 14:08:55+00:00,2026-06-07 15:35:32+00:00,86.61666666666666,21119,10648,4531,VCT,12.05,128578,FUT Esports,2,128912,FULL SENSE,0,128578,FUT Esports,0.4,58,21.0,0.6,14,21.0,,1
1510130,Round 1: LEV vs GE,finished,best_of,3,False,2026-06-07 16:03:15+00:00,2026-06-07 18:40:10+00:00,156.91666666666666,21119,10648,4531,VCT,12.05,128990,Leviatán Esports,2,129660,Global Esports,1,128990,Leviatán Esports,0.6,60,13.0,0.6,41,22.0,,1
1510131,Round 2: VIT vs FUT,finished,best_of,3,False,2026-06-08 14:09:08+00:00,2026-06-08 16:46:37+00:00,157.48333333333332,21119,10648,4531,VCT,12.05,128578,FUT Esports,1,128796,Team Vitality,2,128796,Team Vitality,0.4,59,1.0,0.8,62,1.0,0.2,0
1510132,Round 2: NRG vs LEV,finished,best_of,3,False,2026-06-08 17:16:54+00:00,2026-06-08 19:49:19+00:00,152.41666666666666,21119,10648,4531,VCT,12.05,128471,NRG,1,128990,Leviatán Esports,2,128990,Leviatán Esports,0.8,61,2.0,0.8,61,1.0,0.75,0
1510133,Round 2: DRG vs XLG,finished,best_of,3,False,2026-06-09 14:09:19+00:00,2026-06-09 16:52:10+00:00,162.85,21119,10648,4531,VCT,12.10,133279,Dragon Ranger Gaming,1,135470,XLG Gaming,2,135470,XLG Gaming,0.6,60,2.0,0.4,45,3.0,0.5,0
1510134,Round 2: GE vs FS,finished,best_of,3,False,2026-06-09 17:20:02+00:00,2026-06-09 19:54:49+00:00,154.78333333333333,21119,10648,4531,VCT,12.10,128912,FULL SENSE,1,129660,Global Esports,2,129660,Global Esports,0.6,15,2.0,0.4,42,2.0,1.0,0
1510135,Round 3: FUT vs NRG,finished,best_of,3,False,2026-06-10 14:06:32+00:00,2026-06-10 17:13:43+00:00,187.18333333333334,21119,10648,4531,VCT,12.05,128471,NRG,1,128578,FUT Esports,2,128578,FUT Esports,0.6,62,1.0,0.4,60,2.0,,0
1510136,Round 3: GE vs XLG,finished,best_of,3,False,2026-06-10 17:38:24+00:00,2026-06-10 20:25:20+00:00,166.93333333333334,21119,10648,4531,VCT,12.05,129660,Global Esports,1,135470,XLG Gaming,2,135470,XLG Gaming,0.4,43,1.0,0.4,46,1.0,,0
1510137,Upper bracket quarterfinal 3: PR vs LEV,finished,best_of,3,False,2026-06-12 14:06:40+00:00,2026-06-12 15:35:03+00:00,88.38333333333334,21120,10648,4531,VCT,12.05,128917,Paper Rex,2,128990,Leviatán Esports,0,128917,Paper Rex,0.8,90,26.0,0.8,62,3.0,,1
1510140,Upper bracket quarterfinal 4: TH vs VIT,finished,best_of,3,False,2026-06-12 16:05:14+00:00,2026-06-12 17:41:51+00:00,96.61666666666666,21120,10648,4531,VCT,12.05,128622,Team Heretics,0,128796,Team Vitality,2,128796,Team Vitality,1.0,84,25.0,0.8,63,4.0,0.42857142857142855,0
1510139,Upper bracket quarterfinal 2: EDG vs FUT,finished,best_of,3,False,2026-06-13 14:09:13+00:00,2026-06-13 16:31:36+00:00,142.38333333333333,21120,10648,4531,VCT,12.05,128578,FUT Esports,1,128976,EDward Gaming,2,128976,EDward Gaming,0.4,61,2.0,1.0,82,34.0,0.0,0
1510138,Upper bracket quarterfinal 1: G2 vs XLG,finished,best_of,3,False,2026-06-13 17:01:15+00:00,2026-06-13 19:44:12+00:00,162.95,21120,10648,4531,VCT,12.10,128538,G2 Esports,1,135470,XLG Gaming,2,135470,XLG Gaming,0.8,93,19.0,0.6,47,2.0,1.0,0
1510150,Lower bracket round 1 match 2: LEV vs TH,finished,best_of,3,False,2026-06-14 14:10:47+00:00,2026-06-14 16:32:47+00:00,142.0,21120,10648,4531,VCT,12.05,128622,Team Heretics,1,128990,Leviatán Esports,2,128990,Leviatán Esports,0.8,85,1.0,0.6,63,2.0,0.5,0
1510149,Lower bracket round 1 match 1: G2 vs FUT,finished,best_of,3,False,2026-06-14 17:02:20+00:00,2026-06-14 19:15:24+00:00,133.06666666666666,21120,10648,4531,VCT,12.05,128538,G2 Esports,0,128578,FUT Esports,2,128578,FUT Esports,0.6,94,0.0,0.4,62,1.0,,0
1510141,Upper bracket semifinal 1: XLG vs EDG,finished,best_of,3,False,2026-06-15 14:07:56+00:00,2026-06-15 16:47:33+00:00,159.61666666666667,21120,10648,4531,VCT,12.10,128976,EDward Gaming,2,135470,XLG Gaming,1,128976,EDward Gaming,1.0,83,2.0,0.6,48,1.0,0.5714285714285714,1
1510142,Upper bracket semifinal 2: PR vs VIT,finished,best_of,3,False,2026-06-15 17:17:32+00:00,2026-06-15 19:38:03+00:00,140.51666666666668,21120,10648,4531,VCT,12.05,128796,Team Vitality,1,128917,Paper Rex,2,128917,Paper Rex,0.8,64,3.0,1.0,91,3.0,,0
1510148,Lower bracket quarterfinal 2: XLG vs LEV,finished,best_of,3,False,2026-06-16 14:08:36+00:00,2026-06-16 15:34:23+00:00,85.78333333333333,21120,10648,4531,VCT,12.10,128990,Leviatán Esports,2,135470,XLG Gaming,0,128990,Leviatán Esports,0.6,64,1.0,0.6,49,0.0,,1
1510147,Lower bracket quarterfinal 1: VIT vs FUT,finished,best_of,3,False,2026-06-16 16:04:31+00:00,2026-06-16 17:31:44+00:00,87.21666666666667,21120,10648,4531,VCT,12.10,128578,FUT Esports,0,128796,Team Vitality,2,128796,Team Vitality,0.6,63,1.0,0.6,65,0.0,0.16666666666666666,0
1510143,Upper bracket final: EDG vs PR,finished,best_of,3,False,2026-06-19 13:07:53+00:00,2026-06-19 16:02:54+00:00,175.01666666666668,21120,10648,4531,VCT,12.05,128917,Paper Rex,2,128976,EDward Gaming,1,128917,Paper Rex,1.0,92,3.0,1.0,84,3.0,0.3333333333333333,1
1510146,Lower bracket semifinal: VIT vs LEV,finished,best_of,3,False,2026-06-19 16:35:15+00:00,2026-06-19 18:08:57+00:00,93.7,21120,10648,4531,VCT,12.05,128796,Team Vitality,0,128990,Leviatán Esports,2,128990,Leviatán Esports,0.8,66,3.0,0.8,65,3.0,0.0,0
1510145,Lower bracket final: EDG vs LEV,finished,best_of,5,False,2026-06-20 13:08:43+00:00,2026-06-20 15:42:26+00:00,153.71666666666667,21120,10648,4531,VCT,12.10,128976,EDward Gaming,0,128990,Leviatán Esports,3,128990,Leviatán Esports,0.8,85,0.0,0.8,66,0.0,1.0,0
1510144,Grand final: PR vs LEV,finished,best_of,5,False,2026-06-21 14:32:58+00:00,2026-06-21 18:45:42+00:00,252.73333333333332,21120,10648,4531,VCT,12.05,128917,Paper Rex,2,128990,Leviatán Esports,3,128990,Leviatán Esports,1.0,93,2.0,0.8,67,1.0,1.0,0
1562269,WOL vs TEC,finished,best_of,3,False,2026-07-09 08:09:31+00:00,2026-07-09 09:53:26+00:00,103.91666666666667,21326,10747,4531,VCT,12.05,133825,TEC Esports,0,134335,Wolves Esports,2,134335,Wolves Esports,0.2,42,66.0,0.0,46,83.0,0.6666666666666666,0
1562270,DRG vs BLG,finished,best_of,3,False,2026-07-09 10:29:07+00:00,2026-07-09 12:31:01+00:00,121.9,21326,10747,4531,VCT,,133279,Dragon Ranger Gaming,2,133379,Bilibili Gaming,0,133279,Dragon Ranger Gaming,0.4,61,29.0,0.4,59,84.0,0.25,1
1562271,FPX vs TE,finished,best_of,3,False,2026-07-10 08:11:32+00:00,2026-07-10 09:45:04+00:00,93.53333333333333,21325,10747,4531,VCT,,128540,FunPlus Phoenix,2,133380,Trace Esports,0,128540,FunPlus Phoenix,0.4,50,85.0,0.4,59,67.0,0.6,1
1562272,JDG vs TYLOO,finished,best_of,3,False,2026-07-10 10:25:27+00:00,2026-07-10 12:09:55+00:00,104.46666666666667,21325,10747,4531,VCT,,133288,TYLOO,2,134454,JD Gaming,0,133288,TYLOO,0.4,43,65.0,0.4,42,66.0,0.25,1
1562273,DRG vs TEC,finished,best_of,3,False,2026-07-11 08:06:35+00:00,2026-07-11 11:04:07+00:00,177.53333333333333,21326,10747,4531,VCT,,133279,Dragon Ranger Gaming,2,133825,TEC Esports,1,133279,Dragon Ranger Gaming,0.4,62,1.0,0.2,43,2.0,0.75,1
1562274,BLG vs WOL,finished,best_of,3,False,2026-07-11 11:42:28+00:00,2026-07-11 14:14:12+00:00,151.73333333333332,21326,10747,4531,VCT,,133379,Bilibili Gaming,2,134335,Wolves Esports,1,133379,Bilibili Gaming,0.4,60,2.0,0.2,47,2.0,0.5714285714285714,1
1562275,NOVA vs FPX,finished,best_of,3,False,2026-07-12 08:09:02+00:00,2026-07-12 09:45:37+00:00,96.58333333333333,21325,10747,4531,VCT,,128540,FunPlus Phoenix,0,133287,Nova Esports,2,133287,Nova Esports,0.6,51,2.0,0.2,38,86.0,0.75,0
1562276,TYLOO vs TE,finished,best_of,3,False,2026-07-12 10:23:39+00:00,2026-07-12 11:50:15+00:00,86.6,21325,10747,4531,VCT,,133288,TYLOO,2,133380,Trace Esports,0,133288,TYLOO,0.6,44,1.0,0.2,60,2.0,0.5,1
1562277,WOL vs AG,finished,best_of,3,False,2026-07-14 09:06:25+00:00,2026-07-14 10:47:27+00:00,101.03333333333333,21326,10747,4531,VCT,,128974,All Gamers,2,134335,Wolves Esports,0,128974,All Gamers,0.4,46,66.0,0.2,48,2.0,0.3333333333333333,1
1562278,XLG vs TEC,finished,best_of,3,False,2026-07-14 11:23:40+00:00,2026-07-14 14:25:23+00:00,181.71666666666667,21326,10747,4531,VCT,,133825,TEC Esports,2,135470,XLG Gaming,1,133825,TEC Esports,0.0,44,3.0,0.6,50,27.0,0.0,1
1562279,JDG vs FPX,finished,best_of,3,False,2026-07-15 09:10:10+00:00,2026-07-15 10:58:51+00:00,108.68333333333334,21325,10747,4531,VCT,,128540,FunPlus Phoenix,2,134454,JD Gaming,0,128540,FunPlus Phoenix,0.4,52,3.0,0.2,43,4.0,0.3333333333333333,1
1562280,EDG vs TYLOO,finished,best_of,3,False,2026-07-15 11:42:17+00:00,2026-07-15 14:00:57+00:00,138.66666666666666,21325,10747,4531,VCT,,128976,EDward Gaming,1,133288,TYLOO,2,133288,TYLOO,0.6,86,24.0,0.6,45,3.0,1.0,0
1579628,FUT vs NAVI,finished,best_of,3,False,2026-07-15 15:07:58+00:00,2026-07-15 16:47:49+00:00,99.85,21404,10775,4531,VCT,12.05,128578,FUT Esports,0,129355,Natus Vincere,2,129355,Natus Vincere,0.4,64,28.0,0.4,46,76.0,1.0,0
1579648,TL vs EF,finished,best_of,3,False,2026-07-15 17:20:57+00:00,2026-07-15 18:44:33+00:00,83.6,21405,10775,4531,VCT,12.05,128541,Team Liquid,0,129662,Eternal Fire,2,129662,Eternal Fire,0.4,66,66.0,0.6,15,60.0,,0
1561465,Gen.G vs ZETA,finished,best_of,3,False,2026-07-16 08:08:27+00:00,2026-07-16 10:31:53+00:00,143.43333333333334,21321,10745,4531,VCT,12.05,128473,Gen.G Esports,2,129326,ZETA DIVISION,0,128473,Gen.G Esports,0.2,73,75.0,0.2,36,75.0,1.0,1
1562281,AG vs BLG,finished,best_of,3,False,2026-07-16 09:07:24+00:00,2026-07-16 12:10:02+00:00,182.63333333333333,21326,10747,4531,VCT,,128974,All Gamers,1,133379,Bilibili Gaming,2,133379,Bilibili Gaming,0.6,47,2.0,0.4,61,4.0,0.75,0
1561466,TS vs VARREL,finished,best_of,3,False,2026-07-16 11:03:58+00:00,2026-07-16 13:59:29+00:00,175.51666666666668,21322,10745,4531,VCT,13.00,129537,Team Secret,1,134426,VARREL,2,134426,VARREL,0.2,37,76.0,0.0,8,76.0,,0
1562282,XLG vs DRG,finished,best_of,3,False,2026-07-16 12:46:12+00:00,2026-07-16 14:28:13+00:00,102.01666666666667,21326,10747,4531,VCT,,133279,Dragon Ranger Gaming,0,135470,XLG Gaming,2,135470,XLG Gaming,0.4,63,5.0,0.4,51,2.0,0.4,0
1579650,FNC vs GX,finished,best_of,3,False,2026-07-16 15:05:27+00:00,2026-07-16 17:09:55+00:00,124.46666666666667,21405,10775,4531,VCT,12.05,128537,Fnatic,2,134423,GIANTX,0,128537,Fnatic,0.6,77,66.0,0.4,49,76.0,0.75,1
1579629,PCFIC vs M8,finished,best_of,3,False,2026-07-16 17:36:22+00:00,2026-07-16 19:54:37+00:00,138.25,21404,10775,4531,VCT,12.05,133115,Gentle Mates,2,134104,Pcific Esports,1,133115,Gentle Mates,0.4,42,66.0,0.0,8,78.0,,1
1561506,LEV vs FUR,finished,best_of,3,False,2026-07-16 21:09:35+00:00,2026-07-16 23:54:21+00:00,164.76666666666668,21323,10746,4531,VCT,12.05,128477,FURIA Esports,1,128990,Leviatán Esports,2,128990,Leviatán Esports,0.2,38,61.0,1.0,68,25.0,0.0,0
1561507,SEN vs C9,finished,best_of,3,False,2026-07-17 00:21:35+00:00,2026-07-17 03:27:17+00:00,185.7,21324,10746,4531,VCT,13.00,128472,Sentinels,2,128819,Cloud9,1,128472,Sentinels,0.4,71,66.0,0.2,46,68.0,1.0,1
1562283,NOVA vs JDG,finished,best_of,3,False,2026-07-17 07:07:07+00:00,2026-07-17 09:35:14+00:00,148.11666666666667,21325,10747,4531,VCT,,133287,Nova Esports,2,134454,JD Gaming,1,133287,Nova Esports,0.4,39,4.0,0.2,44,1.0,1.0,1
1561467,FS vs NS,finished,best_of,3,False,2026-07-17 08:05:37+00:00,2026-07-17 10:36:11+00:00,150.56666666666666,21321,10745,4531,VCT,12.05,128912,FULL SENSE,2,132692,Nongshim RedForce,1,128912,FULL SENSE,0.4,16,37.0,0.4,33,68.0,0.0,1
1562284,TYLOO vs FPX,finished,best_of,3,False,2026-07-17 10:15:25+00:00,2026-07-17 13:03:28+00:00,168.05,21325,10747,4531,VCT,,128540,FunPlus Phoenix,1,133288,TYLOO,2,133288,TYLOO,0.4,53,2.0,0.8,46,1.0,0.5,0
1561468,KRX vs DFM,finished,best_of,3,False,2026-07-17 11:06:37+00:00,2026-07-17 13:29:11+00:00,142.56666666666666,21322,10745,4531,VCT,13.01,130137,Kiwoom DRX,2,131974,DetonatioN FocusMe,1,130137,Kiwoom DRX,0.4,69,67.0,0.4,40,69.0,1.0,1
1562285,TE vs EDG,finished,best_of,3,False,2026-07-17 13:40:33+00:00,2026-07-17 15:16:52+00:00,96.31666666666666,21325,10747,4531,VCT,,128976,EDward Gaming,2,133380,Trace Esports,0,128976,EDward Gaming,0.4,87,2.0,0.2,61,5.0,0.7777777777777778,1
1579651,KC vs EF,finished,best_of,3,False,2026-07-17 15:07:07+00:00,2026-07-17 17:01:15+00:00,114.13333333333334,21405,10775,4531,VCT,13.01,129662,Eternal Fire,0,130922,Karmine Corp,2,130922,Karmine Corp,0.6,16,1.0,0.0,49,78.0,,0
1579630,VIT vs NAVI,finished,best_of,3,False,2026-07-17 17:27:30+00:00,2026-07-17 20:13:05+00:00,165.58333333333334,21404,10775,4531,VCT,12.05,128796,Team Vitality,2,129355,Natus Vincere,1,128796,Team Vitality,0.6,67,28.0,0.4,47,2.0,0.25,1
1561508,NV vs EG,finished,best_of,3,False,2026-07-17 21:07:24+00:00,2026-07-17 22:52:38+00:00,105.23333333333333,21323,10746,4531,VCT,12.05,128470,Team Envy,0,129181,Evil Geniuses,2,129181,Evil Geniuses,0.4,10,68.0,0.0,39,69.0,0.5,0
1561509,KRÜ vs LOUD,finished,best_of,3,False,2026-07-17 23:23:13+00:00,2026-07-18 02:24:03+00:00,180.83333333333334,21324,10746,4531,VCT,12.05,128944,KRÜ Esports,1,130338,LOUD,2,130338,LOUD,0.4,49,61.0,0.4,43,62.0,0.8,0
1561469,RRQ vs GE,finished,best_of,3,False,2026-07-18 08:05:21+00:00,2026-07-18 10:05:06+00:00,119.75,21321,10745,4531,VCT,13.00,129660,Global Esports,2,130638,Rex Regum Qeon,0,129660,Global Esports,0.2,44,37.0,0.6,55,68.0,1.0,1
1562286,TEC vs BLG,finished,best_of,3,False,2026-07-18 09:33:06+00:00,2026-07-18 12:24:11+00:00,171.08333333333334,21326,10747,4531,VCT,,133379,Bilibili Gaming,2,133825,TEC Esports,1,133379,Bilibili Gaming,0.6,62,2.0,0.2,45,3.0,0.5,1
1561470,PR vs T1,finished,best_of,3,False,2026-07-18 10:35:25+00:00,2026-07-18 14:06:07+00:00,210.7,21322,10745,4531,VCT,13.00,128647,T1,2,128917,Paper Rex,1,128647,T1,0.6,68,63.0,0.8,94,26.0,0.2222222222222222,1
1562287,AG vs XLG,finished,best_of,3,False,2026-07-18 13:03:45+00:00,2026-07-18 15:03:42+00:00,119.95,21326,10747,4531,VCT,,128974,All Gamers,0,135470,XLG Gaming,2,135470,XLG Gaming,0.4,48,2.0,0.4,52,2.0,0.16666666666666666,0
1579631,M8 vs FUT,finished,best_of,3,False,2026-07-18 15:06:58+00:00,2026-07-18 16:57:35+00:00,110.61666666666666,21404,10775,4531,VCT,12.05,128578,FUT Esports,2,133115,Gentle Mates,0,128578,FUT Esports,0.4,65,3.0,0.4,43,1.0,0.8,1
1579657,TH vs TL,finished,best_of,3,False,2026-07-18 17:25:42+00:00,2026-07-18 19:22:21+00:00,116.65,21405,10775,4531,VCT,13.01,128541,Team Liquid,2,128622,Team Heretics,0,128541,Team Liquid,0.4,67,3.0,0.6,86,34.0,0.6,1
1561510,G2 vs 100T,finished,best_of,3,False,2026-07-18 21:08:33+00:00,2026-07-19 00:06:11+00:00,177.63333333333333,21324,10746,4531,VCT,13.01,128538,G2 Esports,1,128605,100 Thieves,2,128605,100 Thieves,0.4,95,34.0,0.6,59,56.0,0.625,0
1561511,NRG vs MIBR,finished,best_of,3,False,2026-07-19 00:30:00+00:00,2026-07-19 03:15:36+00:00,165.6,21323,10746,4531,VCT,13.00,128471,NRG,2,130190,MIBR,1,128471,NRG,0.4,63,38.0,0.2,55,62.0,0.6666666666666666,1
1562288,TE vs NOVA,finished,best_of,3,False,2026-07-19 07:06:12+00:00,2026-07-19 09:52:44+00:00,166.53333333333333,21325,10747,4531,VCT,,133287,Nova Esports,2,133380,Trace Esports,1,133287,Nova Esports,0.6,40,2.0,0.0,62,1.0,0.0,1
1561471,NS vs Gen.G,finished,best_of,3,False,2026-07-19 08:05:23+00:00,2026-07-19 10:33:24+00:00,148.01666666666668,21321,10745,4531,VCT,13.00,128473,Gen.G Esports,2,132692,Nongshim RedForce,1,128473,Gen.G Esports,0.4,74,3.0,0.4,34,1.0,0.0,1
1561472,KRX vs TS,finished,best_of,3,False,2026-07-19 11:00:49+00:00,2026-07-19 12:30:59+00:00,90.16666666666667,21322,10745,4531,VCT,13.00,129537,Team Secret,2,130137,Kiwoom DRX,0,129537,Team Secret,0.2,38,2.0,0.4,70,1.0,0.0,1
1562289,DRG vs WOL,finished,best_of,3,False,2026-07-19 10:30:14+00:00,2026-07-19 13:16:51+00:00,166.61666666666667,21326,10747,4531,VCT,,133279,Dragon Ranger Gaming,1,134335,Wolves Esports,2,134335,Wolves Esports,0.4,64,2.0,0.2,49,5.0,0.3333333333333333,0
1562290,EDG vs JDG,finished,best_of,3,False,2026-07-19 13:55:20+00:00,2026-07-19 15:30:36+00:00,95.26666666666667,21325,10747,4531,VCT,,128976,EDward Gaming,2,134454,JD Gaming,0,128976,EDward Gaming,0.4,88,2.0,0.0,45,2.0,1.0,1
1579658,GX vs KC,finished,best_of,3,False,2026-07-19 14:12:46+00:00,2026-07-19 15:43:36+00:00,90.83333333333333,21405,10775,4531,VCT,13.01,130922,Karmine Corp,2,134423,GIANTX,0,130922,Karmine Corp,0.2,50,1.0,0.4,50,2.0,0.6666666666666666,1
1579632,VIT vs BBL,finished,best_of,3,False,2026-07-19 16:09:37+00:00,2026-07-19 18:10:59+00:00,121.36666666666666,21404,10775,4531,VCT,13.01,128577,BBL Esports,2,128796,Team Vitality,0,128577,BBL Esports,0.2,47,71.0,0.6,68,1.0,0.75,1
1562291,TEC vs AG,finished,best_of,3,False,2026-07-20 09:07:28+00:00,2026-07-20 10:53:57+00:00,106.48333333333333,21326,10747,4531,VCT,,128974,All Gamers,2,133825,TEC Esports,0,128974,All Gamers,0.4,49,1.0,0.2,46,1.0,1.0,1
1562292,BLG vs XLG,finished,best_of,3,False,2026-07-20 11:36:52+00:00,2026-07-20 14:08:25+00:00,151.55,21326,10747,4531,VCT,,133379,Bilibili Gaming,2,135470,XLG Gaming,1,133379,Bilibili Gaming,0.6,63,2.0,0.4,53,1.0,0.5,1
1562293,JDG vs TE,finished,best_of,3,False,2026-07-21 09:05:55+00:00,2026-07-21 10:50:52+00:00,104.95,21325,10747,4531,VCT,,133380,Trace Esports,0,134454,JD Gaming,2,134454,JD Gaming,0.0,63,2.0,0.0,46,1.0,0.75,0
1562294,EDG vs NOVA,finished,best_of,3,False,2026-07-21 11:24:59+00:00,2026-07-21 13:12:37+00:00,107.63333333333334,21325,10747,4531,VCT,,128976,EDward Gaming,0,133287,Nova Esports,2,133287,Nova Esports,0.4,89,1.0,0.8,41,2.0,0.75,0
1562295,XLG vs WOL,finished,best_of,3,False,2026-07-22 09:08:54+00:00,2026-07-22 11:58:09+00:00,169.25,21326,10747,4531,VCT,,134335,Wolves Esports,1,135470,XLG Gaming,2,135470,XLG Gaming,0.4,50,2.0,0.4,54,1.0,0.0,0
1562296,AG vs DRG,finished,best_of,3,False,2026-07-22 12:34:05+00:00,2026-07-22 15:17:08+00:00,163.05,21326,10747,4531,VCT,,128974,All Gamers,2,133279,Dragon Ranger Gaming,1,128974,All Gamers,0.4,50,2.0,0.4,65,3.0,0.4,1
1579633,FUT vs PCFIC,finished,best_of,3,False,2026-07-22 15:05:26+00:00,2026-07-22 17:47:30+00:00,162.06666666666666,21404,10775,4531,VCT,13.01,128578,FUT Esports,2,134104,Pcific Esports,1,128578,FUT Esports,0.4,66,4.0,0.0,9,5.0,,1
1579660,FNC vs KC,finished,best_of,3,False,2026-07-22 18:14:25+00:00,2026-07-22 21:52:56+00:00,218.51666666666668,21405,10775,4531,VCT,13.01,128537,Fnatic,2,130922,Karmine Corp,1,128537,Fnatic,0.6,78,6.0,0.4,51,3.0,0.8333333333333334,1
1561473,GE vs FS,finished,best_of,3,False,2026-07-23 08:04:59+00:00,2026-07-23 09:36:48+00:00,91.81666666666666,21321,10745,4531,VCT,13.00,128912,FULL SENSE,0,129660,Global Esports,2,129660,Global Esports,0.4,17,5.0,0.4,45,4.0,0.5,0
1562297,TYLOO vs NOVA,finished,best_of,3,False,2026-07-23 09:07:47+00:00,2026-07-23 11:05:55+00:00,118.13333333333334,21325,10747,4531,VCT,,133287,Nova Esports,2,133288,TYLOO,0,133287,Nova Esports,1.0,42,1.0,0.8,47,5.0,0.5,1
1561474,T1 vs VARREL,finished,best_of,3,False,2026-07-23 10:04:51+00:00,2026-07-23 11:55:12+00:00,110.35,21322,10745,4531,VCT,13.00,128647,T1,0,134426,VARREL,2,134426,VARREL,0.6,69,4.0,0.2,9,6.0,1.0,0
1562298,FPX vs EDG,finished,best_of,3,False,2026-07-23 11:43:04+00:00,2026-07-23 14:15:27+00:00,152.38333333333333,21325,10747,4531,VCT,,128540,FunPlus Phoenix,1,128976,EDward Gaming,2,128976,EDward Gaming,0.4,54,6.0,0.4,90,2.0,0.3333333333333333,0
1579667,EF vs TH,finished,best_of,3,False,2026-07-23 15:12:08+00:00,2026-07-23 16:51:57+00:00,99.81666666666666,21405,10775,4531,VCT,13.00,128622,Team Heretics,2,129662,Eternal Fire,0,128622,Team Heretics,0.4,87,4.0,0.4,17,5.0,0.5,1
1579634,M8 vs NAVI,finished,best_of,3,False,2026-07-23 17:20:06+00:00,2026-07-23 19:16:14+00:00,116.13333333333334,21404,10775,4531,VCT,13.00,129355,Natus Vincere,0,133115,Gentle Mates,2,133115,Gentle Mates,0.4,48,5.0,0.4,44,5.0,0.3333333333333333,0
1561512,EG vs LEV,finished,best_of,3,False,2026-07-23 21:05:55+00:00,2026-07-23 22:39:04+00:00,93.15,21323,10746,4531,VCT,12.05,128990,Leviatán Esports,2,129181,Evil Geniuses,0,128990,Leviatán Esports,1.0,69,6.0,0.2,40,5.0,1.0,1
1561513,NV vs MIBR,finished,best_of,3,False,2026-07-23 23:01:50+00:00,2026-07-24 00:20:31+00:00,78.68333333333334,21323,10746,4531,VCT,12.05,128470,Team Envy,0,130190,MIBR,2,130190,MIBR,0.4,11,6.0,0.2,56,4.0,0.5,0
1561475,RRQ vs ZETA,finished,best_of,3,False,2026-07-24 08:07:14+00:00,2026-07-24 09:39:21+00:00,92.11666666666666,21321,10745,4531,VCT,12.05,129326,ZETA DIVISION,2,130638,Rex Regum Qeon,0,129326,ZETA DIVISION,0.2,37,7.0,0.4,56,5.0,0.0,1
1562304,Seeding match 6: TE vs TEC,finished,best_of,3,False,2026-07-24 09:07:43+00:00,2026-07-24 11:10:10+00:00,122.45,21327,10747,4531,VCT,,133380,Trace Esports,2,133825,TEC Esports,0,133380,Trace Esports,0.0,64,3.0,0.2,47,4.0,0.75,1
1561476,DFM vs PR,finished,best_of,3,False,2026-07-24 10:08:04+00:00,2026-07-24 12:35:25+00:00,147.35,21322,10745,4531,VCT,13.01,128917,Paper Rex,2,131974,DetonatioN FocusMe,0,128917,Paper Rex,0.6,95,5.0,0.4,41,6.0,0.8,1
1562301,Seeding match 3: EDG vs AG,finished,best_of,3,False,2026-07-24 11:45:27+00:00,2026-07-24 13:23:53+00:00,98.43333333333334,21327,10747,4531,VCT,,128974,All Gamers,0,128976,EDward Gaming,2,128976,EDward Gaming,0.6,51,1.0,0.6,91,0.0,0.0,0
1579635,FUT vs BBL,finished,best_of,3,False,2026-07-24 15:05:17+00:00,2026-07-24 17:52:34+00:00,167.28333333333333,21404,10775,4531,VCT,12.05,128577,BBL Esports,1,128578,FUT Esports,2,128578,FUT Esports,0.4,48,4.0,0.6,67,2.0,0.75,0
1579668,TL vs FNC,finished,best_of,3,False,2026-07-24 18:21:51+00:00,2026-07-24 19:51:54+00:00,90.05,21405,10775,4531,VCT,13.00,128537,Fnatic,0,128541,Team Liquid,2,128541,Team Liquid,0.6,79,1.0,0.4,68,6.0,0.6666666666666666,0
1561514,FUR vs NRG,finished,best_of,3,False,2026-07-24 21:04:57+00:00,2026-07-24 23:08:14+00:00,123.28333333333333,21323,10746,4531,VCT,13.00,128471,NRG,2,128477,FURIA Esports,0,128471,NRG,0.4,64,5.0,0.2,39,7.0,0.8,1
1561515,100T vs KRÜ,finished,best_of,3,False,2026-07-24 23:33:34+00:00,2026-07-25 01:03:48+00:00,90.23333333333333,21324,10746,4531,VCT,12.05,128605,100 Thieves,2,128944,KRÜ Esports,0,128605,100 Thieves,0.6,60,6.0,0.2,50,6.0,0.4,1
1561477,NS vs GE,finished,best_of,3,False,2026-07-25 08:05:08+00:00,2026-07-25 10:19:34+00:00,134.43333333333334,21321,10745,4531,VCT,13.00,129660,Global Esports,1,132692,Nongshim RedForce,2,132692,Nongshim RedForce,0.6,46,2.0,0.2,35,5.0,0.5,0
1561478,TS vs T1,finished,best_of,3,False,2026-07-25 10:50:14+00:00,2026-07-25 12:11:53+00:00,81.65,21322,10745,4531,VCT,13.00,128647,T1,2,129537,Team Secret,0,128647,T1,0.4,70,2.0,0.4,39,5.0,0.6666666666666666,1
1562303,Seeding match 5: JDG vs DRG,finished,best_of,3,False,2026-07-25 09:05:20+00:00,2026-07-25 12:12:44+00:00,187.4,21327,10747,4531,VCT,,133279,Dragon Ranger Gaming,2,134454,JD Gaming,1,133279,Dragon Ranger Gaming,0.4,66,2.0,0.2,47,4.0,1.0,1
1562300,Seeding match 2: TYLOO vs XLG,finished,best_of,3,False,2026-07-25 12:50:34+00:00,2026-07-25 14:37:01+00:00,106.45,21327,10747,4531,VCT,,133288,TYLOO,0,135470,XLG Gaming,2,135470,XLG Gaming,0.8,48,2.0,0.6,55,3.0,,0
1579636,PCFIC vs VIT,finished,best_of,3,False,2026-07-25 15:07:22+00:00,2026-07-25 16:38:42+00:00,91.33333333333333,21404,10775,4531,VCT,12.05,128796,Team Vitality,2,134104,Pcific Esports,0,128796,Team Vitality,0.4,69,5.0,0.0,10,2.0,1.0,1
1579669,EF vs GX,finished,best_of,3,False,2026-07-25 17:05:01+00:00,2026-07-25 18:46:22+00:00,101.35,21405,10775,4531,VCT,12.05,129662,Eternal Fire,0,134423,GIANTX,2,134423,GIANTX,0.4,18,2.0,0.2,51,6.0,1.0,0
1561516,G2 vs C9,finished,best_of,3,False,2026-07-25 21:06:59+00:00,2026-07-25 22:30:36+00:00,83.61666666666666,21324,10746,4531,VCT,12.05,128538,G2 Esports,2,128819,Cloud9,0,128538,G2 Esports,0.4,96,6.0,0.2,47,8.0,1.0,1
1561517,SEN vs LOUD,finished,best_of,3,False,2026-07-25 22:57:38+00:00,2026-07-26 00:39:15+00:00,101.61666666666666,21324,10746,4531,VCT,12.05,128472,Sentinels,2,130338,LOUD,0,128472,Sentinels,0.6,72,8.0,0.6,44,7.0,0.6666666666666666,1
1561479,PR vs KRX,finished,best_of,3,False,2026-07-26 08:05:16+00:00,2026-07-26 09:22:38+00:00,77.36666666666666,21322,10745,4531,VCT,13.00,128917,Paper Rex,2,130137,Kiwoom DRX,0,128917,Paper Rex,0.6,96,1.0,0.4,71,6.0,0.6666666666666666,1
1562302,Seeding match 4: FPX vs WOL,finished,best_of,3,False,2026-07-26 09:10:19+00:00,2026-07-26 11:02:50+00:00,112.51666666666667,21327,10747,4531,VCT,,128540,FunPlus Phoenix,2,134335,Wolves Esports,0,128540,FunPlus Phoenix,0.4,55,2.0,0.4,51,3.0,1.0,1
1561480,Gen.G vs RRQ,finished,best_of,3,False,2026-07-26 09:49:50+00:00,2026-07-26 12:39:35+00:00,169.75,21321,10745,4531,VCT,13.00,128473,Gen.G Esports,2,130638,Rex Regum Qeon,1,128473,Gen.G Esports,0.4,75,7.0,0.2,57,2.0,0.5555555555555556,1
1562299,Seeding match 1: NOVA vs BLG,finished,best_of,3,False,2026-07-26 11:41:26+00:00,2026-07-26 13:17:02+00:00,95.6,21327,10747,4531,VCT,,133287,Nova Esports,2,133379,Bilibili Gaming,0,133287,Nova Esports,1.0,43,3.0,0.8,64,5.0,0.0,1
1579637,BBL vs NAVI,finished,best_of,3,False,2026-07-26 15:05:31+00:00,2026-07-26 17:48:04+00:00,162.55,21404,10775,4531,VCT,13.01,128577,BBL Esports,2,129355,Natus Vincere,1,128577,BBL Esports,0.4,49,1.0,0.4,49,2.0,0.6666666666666666,1
1579670,TH vs KC,finished,best_of,3,False,2026-07-26 18:15:58+00:00,2026-07-26 19:38:51+00:00,82.88333333333334,21405,10775,4531,VCT,13.01,128622,Team Heretics,0,130922,Karmine Corp,2,130922,Karmine Corp,0.4,88,3.0,0.4,52,3.0,0.8,0
1561518,NV vs LEV,finished,best_of,3,False,2026-07-26 21:04:28+00:00,2026-07-26 22:38:25+00:00,93.95,21323,10746,4531,VCT,13.01,128470,Team Envy,0,128990,Leviatán Esports,2,128990,Leviatán Esports,0.2,12,2.0,1.0,70,2.0,0.0,0
1561519,FUR vs MIBR,finished,best_of,3,False,2026-07-26 23:01:22+00:00,2026-07-27 00:59:06+00:00,117.73333333333333,21323,10746,4531,VCT,12.05,128477,FURIA Esports,0,130190,MIBR,2,130190,MIBR,0.0,40,2.0,0.2,57,3.0,0.5,0
1579671,GX vs TL,finished,best_of,3,False,2026-07-29 15:04:21+00:00,2026-07-29 16:49:57+00:00,105.6,21405,10775,4531,VCT,13.02,128541,Team Liquid,2,134423,GIANTX,0,128541,Team Liquid,0.4,69,4.0,0.2,52,3.0,1.0,1
1579638,M8 vs VIT,finished,best_of,3,False,2026-07-29 17:16:06+00:00,2026-07-29 20:17:36+00:00,181.5,21404,10775,4531,VCT,12.05,128796,Team Vitality,2,133115,Gentle Mates,1,128796,Team Vitality,0.6,70,4.0,0.6,45,6.0,0.75,1
1561481,VARREL vs DFM,finished,best_of,3,False,2026-07-30 08:05:42+00:00,2026-07-30 10:50:39+00:00,164.95,21322,10745,4531,VCT,13.02,131974,DetonatioN FocusMe,2,134426,VARREL,1,131974,DetonatioN FocusMe,0.2,42,5.0,0.4,10,6.0,1.0,1
1561482,FS vs ZETA,finished,best_of,3,False,2026-07-30 11:21:00+00:00,2026-07-30 14:36:40+00:00,195.66666666666666,21321,10745,4531,VCT,12.05,128912,FULL SENSE,1,129326,ZETA DIVISION,2,129326,ZETA DIVISION,0.2,18,7.0,0.4,38,6.0,1.0,0
1579639,NAVI vs PCFIC,finished,best_of,3,False,2026-07-30 15:06:38+00:00,2026-07-30 17:07:05+00:00,120.45,21404,10775,4531,VCT,13.02,129355,Natus Vincere,2,134104,Pcific Esports,0,129355,Natus Vincere,0.4,50,3.0,0.0,11,5.0,,1
1579672,EF vs FNC,finished,best_of,3,False,2026-07-30 17:33:25+00:00,2026-07-30 19:28:57+00:00,115.53333333333333,21405,10775,4531,VCT,13.01,128537,Fnatic,0,129662,Eternal Fire,2,129662,Eternal Fire,0.4,80,5.0,0.2,19,5.0,1.0,0
1561520,KRÜ vs G2,finished,best_of,3,False,2026-07-30 21:07:42+00:00,2026-07-30 23:05:26+00:00,117.73333333333333,21324,10746,4531,VCT,13.01,128538,G2 Esports,2,128944,KRÜ Esports,0,128538,G2 Esports,0.4,97,5.0,0.2,51,5.0,1.0,1
1561521,100T vs SEN,finished,best_of,3,False,2026-07-30 23:28:04+00:00,2026-07-31 02:41:35+00:00,193.51666666666668,21324,10746,4531,VCT,12.05,128472,Sentinels,1,128605,100 Thieves,2,128605,100 Thieves,0.6,73,5.0,0.8,61,6.0,0.7142857142857143,0
1561483,TS vs PR,finished,best_of,3,False,2026-07-31 08:05:03+00:00,2026-07-31 09:47:23+00:00,102.33333333333333,21322,10745,4531,VCT,13.00,128917,Paper Rex,2,129537,Team Secret,0,128917,Paper Rex,0.6,97,5.0,0.4,40,5.0,0.5,1
1561484,GE vs Gen.G,finished,best_of,3,False,2026-07-31 10:15:59+00:00,2026-07-31 13:12:24+00:00,176.41666666666666,21321,10745,4531,VCT,13.00,128473,Gen.G Esports,2,129660,Global Esports,1,128473,Gen.G Esports,0.6,76,5.0,0.6,47,6.0,0.6,1
1579640,BBL vs M8,finished,best_of,3,False,2026-07-31 15:05:30+00:00,2026-07-31 19:02:32+00:00,237.03333333333333,21404,10775,4531,VCT,12.05,128577,BBL Esports,2,133115,Gentle Mates,1,128577,BBL Esports,0.4,50,5.0,0.4,46,1.0,0.75,1
1579673,GX vs TH,finished,best_of,3,False,2026-07-31 19:27:25+00:00,2026-07-31 21:15:44+00:00,108.31666666666666,21405,10775,4531,VCT,12.05,128622,Team Heretics,2,134423,GIANTX,0,128622,Team Heretics,0.2,89,5.0,0.2,53,2.0,0.8,1
1561522,C9 vs LOUD,finished,best_of,3,False,2026-07-31 21:07:08+00:00,2026-07-31 23:57:20+00:00,170.2,21324,10746,4531,VCT,13.02,128819,Cloud9,1,130338,LOUD,2,130338,LOUD,0.2,48,6.0,0.6,45,5.0,0.6666666666666666,0
1561523,EG vs MIBR,finished,best_of,3,False,2026-08-01 00:18:12+00:00,2026-08-01 02:08:07+00:00,109.91666666666667,21323,10746,4531,VCT,12.05,129181,Evil Geniuses,0,130190,MIBR,2,130190,MIBR,0.2,41,8.0,0.4,58,5.0,0.0,0
1561485,T1 vs DFM,finished,best_of,3,False,2026-08-01 08:04:43+00:00,2026-08-01 10:56:02+00:00,171.31666666666666,21322,10745,4531,VCT,13.00,128647,T1,1,131974,DetonatioN FocusMe,2,131974,DetonatioN FocusMe,0.6,71,6.0,0.2,43,2.0,0.75,0
1561486,FS vs RRQ,finished,best_of,3,False,2026-08-01 11:26:19+00:00,2026-08-01 14:11:30+00:00,165.18333333333334,21321,10745,4531,VCT,13.00,128912,FULL SENSE,1,130638,Rex Regum Qeon,2,130638,Rex Regum Qeon,0.2,19,1.0,0.2,58,6.0,0.0,0
1579641,FUT vs VIT,finished,best_of,3,False,2026-08-01 15:06:38+00:00,2026-08-01 17:43:11+00:00,156.55,21404,10775,4531,VCT,13.02,128578,FUT Esports,1,128796,Team Vitality,2,128796,Team Vitality,0.6,68,7.0,0.6,71,2.0,0.14285714285714285,0
1579674,KC vs TL,finished,best_of,3,False,2026-08-01 18:09:49+00:00,2026-08-01 21:06:16+00:00,176.45,21405,10775,4531,VCT,13.02,128541,Team Liquid,1,130922,Karmine Corp,2,130922,Karmine Corp,0.6,70,3.0,0.6,53,6.0,0.8,0
1561524,NV vs FUR,finished,best_of,3,False,2026-08-01 21:07:02+00:00,2026-08-02 00:33:12+00:00,206.16666666666666,21323,10746,4531,VCT,13.02,128470,Team Envy,2,128477,FURIA Esports,1,128470,Team Envy,0.2,13,6.0,0.0,41,5.0,,1
1561525,LEV vs NRG,finished,best_of,3,False,2026-08-02 00:59:41+00:00,2026-08-02 04:08:31+00:00,188.83333333333334,21323,10746,4531,VCT,13.00,128471,NRG,2,128990,Leviatán Esports,1,128471,NRG,0.6,65,8.0,1.0,71,6.0,0.6,1
1561487,VARREL vs KRX,finished,best_of,3,False,2026-08-02 08:05:06+00:00,2026-08-02 10:39:31+00:00,154.41666666666666,21322,10745,4531,VCT,13.00,130137,Kiwoom DRX,1,134426,VARREL,2,134426,VARREL,0.4,72,7.0,0.4,11,2.0,1.0,0
1561488,ZETA vs NS,finished,best_of,3,False,2026-08-02 11:08:03+00:00,2026-08-02 13:53:10+00:00,165.11666666666667,21321,10745,4531,VCT,12.05,129326,ZETA DIVISION,1,132692,Nongshim RedForce,2,132692,Nongshim RedForce,0.6,39,2.0,0.2,36,8.0,0.0,0
1579642,BBL vs PCFIC,finished,best_of,3,False,2026-08-02 15:07:16+00:00,2026-08-02 17:59:19+00:00,172.05,21404,10775,4531,VCT,12.05,128577,BBL Esports,2,134104,Pcific Esports,1,128577,BBL Esports,0.6,51,1.0,0.0,12,3.0,1.0,1
1579676,FNC vs TH,finished,best_of,3,False,2026-08-02 18:25:16+00:00,2026-08-02 20:14:17+00:00,109.01666666666667,21405,10775,4531,VCT,13.00,128537,Fnatic,0,128622,Team Heretics,2,128622,Team Heretics,0.4,81,3.0,0.4,90,1.0,0.375,0
1561526,C9 vs KRÜ,finished,best_of,3,False,2026-08-02 21:06:37+00:00,2026-08-02 22:40:53+00:00,94.26666666666667,21324,10746,4531,VCT,13.00,128819,Cloud9,2,128944,KRÜ Esports,0,128819,Cloud9,0.0,49,1.0,0.0,52,2.0,0.0,1
1561527,G2 vs SEN,finished,best_of,3,False,2026-08-02 23:06:25+00:00,2026-08-03 02:31:53+00:00,205.46666666666667,21324,10746,4531,VCT,12.05,128472,Sentinels,1,128538,G2 Esports,2,128538,G2 Esports,0.4,74,2.0,0.4,98,3.0,0.25,0
1607774,Upper bracket round 1 match 1: TE vs AT,finished,best_of,3,False,2026-08-05 08:13:30+00:00,2026-08-05 09:55:22+00:00,101.86666666666666,21564,10747,4531,VCT,,133380,Trace Esports,2,139027,A Team,0,133380,Trace Esports,0.2,65,11.0,,0,,,1
1607775,Upper bracket round 1 match 2: TEC vs KBG,finished,best_of,3,False,2026-08-05 10:30:58+00:00,2026-08-05 13:27:34+00:00,176.6,21564,10747,4531,VCT,,133825,TEC Esports,2,133828,KeepBest Gaming,1,133825,TEC Esports,0.2,48,12.0,,0,,,1
1607777,Upper bracket quarterfinal 2: FPX vs JDG,finished,best_of,3,False,2026-08-06 08:07:30+00:00,2026-08-06 10:34:12+00:00,146.7,21564,10747,4531,VCT,,128540,FunPlus Phoenix,1,134454,JD Gaming,2,134454,JD Gaming,0.4,56,10.0,0.2,48,11.0,0.5,0
1607779,Upper bracket quarterfinal 4: WOL vs DRG,finished,best_of,3,False,2026-08-06 11:07:56+00:00,2026-08-06 13:49:17+00:00,161.35,21564,10747,4531,VCT,,133279,Dragon Ranger Gaming,2,134335,Wolves Esports,1,133279,Dragon Ranger Gaming,0.4,67,12.0,0.2,52,11.0,0.25,1
1608111,Upper bracket round 1 match 1: GX vs SGE,finished,best_of,3,False,2026-08-06 15:03:46+00:00,2026-08-06 17:54:56+00:00,171.16666666666666,21569,10775,4531,VCT,13.00,134406,Eintracht Frankfurt,1,134423,GIANTX,2,134423,GIANTX,0.0,2,137.0,0.2,54,5.0,,0
1608112,Upper bracket round 1 match 2: NAVI vs JL,finished,best_of,3,False,2026-08-06 18:20:10+00:00,2026-08-06 21:06:28+00:00,166.3,21569,10775,4531,VCT,12.05,129355,Natus Vincere,1,132476,Joblife,2,132476,Joblife,0.4,51,7.0,0.6,12,72.0,,0
1561528,EG vs FUR,finished,best_of,3,False,2026-08-06 21:07:03+00:00,2026-08-06 22:51:37+00:00,104.56666666666666,21323,10746,4531,VCT,13.00,128477,FURIA Esports,0,129181,Evil Geniuses,2,129181,Evil Geniuses,0.0,42,4.0,0.2,42,5.0,0.25,0
1561529,NV vs NRG,finished,best_of,3,False,2026-08-06 23:13:45+00:00,2026-08-07 00:55:46+00:00,102.01666666666667,21323,10746,4531,VCT,13.02,128470,Team Envy,0,128471,NRG,2,128471,NRG,0.4,14,5.0,0.6,66,4.0,,0
1561489,TS vs DFM,finished,best_of,3,False,2026-08-07 08:07:44+00:00,2026-08-07 09:48:35+00:00,100.85,21322,10745,4531,VCT,12.05,129537,Team Secret,0,131974,DetonatioN FocusMe,2,131974,DetonatioN FocusMe,0.4,41,7.0,0.4,44,5.0,0.6666666666666666,0
1607776,Upper bracket quarterfinal 1: AG vs TE,finished,best_of,3,False,2026-08-07 08:06:25+00:00,2026-08-07 10:32:28+00:00,146.05,21564,10747,4531,VCT,,128974,All Gamers,2,133380,Trace Esports,1,128974,All Gamers,0.4,52,13.0,0.4,66,2.0,0.2,1
1561490,Gen.G vs FS,finished,best_of,3,False,2026-08-07 10:18:53+00:00,2026-08-07 12:58:30+00:00,159.61666666666667,21321,10745,4531,VCT,12.05,128473,Gen.G Esports,2,128912,FULL SENSE,1,128473,Gen.G Esports,0.8,77,6.0,0.2,20,5.0,,1
1607778,Upper bracket quarterfinal 3: EDG vs TEC,finished,best_of,3,False,2026-08-07 11:08:40+00:00,2026-08-07 13:45:45+00:00,157.08333333333334,21564,10747,4531,VCT,,128976,EDward Gaming,1,133825,TEC Esports,2,133825,TEC Esports,0.8,92,14.0,0.4,49,2.0,1.0,0
1608113,Upper bracket round 1 match 3: PCFIC vs FF,finished,best_of,3,False,2026-08-07 15:02:17+00:00,2026-08-07 16:37:38+00:00,95.35,21569,10775,4531,VCT,13.01,129194,Fire Flux Esports,2,134104,Pcific Esports,0,129194,Fire Flux Esports,,0,,0.0,13,4.0,,1
1608114,Upper bracket round 1 match 4: FNC vs EP,finished,best_of,3,False,2026-08-07 17:03:40+00:00,2026-08-07 19:58:28+00:00,174.8,21569,10775,4531,VCT,13.02,128537,Fnatic,1,130973,Enterprise Esports,2,130973,Enterprise Esports,0.4,82,4.0,0.6,20,79.0,,0
1561530,100T vs C9,finished,best_of,3,False,2026-08-07 21:00:44+00:00,2026-08-07 23:19:19+00:00,138.58333333333334,21324,10746,4531,VCT,13.02,128605,100 Thieves,0,128819,Cloud9,2,128819,Cloud9,0.8,62,7.0,0.2,50,5.0,0.6666666666666666,0
1561531,G2 vs LOUD,finished,best_of,3,False,2026-08-07 23:40:34+00:00,2026-08-08 01:27:06+00:00,106.53333333333333,21324,10746,4531,VCT,13.02,128538,G2 Esports,0,130338,LOUD,2,130338,LOUD,0.6,99,4.0,0.6,46,7.0,0.5,0
1561491,KRX vs T1,finished,best_of,3,False,2026-08-08 08:04:24+00:00,2026-08-08 09:44:05+00:00,99.68333333333334,21322,10745,4531,VCT,13.02,128647,T1,2,130137,Kiwoom DRX,0,128647,T1,0.4,72,6.0,0.2,73,5.0,0.3333333333333333,1
1607788,Lower bracket round 1 match 1: AT vs WOL,finished,best_of,3,False,2026-08-08 08:07:01+00:00,2026-08-08 11:14:33+00:00,187.53333333333333,21564,10747,4531,VCT,,134335,Wolves Esports,2,139027,A Team,1,134335,Wolves Esports,0.2,53,1.0,0.0,1,3.0,,1
1561492,GE vs ZETA,finished,best_of,3,False,2026-08-08 10:11:14+00:00,2026-08-08 12:00:26+00:00,109.2,21321,10745,4531,VCT,13.02,129326,ZETA DIVISION,0,129660,Global Esports,2,129660,Global Esports,0.6,40,5.0,0.4,48,7.0,0.75,0
1607789,Lower bracket round 1 match 2: KBG vs FPX,finished,best_of,3,False,2026-08-08 11:49:11+00:00,2026-08-08 13:36:14+00:00,107.05,21564,10747,4531,VCT,,128540,FunPlus Phoenix,2,133828,KeepBest Gaming,0,128540,FunPlus Phoenix,0.4,57,2.0,0.0,1,3.0,,1
1608128,Upper bracket quarterfinal 1: FUT vs GX,finished,best_of,3,False,2026-08-08 15:03:07+00:00,2026-08-08 16:38:17+00:00,95.16666666666667,21569,10775,4531,VCT,13.01,128578,FUT Esports,2,134423,GIANTX,0,128578,FUT Esports,0.6,69,6.0,0.4,55,1.0,1.0,1
1608136,Upper bracket quarterfinal 2: EF vs JL,finished,best_of,3,False,2026-08-08 17:06:50+00:00,2026-08-08 20:01:08+00:00,174.3,21569,10775,4531,VCT,12.05,129662,Eternal Fire,2,132476,Joblife,1,129662,Eternal Fire,0.4,20,9.0,0.6,13,1.0,1.0,1
1561532,KRÜ vs SEN,finished,best_of,3,False,2026-08-08 21:00:27+00:00,2026-08-08 23:52:36+00:00,172.15,21324,10746,4531,VCT,13.00,128472,Sentinels,1,128944,KRÜ Esports,2,128944,KRÜ Esports,0.4,75,5.0,0.0,53,6.0,0.3333333333333333,0
1561533,LEV vs MIBR,finished,best_of,3,False,2026-08-09 00:13:11+00:00,2026-08-09 02:10:23+00:00,117.2,21323,10746,4531,VCT,13.01,128990,Leviatán Esports,2,130190,MIBR,0,128990,Leviatán Esports,0.8,72,6.0,0.6,59,8.0,0.5,1
1561493,VARREL vs PR,finished,best_of,3,False,2026-08-09 08:04:52+00:00,2026-08-09 09:53:07+00:00,108.25,21322,10745,4531,VCT,12.05,128917,Paper Rex,0,134426,VARREL,2,134426,VARREL,0.6,98,9.0,0.6,12,6.0,,0
1607786,Lower bracket quarterfinal 1: EDG vs WOL,finished,best_of,3,False,2026-08-09 08:06:34+00:00,2026-08-09 10:52:15+00:00,165.68333333333334,21564,10747,4531,VCT,,128976,EDward Gaming,2,134335,Wolves Esports,1,128976,EDward Gaming,0.6,93,1.0,0.4,54,0.0,0.6666666666666666,1
1607787,Lower bracket quarterfinal 2: TE vs FPX,finished,best_of,3,False,2026-08-09 11:27:39+00:00,2026-08-09 13:03:57+00:00,96.3,21564,10747,4531,VCT,,128540,FunPlus Phoenix,0,133380,Trace Esports,2,133380,Trace Esports,0.4,58,0.0,0.4,67,2.0,0.6666666666666666,0
1561494,NS vs RRQ,finished,best_of,3,False,2026-08-09 10:22:33+00:00,2026-08-09 13:07:33+00:00,165.0,21321,10745,4531,VCT,12.05,130638,Rex Regum Qeon,2,132692,Nongshim RedForce,1,130638,Rex Regum Qeon,0.2,59,7.0,0.4,37,6.0,0.25,1
1608137,Upper bracket quarterfinal 3: TH vs FF,finished,best_of,3,False,2026-08-09 15:00:26+00:00,2026-08-09 17:40:22+00:00,159.93333333333334,21569,10775,4531,VCT,13.01,128622,Team Heretics,1,129194,Fire Flux Esports,2,129194,Fire Flux Esports,0.6,91,6.0,1.0,1,2.0,,0
1608138,Upper bracket quarterfinal 4: M8 vs EP,finished,best_of,3,False,2026-08-09 18:05:16+00:00,2026-08-09 19:49:09+00:00,103.88333333333334,21569,10775,4531,VCT,13.02,130973,Enterprise Esports,2,133115,Gentle Mates,0,130973,Enterprise Esports,0.6,21,1.0,0.4,47,9.0,,1
1561534,EG vs NRG,finished,best_of,3,False,2026-08-09 20:56:44+00:00,2026-08-09 22:37:10+00:00,100.43333333333334,21323,10746,4531,VCT,13.02,128471,NRG,2,129181,Evil Geniuses,0,128471,NRG,0.8,67,2.0,0.4,43,2.0,0.5,1
1561535,LOUD vs 100T,finished,best_of,3,False,2026-08-09 22:55:37+00:00,2026-08-10 00:36:28+00:00,100.85,21324,10746,4531,VCT,13.01,128605,100 Thieves,2,130338,LOUD,0,128605,100 Thieves,0.6,63,2.0,0.6,47,1.0,0.8333333333333334,1
1607780,Upper bracket semifinal 1: AG vs JDG,finished,best_of,3,False,2026-08-10 08:07:32+00:00,2026-08-10 10:15:31+00:00,127.98333333333333,21564,10747,4531,VCT,,128974,All Gamers,2,134454,JD Gaming,0,128974,All Gamers,0.6,53,2.0,0.4,49,3.0,0.25,1
1607781,Upper bracket semifinal 2: TEC vs DRG,finished,best_of,3,False,2026-08-10 10:51:11+00:00,2026-08-10 13:18:14+00:00,147.05,21564,10747,4531,VCT,,133279,Dragon Ranger Gaming,1,133825,TEC Esports,2,133825,TEC Esports,0.4,68,3.0,0.4,50,2.0,0.8,0
1607784,Lower bracket semifinal 1: JDG vs EDG,finished,best_of,3,False,2026-08-11 08:06:50+00:00,2026-08-11 09:44:55+00:00,98.08333333333333,21564,10747,4531,VCT,,128976,EDward Gaming,0,134454,JD Gaming,2,134454,JD Gaming,0.6,94,1.0,0.4,50,0.0,1.0,0
1607785,Lower bracket semifinal 2: DRG vs TE,finished,best_of,3,False,2026-08-11 10:19:06+00:00,2026-08-11 13:13:33+00:00,174.45,21564,10747,4531,VCT,,133279,Dragon Ranger Gaming,1,133380,Trace Esports,2,133380,Trace Esports,0.4,69,0.0,0.6,68,2.0,0.8,0
1607782,Upper bracket final: AG vs TEC,finished,best_of,3,False,2026-08-12 08:07:05+00:00,2026-08-12 11:19:06+00:00,192.01666666666668,21564,10747,4531,VCT,,128974,All Gamers,1,133825,TEC Esports,2,133825,TEC Esports,0.8,54,2.0,0.6,51,1.0,1.0,0
1607783,Lower bracket final: JDG vs TE,finished,best_of,3,False,2026-08-12 11:53:54+00:00,2026-08-12 13:32:27+00:00,98.55,21564,10747,4531,VCT,,133380,Trace Esports,2,134454,JD Gaming,0,133380,Trace Esports,0.8,69,1.0,0.6,51,1.0,0.6,1
1608161,Lower bracket round 1 match 1: M8 vs SGE,finished,best_of,3,False,2026-08-12 15:05:04+00:00,2026-08-12 16:59:31+00:00,114.45,21569,10775,4531,VCT,13.01,133115,Gentle Mates,0,134406,Eintracht Frankfurt,2,134406,Eintracht Frankfurt,0.2,48,2.0,0.0,3,5.0,,0
1608162,Lower bracket round 1 match 2: TH vs NAVI,finished,best_of,3,False,2026-08-12 17:26:24+00:00,2026-08-12 20:47:36+00:00,201.2,21569,10775,4531,VCT,13.02,128622,Team Heretics,2,129355,Natus Vincere,1,128622,Team Heretics,0.6,92,3.0,0.2,52,5.0,0.625,1
1619609,Upper bracket round 1 match 1: KRX vs OSG,finished,best_of,3,False,2026-08-13 08:07:56+00:00,2026-08-13 09:55:52+00:00,107.93333333333334,21621,10745,4531,VCT,13.02,130137,Kiwoom DRX,2,137113,ONSIDE GAMING,0,130137,Kiwoom DRX,0.2,74,5.0,,0,,,1
1619610,Upper bracket round 1 match 2: RRQ vs SPE,finished,best_of,3,False,2026-08-13 10:23:35+00:00,2026-08-13 12:44:57+00:00,141.36666666666667,21621,10745,4531,VCT,13.02,129076,Sharper Esport,2,130638,Rex Regum Qeon,1,129076,Sharper Esport,,0,,0.4,60,3.0,,1
1608163,Lower bracket round 1 match 3: JL vs PCFIC,finished,best_of,3,False,2026-08-13 15:05:44+00:00,2026-08-13 17:42:52+00:00,157.13333333333333,21569,10775,4531,VCT,12.05,132476,Joblife,2,134104,Pcific Esports,1,132476,Joblife,0.4,14,4.0,0.0,14,6.0,,1
1608164,Lower bracket round 1 match 4: GX vs FNC,finished,best_of,3,False,2026-08-13 18:09:05+00:00,2026-08-13 19:43:46+00:00,94.68333333333334,21569,10775,4531,VCT,13.00,128537,Fnatic,2,134423,GIANTX,0,128537,Fnatic,0.2,83,5.0,0.4,56,5.0,0.8,1
1616148,Upper bracket round 1 match 1: KRÜ vs BST,finished,best_of,3,False,2026-08-13 21:09:07+00:00,2026-08-13 23:25:11+00:00,136.06666666666666,21604,10746,4531,VCT,13.01,128944,KRÜ Esports,2,138619,BESTIA,1,128944,KRÜ Esports,0.2,54,4.0,,0,,,1
1616149,Upper bracket round 1 match 2: NV vs M80,finished,best_of,3,False,2026-08-13 23:51:32+00:00,2026-08-14 01:30:07+00:00,98.58333333333333,21604,10746,4531,VCT,13.02,128470,Team Envy,2,132233,M80,0,128470,Team Envy,0.2,15,7.0,,0,,,1
1607790,Upper bracket quarterfinal 1: NOVA vs JDG,finished,best_of,3,False,2026-08-14 08:09:15+00:00,2026-08-14 09:55:15+00:00,106.0,21565,10747,4531,VCT,,133287,Nova Esports,0,134454,JD Gaming,2,134454,JD Gaming,1.0,44,18.0,0.4,52,1.0,1.0,0
1619611,Upper bracket round 1 match 3: FS vs QTD,finished,best_of,3,False,2026-08-14 08:08:39+00:00,2026-08-14 10:15:53+00:00,127.23333333333333,21621,10745,4531,VCT,13.00,128912,FULL SENSE,2,136807,QT DIG∞,1,128912,FULL SENSE,0.2,21,6.0,,0,,,1
1607791,Upper bracket quarterfinal 2: TYLOO vs TEC,finished,best_of,3,False,2026-08-14 10:29:11+00:00,2026-08-14 12:09:39+00:00,100.46666666666667,21565,10747,4531,VCT,,133288,TYLOO,2,133825,TEC Esports,0,133288,TYLOO,0.6,49,19.0,0.8,52,2.0,0.7142857142857143,1
1619612,Upper bracket round 1 match 4: TS vs XE,finished,best_of,3,False,2026-08-14 10:44:05+00:00,2026-08-14 12:32:23+00:00,108.3,21621,10745,4531,VCT,13.00,129537,Team Secret,2,135281,Xipto Esports,0,129537,Team Secret,0.2,42,7.0,,0,,,1
1608165,Lower bracket quarterfinal 1: SGE vs TH,finished,best_of,3,False,2026-08-14 15:05:19+00:00,2026-08-14 17:06:26+00:00,121.11666666666666,21569,10775,4531,VCT,12.05,128622,Team Heretics,0,134406,Eintracht Frankfurt,2,134406,Eintracht Frankfurt,0.6,93,1.0,0.25,4,2.0,,0
1608166,Lower bracket quarterfinal 2: JL vs FNC,finished,best_of,3,False,2026-08-14 17:31:55+00:00,2026-08-14 19:25:23+00:00,113.46666666666667,21569,10775,4531,VCT,12.05,128537,Fnatic,0,132476,Joblife,2,132476,Joblife,0.2,84,0.0,0.4,15,1.0,,0
1616150,Upper bracket round 1 match 3: FUR vs 2GAME,finished,best_of,3,False,2026-08-14 21:06:45+00:00,2026-08-14 23:53:38+00:00,166.88333333333333,21604,10746,4531,VCT,12.05,128477,FURIA Esports,2,134470,2GAME Esports,1,128477,FURIA Esports,0.0,43,8.0,0.2,12,362.0,0.5,1
1616151,Upper bracket round 1 match 4: C9 vs W7M,finished,best_of,3,False,2026-08-15 00:18:36+00:00,2026-08-15 02:42:52+00:00,144.26666666666668,21604,10746,4531,VCT,13.02,128819,Cloud9,2,139091,Fluxo W7M,1,128819,Cloud9,0.4,51,7.0,,0,,,1
1619613,Upper bracket round 2 match 1: KRX vs ZETA,finished,best_of,3,False,2026-08-15 08:09:07+00:00,2026-08-15 10:59:00+00:00,169.88333333333333,21621,10745,4531,VCT,13.02,129326,ZETA DIVISION,1,130137,Kiwoom DRX,2,130137,Kiwoom DRX,0.4,41,6.0,0.2,75,2.0,0.0,0
1607792,Upper bracket quarterfinal 3: BLG vs TE,finished,best_of,3,False,2026-08-15 08:08:16+00:00,2026-08-15 11:09:47+00:00,181.51666666666668,21565,10747,4531,VCT,,133379,Bilibili Gaming,2,133380,Trace Esports,1,133379,Bilibili Gaming,0.8,65,19.0,0.8,70,2.0,0.2857142857142857,1
1607793,Upper bracket quarterfinal 4: XLG vs AG,finished,best_of,3,False,2026-08-15 11:46:37+00:00,2026-08-15 14:10:49+00:00,144.2,21565,10747,4531,VCT,,128974,All Gamers,1,135470,XLG Gaming,2,135470,XLG Gaming,0.6,55,3.0,0.8,56,20.0,0.14285714285714285,0
1619614,Upper bracket round 2 match 2: DFM vs SPE,finished,best_of,3,False,2026-08-15 11:25:35+00:00,2026-08-15 14:22:38+00:00,177.05,21621,10745,4531,VCT,13.00,129076,Sharper Esport,2,131974,DetonatioN FocusMe,1,129076,Sharper Esport,1.0,1,2.0,0.6,45,8.0,,1
1608149,Upper bracket semifinal 2: FF vs EP,finished,best_of,3,False,2026-08-15 15:06:45+00:00,2026-08-15 17:06:55+00:00,120.16666666666667,21569,10775,4531,VCT,13.00,129194,Fire Flux Esports,0,130973,Enterprise Esports,2,130973,Enterprise Esports,1.0,2,5.0,0.6,22,5.0,,0
1608139,Upper bracket semifinal 1: FUT vs EF,finished,best_of,3,False,2026-08-15 17:32:27+00:00,2026-08-15 19:29:20+00:00,116.88333333333334,21569,10775,4531,VCT,13.02,128578,FUT Esports,2,129662,Eternal Fire,0,128578,FUT Esports,0.8,70,7.0,0.4,21,6.0,1.0,1
1616152,Upper bracket round 2 match 1: KRÜ vs MIBR,finished,best_of,3,False,2026-08-15 21:05:49+00:00,2026-08-15 22:45:30+00:00,99.68333333333334,21604,10746,4531,VCT,13.02,128944,KRÜ Esports,0,130190,MIBR,2,130190,MIBR,0.4,55,1.0,0.6,60,6.0,0.5,0
1616153,Upper bracket round 2 match 2: NV vs SEN,finished,best_of,3,False,2026-08-15 23:10:22+00:00,2026-08-16 00:56:00+00:00,105.63333333333334,21604,10746,4531,VCT,13.02,128470,Team Envy,2,128472,Sentinels,0,128470,Team Envy,0.4,16,1.0,0.4,76,7.0,,1
1619615,Upper bracket round 2 match 3: T1 vs FS,finished,best_of,3,False,2026-08-16 08:04:52+00:00,2026-08-16 09:24:13+00:00,79.35,21621,10745,4531,VCT,13.00,128647,T1,2,128912,FULL SENSE,0,128647,T1,0.6,73,7.0,0.2,22,1.0,0.5,1
1607802,Lower bracket round 1 match 1: NOVA vs TEC,finished,best_of,3,False,2026-08-16 08:04:48+00:00,2026-08-16 09:58:37+00:00,113.81666666666666,21565,10747,4531,VCT,,133287,Nova Esports,2,133825,TEC Esports,0,133287,Nova Esports,0.8,45,2.0,0.8,53,1.0,0.5,1
1619616,Upper bracket round 2 match 4: NS vs TS,finished,best_of,3,False,2026-08-16 09:51:33+00:00,2026-08-16 11:24:20+00:00,92.78333333333333,21621,10745,4531,VCT,13.00,129537,Team Secret,0,132692,Nongshim RedForce,2,132692,Nongshim RedForce,0.4,43,1.0,0.4,38,6.0,0.0,0
1607803,Lower bracket round 1 match 2: TE vs AG,finished,best_of,3,False,2026-08-16 10:34:19+00:00,2026-08-16 13:58:12+00:00,203.88333333333333,21565,10747,4531,VCT,,128974,All Gamers,2,133380,Trace Esports,1,128974,All Gamers,0.4,56,0.0,0.6,71,1.0,0.3333333333333333,1
1608167,Lower bracket semifinal 1: EF vs SGE,finished,best_of,3,False,2026-08-16 13:06:50+00:00,2026-08-16 14:51:05+00:00,104.25,21569,10775,4531,VCT,12.05,129662,Eternal Fire,0,134406,Eintracht Frankfurt,2,134406,Eintracht Frankfurt,0.4,22,0.0,0.4,5,1.0,,0
1608168,Lower bracket semifinal 2: FF vs JL,finished,best_of,3,False,2026-08-16 15:16:50+00:00,2026-08-16 16:55:30+00:00,98.66666666666667,21569,10775,4531,VCT,13.01,129194,Fire Flux Esports,2,132476,Joblife,0,129194,Fire Flux Esports,0.6666666666666666,3,0.0,0.6,16,1.0,,1
1616154,Upper bracket round 2 match 3: FUR vs G2,finished,best_of,3,False,2026-08-16 21:06:46+00:00,2026-08-17 00:16:14+00:00,189.46666666666667,21604,10746,4531,VCT,12.05,128477,FURIA Esports,2,128538,G2 Esports,1,128477,FURIA Esports,0.2,44,2.0,0.6,100,8.0,0.25,1
1616155,Upper bracket round 2 match 4: C9 vs EG,finished,best_of,3,False,2026-08-17 00:44:48+00:00,2026-08-17 03:22:04+00:00,157.26666666666668,21604,10746,4531,VCT,13.02,128819,Cloud9,1,129181,Evil Geniuses,2,129181,Evil Geniuses,0.6,52,2.0,0.4,44,7.0,0.6666666666666666,0
1619619,Lower bracket round 1 match 1: OSG vs TS,finished,best_of,3,False,2026-08-19 08:04:20+00:00,2026-08-19 09:55:15+00:00,110.91666666666667,21621,10745,4531,VCT,13.00,129537,Team Secret,0,137113,ONSIDE GAMING,2,137113,ONSIDE GAMING,0.2,44,2.0,0.0,1,5.0,,0
1607794,Upper bracket semifinal 1: JDG vs TYLOO,finished,best_of,3,False,2026-08-19 08:14:05+00:00,2026-08-19 11:10:44+00:00,176.65,21565,10747,4531,VCT,,133288,TYLOO,1,134454,JD Gaming,2,134454,JD Gaming,0.6,50,4.0,0.6,53,5.0,0.4,0
1619620,Lower bracket round 1 match 2: RRQ vs FS,finished,best_of,3,False,2026-08-19 10:22:55+00:00,2026-08-19 12:51:23+00:00,148.46666666666667,21621,10745,4531,VCT,13.00,128912,FULL SENSE,2,130638,Rex Regum Qeon,1,128912,FULL SENSE,0.2,23,3.0,0.4,61,6.0,0.0,1
1607795,Upper bracket semifinal 2: BLG vs XLG,finished,best_of,3,False,2026-08-19 11:51:30+00:00,2026-08-19 14:34:51+00:00,163.35,21565,10747,4531,VCT,,133379,Bilibili Gaming,2,135470,XLG Gaming,1,133379,Bilibili Gaming,0.8,66,4.0,0.8,57,4.0,0.6,1
1616158,Lower bracket round 1 match 1: C9 vs BST,finished,best_of,3,False,2026-08-19 21:06:28+00:00,2026-08-19 22:58:24+00:00,111.93333333333334,21604,10746,4531,VCT,13.01,128819,Cloud9,0,138619,BESTIA,2,138619,BESTIA,0.6,53,2.0,0.0,1,5.0,,0
1616159,Lower bracket round 1 match 2: G2 vs M80,finished,best_of,3,False,2026-08-19 23:24:12+00:00,2026-08-20 01:20:03+00:00,115.85,21604,10746,4531,VCT,12.05,128538,G2 Esports,2,132233,M80,0,128538,G2 Esports,0.6,101,3.0,0.0,1,5.0,,1
1607801,Lower bracket quarterfinal 2: TYLOO vs AG,finished,best_of,3,False,2026-08-20 08:08:43+00:00,2026-08-20 10:10:24+00:00,121.68333333333334,21565,10747,4531,VCT,,128974,All Gamers,0,133288,TYLOO,2,133288,TYLOO,0.6,57,3.0,0.4,51,0.0,0.5,0
1619621,Lower bracket round 1 match 3: DFM vs QTD,finished,best_of,3,False,2026-08-20 08:04:33+00:00,2026-08-20 10:47:50+00:00,163.28333333333333,21621,10745,4531,VCT,13.01,131974,DetonatioN FocusMe,2,136807,QT DIG∞,1,131974,DetonatioN FocusMe,0.6,46,4.0,0.0,1,6.0,,1
1607800,Lower bracket quarterfinal 1: XLG vs NOVA,finished,best_of,3,False,2026-08-20 10:50:53+00:00,2026-08-20 13:08:22+00:00,137.48333333333332,21565,10747,4531,VCT,,133287,Nova Esports,2,135470,XLG Gaming,1,133287,Nova Esports,0.8,46,4.0,0.6,58,0.0,0.0,1
1619622,Lower bracket round 1 match 4: ZETA vs XE,finished,best_of,3,False,2026-08-20 11:16:13+00:00,2026-08-20 14:06:50+00:00,170.61666666666667,21621,10745,4531,VCT,12.05,129326,ZETA DIVISION,2,135281,Xipto Esports,1,129326,ZETA DIVISION,0.4,42,5.0,0.0,1,6.0,,1
1608210,Upper bracket quarterfinal 2: VIT vs EP,finished,best_of,3,False,2026-08-20 15:07:39+00:00,2026-08-20 17:40:28+00:00,152.81666666666666,21570,10775,4531,VCT,13.00,128796,Team Vitality,1,130973,Enterprise Esports,2,130973,Enterprise Esports,0.8,72,18.0,0.6,23,5.0,,0
1608209,Upper bracket quarterfinal 1: TL vs FUT,finished,best_of,3,False,2026-08-20 18:08:19+00:00,2026-08-20 19:59:20+00:00,111.01666666666667,21570,10775,4531,VCT,13.02,128541,Team Liquid,0,128578,FUT Esports,2,128578,FUT Esports,0.6,71,18.0,0.8,71,5.0,0.4,0
1616160,Lower bracket round 1 match 3: SEN vs 2GAME,finished,best_of,3,False,2026-08-20 21:07:04+00:00,2026-08-20 22:57:16+00:00,110.2,21604,10746,4531,VCT,13.01,128472,Sentinels,2,134470,2GAME Esports,0,128472,Sentinels,0.2,77,4.0,0.2,13,5.0,1.0,1
1616161,Lower bracket round 1 match 4: KRÜ vs W7M,finished,best_of,3,False,2026-08-20 23:24:56+00:00,2026-08-21 01:16:26+00:00,111.5,21604,10746,4531,VCT,12.05,128944,KRÜ Esports,2,139091,Fluxo W7M,0,128944,KRÜ Esports,0.4,56,5.0,0.0,1,5.0,,1
1607796,Upper bracket final : JDG vs BLG,finished,best_of,3,False,2026-08-21 08:08:12+00:00,2026-08-21 09:48:55+00:00,100.71666666666667,21565,10747,4531,VCT,,133379,Bilibili Gaming,0,134454,JD Gaming,2,134454,JD Gaming,0.8,67,1.0,0.6,54,1.0,1.0,0
1619617,Upper bracket round 3 match 1: KRX vs SPE,finished,best_of,3,False,2026-08-21 08:04:50+00:00,2026-08-21 10:56:19+00:00,171.48333333333332,21621,10745,4531,VCT,12.05,129076,Sharper Esport,1,130137,Kiwoom DRX,2,130137,Kiwoom DRX,1.0,2,5.0,0.4,76,5.0,,0
1607799,Lower bracket semifinal: TYLOO vs NOVA,finished,best_of,3,False,2026-08-21 10:28:17+00:00,2026-08-21 12:22:05+00:00,113.8,21565,10747,4531,VCT,,133287,Nova Esports,0,133288,TYLOO,2,133288,TYLOO,0.8,47,0.0,0.4,52,1.0,0.6,0
1619618,Upper bracket round 3 match 2: T1 vs NS,finished,best_of,3,False,2026-08-21 11:24:16+00:00,2026-08-21 12:58:09+00:00,93.88333333333334,21621,10745,4531,VCT,12.05,128647,T1,0,132692,Nongshim RedForce,2,132692,Nongshim RedForce,0.6,74,5.0,0.6,39,5.0,0.6666666666666666,0
1608212,Upper bracket semifinal 2: EP vs KC,finished,best_of,3,False,2026-08-21 15:07:20+00:00,2026-08-21 17:52:53+00:00,165.55,21570,10775,4531,VCT,12.05,130922,Karmine Corp,2,130973,Enterprise Esports,1,130922,Karmine Corp,0.8,54,19.0,0.8,24,1.0,0.0,1
1608211,Upper bracket semifinal 1: BBL vs FUT,finished,best_of,3,False,2026-08-21 18:20:46+00:00,2026-08-21 20:48:20+00:00,147.56666666666666,21570,10775,4531,VCT,13.00,128577,BBL Esports,1,128578,FUT Esports,2,128578,FUT Esports,0.8,52,19.0,0.8,72,1.0,0.6,0
1616156,Upper bracket round 3 match 1: MIBR vs NV,finished,best_of,3,False,2026-08-21 21:06:11+00:00,2026-08-21 23:32:57+00:00,146.76666666666668,21604,10746,4531,VCT,12.05,128470,Team Envy,1,130190,MIBR,2,130190,MIBR,0.6,17,5.0,0.8,61,6.0,0.3333333333333333,0
1616157,Upper bracket round 3 match 2: FUR vs EG,finished,best_of,3,False,2026-08-22 00:00:27+00:00,2026-08-22 02:36:49+00:00,156.36666666666667,21604,10746,4531,VCT,12.05,128477,FURIA Esports,2,129181,Evil Geniuses,1,128477,FURIA Esports,0.4,45,5.0,0.4,45,4.0,0.2,1
1619623,Lower bracket round 2 match 1: OSG vs FS,finished,best_of,3,False,2026-08-22 08:04:57+00:00,2026-08-22 09:45:36+00:00,100.65,21621,10745,4531,VCT,13.00,128912,FULL SENSE,0,137113,ONSIDE GAMING,2,137113,ONSIDE GAMING,0.4,24,2.0,0.5,2,2.0,,0
1607798,Lower bracket final: BLG vs TYLOO,finished,best_of,5,False,2026-08-22 08:09:08+00:00,2026-08-22 11:32:11+00:00,203.05,21565,10747,4531,VCT,,133288,TYLOO,3,133379,Bilibili Gaming,0,133288,TYLOO,0.6,53,0.0,0.6,68,1.0,0.25,1
1619624,Lower bracket round 2 match 2: DFM vs ZETA,finished,best_of,3,False,2026-08-22 10:13:01+00:00,2026-08-22 11:32:21+00:00,79.33333333333333,21621,10745,4531,VCT,13.00,129326,ZETA DIVISION,0,131974,DetonatioN FocusMe,2,131974,DetonatioN FocusMe,0.4,43,1.0,0.8,47,2.0,0.0,0
1608253,Lower bracket round 1 match 1: TL vs SGE,finished,best_of,3,False,2026-08-22 14:06:33+00:00,2026-08-22 16:08:51+00:00,122.3,21570,10775,4531,VCT,12.05,128541,Team Liquid,2,134406,Eintracht Frankfurt,1,128541,Team Liquid,0.6,72,1.0,0.6,6,6.0,,1
1608254,Lower bracket round 1 match 2: VIT vs FF,finished,best_of,3,False,2026-08-22 16:36:28+00:00,2026-08-22 19:28:20+00:00,171.86666666666667,21570,10775,4531,VCT,12.05,128796,Team Vitality,1,129194,Fire Flux Esports,2,129194,Fire Flux Esports,0.6,73,2.0,0.75,4,6.0,,0
1616162,Lower bracket round 2 match 1: BST vs G2,finished,best_of,3,False,2026-08-22 21:06:45+00:00,2026-08-22 22:44:30+00:00,97.75,21604,10746,4531,VCT,12.05,128538,G2 Esports,2,138619,BESTIA,0,128538,G2 Esports,0.6,102,2.0,0.5,2,2.0,,1
1616163,Lower bracket round 2 match 2: SEN vs KRÜ,finished,best_of,3,False,2026-08-22 23:09:56+00:00,2026-08-23 01:02:54+00:00,112.96666666666667,21604,10746,4531,VCT,12.05,128472,Sentinels,0,128944,KRÜ Esports,2,128944,KRÜ Esports,0.2,78,2.0,0.6,57,1.0,0.25,0
1619625,Lower bracket round 3 match 1: SPE vs OSG,finished,best_of,3,False,2026-08-23 08:04:36+00:00,2026-08-23 10:40:07+00:00,155.51666666666668,21621,10745,4531,VCT,13.00,129076,Sharper Esport,1,137113,ONSIDE GAMING,2,137113,ONSIDE GAMING,0.6666666666666666,3,1.0,0.6666666666666666,3,1.0,,0
1607797,Grand final: JDG vs TYLOO,finished,best_of,5,False,2026-08-23 08:25:49+00:00,2026-08-23 11:52:54+00:00,207.08333333333334,21565,10747,4531,VCT,,133288,TYLOO,3,134454,JD Gaming,1,133288,TYLOO,0.8,54,1.0,0.8,55,2.0,0.3333333333333333,1
1619626,Lower bracket round 3 match 2: T1 vs DFM,finished,best_of,3,False,2026-08-23 11:07:12+00:00,2026-08-23 12:41:21+00:00,94.15,21621,10745,4531,VCT,13.00,128647,T1,2,131974,DetonatioN FocusMe,0,128647,T1,0.6,75,1.0,0.8,48,1.0,0.6,1
1608238,Lower bracket quarterfinal 1: EP vs TL,finished,best_of,3,False,2026-08-23 14:07:00+00:00,2026-08-23 15:51:17+00:00,104.28333333333333,21570,10775,4531,VCT,13.04,128541,Team Liquid,2,130973,Enterprise Esports,0,128541,Team Liquid,0.6,73,0.0,0.8,25,1.0,,1
1608239,Lower bracket quarterfinal 2: BBL vs FF,finished,best_of,3,False,2026-08-23 16:19:32+00:00,2026-08-23 18:16:43+00:00,117.18333333333334,21570,10775,4531,VCT,13.04,128577,BBL Esports,0,129194,Fire Flux Esports,2,129194,Fire Flux Esports,0.6,53,1.0,0.8,5,0.0,,0
1616164,Lower bracket round 3 match 1: NV vs G2,finished,best_of,3,False,2026-08-23 21:07:48+00:00,2026-08-23 23:55:23+00:00,167.58333333333334,21604,10746,4531,VCT,13.04,128470,Team Envy,1,128538,G2 Esports,2,128538,G2 Esports,0.6,18,2.0,0.6,103,1.0,0.0,0
1616165,Lower bracket round 3 match 2: EG vs KRÜ,finished,best_of,3,False,2026-08-24 00:22:29+00:00,2026-08-24 03:08:39+00:00,166.16666666666666,21604,10746,4531,VCT,13.00,128944,KRÜ Esports,1,129181,Evil Geniuses,2,129181,Evil Geniuses,0.8,58,1.0,0.4,46,2.0,0.5,0
1619627,Upper bracket quarterfinal 1: PR vs NS,finished,best_of,3,False,2026-08-26 08:10:11+00:00,2026-08-26 09:50:25+00:00,100.23333333333333,21622,10745,4531,VCT,12.05,128917,Paper Rex,0,132692,Nongshim RedForce,2,132692,Nongshim RedForce,0.6,99,16.0,0.8,40,4.0,0.5,0
1619628,Upper bracket quarterfinal 2: GE vs KRX,finished,best_of,3,False,2026-08-26 10:18:57+00:00,2026-08-26 13:08:24+00:00,169.45,21622,10745,4531,VCT,12.05,129660,Global Esports,2,130137,Kiwoom DRX,1,129660,Global Esports,0.6,49,18.0,0.6,77,5.0,0.0,1
1619629,Upper bracket semifinal 1: Gen.G vs NS,finished,best_of,3,False,2026-08-27 08:05:27+00:00,2026-08-27 10:48:22+00:00,162.91666666666666,21622,10745,4531,VCT,13.02,128473,Gen.G Esports,1,132692,Nongshim RedForce,2,132692,Nongshim RedForce,1.0,78,19.0,0.8,41,1.0,0.3333333333333333,0
1619630,Upper bracket semifinal 2: VARREL vs GE,finished,best_of,3,False,2026-08-27 11:19:34+00:00,2026-08-27 12:57:52+00:00,98.3,21622,10745,4531,VCT,13.02,129660,Global Esports,2,134426,VARREL,0,129660,Global Esports,0.6,50,0.0,0.8,13,18.0,1.0,1
1616166,Upper bracket round 1 match 1: LOUD vs FUR,finished,best_of,3,False,2026-08-27 21:11:50+00:00,2026-08-27 22:45:18+00:00,93.46666666666667,21605,10746,4531,VCT,13.01,128477,FURIA Esports,0,130338,LOUD,2,130338,LOUD,0.6,46,5.0,0.6,48,17.0,1.0,0
1616167,Upper bracket round 1 match 2: LEV vs MIBR,finished,best_of,3,False,2026-08-27 23:11:23+00:00,2026-08-28 00:43:07+00:00,91.73333333333333,21605,10746,4531,VCT,13.04,128990,Leviatán Esports,2,130190,MIBR,0,128990,Leviatán Esports,0.8,73,18.0,0.8,62,6.0,0.5714285714285714,1
1619631,Lower bracket round 1 match 1: PR vs OSG,finished,best_of,3,False,2026-08-28 08:05:47+00:00,2026-08-28 09:40:40+00:00,94.88333333333334,21622,10745,4531,VCT,13.04,128917,Paper Rex,2,137113,ONSIDE GAMING,0,128917,Paper Rex,0.6,100,1.0,0.75,4,4.0,,1
1619632,Lower bracket round 1 match 2: KRX vs T1,finished,best_of,3,False,2026-08-28 10:09:05+00:00,2026-08-28 11:54:04+00:00,104.98333333333333,21622,10745,4531,VCT,13.04,128647,T1,2,130137,Kiwoom DRX,0,128647,T1,0.6,76,4.0,0.6,78,1.0,0.42857142857142855,1
1608213,Upper bracket final : FUT vs KC,finished,best_of,3,False,2026-08-28 14:09:25+00:00,2026-08-28 16:10:54+00:00,121.48333333333333,21570,10775,4531,VCT,13.00,128578,FUT Esports,0,130922,Karmine Corp,2,130922,Karmine Corp,0.8,73,6.0,0.8,55,6.0,0.7142857142857143,0
1608230,Lower bracket semifinal: TL vs FF,finished,best_of,3,False,2026-08-28 16:40:29+00:00,2026-08-28 18:30:20+00:00,109.85,21570,10775,4531,VCT,12.05,128541,Team Liquid,2,129194,Fire Flux Esports,0,128541,Team Liquid,0.6,74,5.0,0.8,6,5.0,,1
1616168,Upper bracket semifinal 1: NRG vs LOUD,finished,best_of,3,False,2026-08-28 21:21:14+00:00,2026-08-28 23:59:04+00:00,157.83333333333334,21605,10746,4531,VCT,12.05,128471,NRG,2,130338,LOUD,1,128471,NRG,1.0,68,19.0,0.6,49,1.0,1.0,1
1616169,Upper bracket semifinal 2: 100T vs LEV,finished,best_of,3,False,2026-08-29 00:23:00+00:00,2026-08-29 01:50:54+00:00,87.9,21605,10746,4531,VCT,13.04,128605,100 Thieves,2,128990,Leviatán Esports,0,128605,100 Thieves,0.8,64,19.0,0.8,74,1.0,0.4,1
1619633,Lower bracket quarterfinal 1: VARREL vs PR,finished,best_of,3,False,2026-08-29 08:05:28+00:00,2026-08-29 10:57:22+00:00,171.9,21622,10745,4531,VCT,13.01,128917,Paper Rex,1,134426,VARREL,2,134426,VARREL,0.6,101,1.0,0.6,14,1.0,0.0,0
1619634,Lower bracket quarterfinal 2: Gen.G vs T1,finished,best_of,3,False,2026-08-29 11:25:03+00:00,2026-08-29 13:32:38+00:00,127.58333333333333,21622,10745,4531,VCT,13.00,128473,Gen.G Esports,0,128647,T1,2,128647,T1,0.8,79,2.0,0.8,77,1.0,0.4,0
1608229,Lower bracket final: FUT vs TL,finished,best_of,5,False,2026-08-29 15:24:11+00:00,2026-08-29 17:52:33+00:00,148.36666666666667,21570,10775,4531,VCT,13.00,128541,Team Liquid,3,128578,FUT Esports,0,128541,Team Liquid,0.6,75,0.0,0.8,74,1.0,0.3333333333333333,1
1616176,Lower bracket round 1 match 1: FUR vs G2,finished,best_of,3,False,2026-08-29 21:09:06+00:00,2026-08-29 23:42:01+00:00,152.91666666666666,21605,10746,4531,VCT,13.04,128477,FURIA Esports,1,128538,G2 Esports,2,128538,G2 Esports,0.6,47,2.0,0.6,104,5.0,0.4,0
1616177,Lower bracket round 1 match 2: MIBR vs EG,finished,best_of,3,False,2026-08-30 00:07:46+00:00,2026-08-30 03:22:22+00:00,194.6,21605,10746,4531,VCT,12.05,129181,Evil Geniuses,1,130190,MIBR,2,130190,MIBR,0.6,47,6.0,0.6,63,2.0,0.0,0
1608215,Grand final: KC vs TL,finished,best_of,5,False,2026-08-30 15:19:26+00:00,2026-08-30 19:02:12+00:00,222.76666666666668,21570,10775,4531,VCT,13.00,128541,Team Liquid,1,130922,Karmine Corp,3,130922,Karmine Corp,0.8,76,1.0,0.8,56,2.0,0.6666666666666666,0
1616174,Lower bracket quarterfinal 1: LEV vs G2,finished,best_of,3,False,2026-08-30 21:09:56+00:00,2026-08-30 23:51:57+00:00,162.01666666666668,21605,10746,4531,VCT,13.00,128538,G2 Esports,2,128990,Leviatán Esports,1,128538,G2 Esports,0.8,105,1.0,0.6,75,1.0,0.5,1
1616175,Lower bracket quarterfinal 2: LOUD vs MIBR,finished,best_of,3,False,2026-08-31 00:16:52+00:00,2026-08-31 02:07:21+00:00,110.48333333333333,21605,10746,4531,VCT,12.05,130190,MIBR,0,130338,LOUD,2,130338,LOUD,0.6,64,0.0,0.6,50,2.0,0.6666666666666666,0
1640230,Upper bracket final: NS vs GE,finished,best_of,3,False,2026-09-04 08:08:21+00:00,2026-09-04 10:34:36+00:00,146.25,21622,10745,4531,VCT,13.05,129660,Global Esports,1,132692,Nongshim RedForce,2,132692,Nongshim RedForce,0.6,51,7.0,0.8,42,7.0,0.3333333333333333,0
1640232,Lower bracket semifinal: VARREL vs T1,finished,best_of,3,False,2026-09-04 11:04:24+00:00,2026-09-04 12:50:14+00:00,105.83333333333333,21622,10745,4531,VCT,13.05,128647,T1,2,134426,VARREL,0,128647,T1,0.8,78,5.0,0.6,15,6.0,0.5,1
1616170,Upper bracket final: NRG vs 100T,finished,best_of,3,False,2026-09-04 17:10:15+00:00,2026-09-04 18:42:26+00:00,92.18333333333334,21605,10746,4531,VCT,13.05,128471,NRG,0,128605,100 Thieves,2,128605,100 Thieves,1.0,69,6.0,0.8,65,6.0,0.625,0
1616173,Lower bracket semifinal: G2 vs LOUD,finished,best_of,3,False,2026-09-04 19:11:45+00:00,2026-09-04 20:58:45+00:00,107.0,21605,10746,4531,VCT,13.02,128538,G2 Esports,0,130338,LOUD,2,130338,LOUD,1.0,106,4.0,0.6,51,4.0,0.3333333333333333,0
1640233,Lower bracket final: GE vs T1,finished,best_of,5,False,2026-09-05 08:07:18+00:00,2026-09-05 11:42:35+00:00,215.28333333333333,21622,10745,4531,VCT,13.05,128647,T1,1,129660,Global Esports,3,129660,Global Esports,0.8,79,0.0,0.6,52,1.0,1.0,0
1616172,Lower bracket final: NRG vs LOUD,finished,best_of,5,False,2026-09-05 18:47:52+00:00,2026-09-05 23:08:19+00:00,260.45,21605,10746,4531,VCT,13.00,128471,NRG,2,130338,LOUD,3,130338,LOUD,0.8,70,1.0,0.6,52,1.0,1.0,0
1640231,Grand final: NS vs GE,finished,best_of,5,False,2026-09-06 08:11:52+00:00,2026-09-06 12:35:09+00:00,263.28333333333336,21622,10745,4531,VCT,13.00,129660,Global Esports,3,132692,Nongshim RedForce,2,129660,Global Esports,0.8,53,1.0,1.0,43,2.0,0.25,1
1616171,Grand final: 100T vs LOUD,finished,best_of,5,False,2026-09-06 17:16:49+00:00,2026-09-06 22:13:06+00:00,296.28333333333336,21605,10746,4531,VCT,13.05,128605,100 Thieves,3,130338,LOUD,2,128605,100 Thieves,0.8,66,2.0,0.8,53,0.0,0.8571428571428571,1
